[ 19 20226 ] - [ 89393 ]
[ 23 54604 ] - [ 89399 ]
[ 17 11247 ] - [ 89390 ]
[ 53 1705 4909 ] - [ 89439 ]
[ 33 6914 7763 ] - [ 89413 ]
[ 3 53590 ] - [ 89370 ]
[ 17 11247 ] - [ 89391 ]
[ 28 3746 31343 ] - [ 89370 ]
[ 38 40 4436 ] - [ 89421 89424 ]
[ 3 53590 ] - [ 89371 ]
[ 46 8286 ] - [ 89434 ]
[ 38 40 4436 ] - [ 89422 ]
[ 31 4256 4258 ] - [ 89411 ]
[ 60 5931 ] - [ 89448 ]
[ 46 8286 ] - [ 89435 ]
[ 60 5931 ] - [ 89449 ]
[ 64 1118 1143 ] - [ 89455 ]
[ 86 195 4750 ] - [ 89477 ]
[ 88 50997 ] - [ 89481 ]
[ 88 50997 ] - [ 89482 ]
[ 86 195 4750 ] - [ 89478 ]
[ 91 34599 ] - [ 89485 ]
[ 91 34599 ] - [ 89486 ]
[ 109 2186 12796 ] - [ 89512 ]
[ 121 37425 65997 ] - [ 89531 ]
[ 122 13034 ] - [ 89532 ]
[ 126 20528 ] - [ 89533 ]
[ 126 20528 ] - [ 89538 ]
[ 32 31301 ] - [ 89370 ]
[ 32 31301 ] - [ 89412 ]
[ 136 651 8685 ] - [ 89558 ]
[ 80 82 3017 ] - [ 89471 ]
[ 0 83855 ] - [ 89355 ]
[ 0 83855 ] - [ 89356 ]
[ 80 82 3017 ] - [ 89472 ]
[ 154 56217 56229 ] - [ 89583 ]
[ 162 37187 ] - [ 89595 ]
[ 172 63492 ] - [ 89610 ]
[ 165 42285 80921 ] - [ 89602 ]
[ 162 37187 ] - [ 89596 ]
[ 167 10536 ] - [ 89603 ]
[ 58 22558 ] - [ 89444 ]
[ 58 22558 ] - [ 89445 ]
[ 180 3747 44240 ] - [ 89620 ]
[ 180 3747 44240 ] - [ 89621 ]
[ 180 3747 44240 ] - [ 89622 ]
[ 188 16533 ] - [ 89635 ]
[ 183 39792 ] - [ 89627 ]
[ 198 2111 ] - [ 89646 ]
[ 199 308 87639 ] - [ 89647 ]
[ 199 308 87639 ] - [ 89648 ]
[ 210 23494 68070 ] - [ 89655 ]
[ 229 5117 7222 ] - [ 89679 ]
[ 229 5117 7222 ] - [ 89680 ]
[ 229 5117 7222 ] - [ 89681 ]
[ 238 73463 ] - [ 89605 ]
[ 238 73463 ] - [ 89699 ]
[ 249 46562 ] - [ 89716 ]
[ 249 46562 ] - [ 89717 ]
[ 256 815 49107 ] - [ 89685 89686 ]
[ 273 12211 ] - [ 89758 ]
[ 273 12211 ] - [ 89759 ]
[ 274 31888 ] - [ 89760 ]
[ 285 11640 ] - [ 89673 ]
[ 285 11640 ] - [ 89757 ]
[ 298 52260 ] - [ 89748 ]
[ 298 52260 ] - [ 89796 ]
[ 302 3115 ] - [ 89444 ]
[ 302 3115 ] - [ 89802 ]
[ 315 23895 ] - [ 89818 ]
[ 316 10807 25775 ] - [ 89819 89820 ]
[ 320 19119 19677 ] - [ 89825 ]
[ 321 8140 37120 ] - [ 89826 ]
[ 331 10777 43812 ] - [ 89841 ]
[ 332 21071 ] - [ 89842 ]
[ 333 49697 61937 ] - [ 89843 ]
[ 336 46919 80958 ] - [ 89847 ]
[ 362 43158 ] - [ 89883 ]
[ 360 42088 ] - [ 89372 ]
[ 362 43158 ] - [ 89884 ]
[ 360 42088 ] - [ 89880 ]
[ 370 33408 ] - [ 89893 ]
[ 372 7864 71296 ] - [ 89894 ]
[ 376 42868 ] - [ 89897 ]
[ 378 6151 19657 ] - [ 89899 ]
[ 382 39558 45059 ] - [ 89906 ]
[ 382 39558 45059 ] - [ 89907 ]
[ 387 5893 33492 ] - [ 89918 ]
[ 392 11226 ] - [ 89926 ]
[ 408 1589 6483 ] - [ 89946 ]
[ 415 48788 ] - [ 89886 ]
[ 415 48788 ] - [ 89953 ]
[ 421 5131 18845 ] - [ 89958 ]
[ 422 21284 ] - [ 89959 ]
[ 422 21284 ] - [ 89960 ]
[ 430 25393 46810 ] - [ 89975 ]
[ 430 25393 46810 ] - [ 89976 ]
[ 434 19413 ] - [ 89981 ]
[ 445 11443 ] - [ 89994 ]
[ 457 465 ] - [ 90006 ]
[ 460 2085 ] - [ 89376 ]
[ 461 25930 ] - [ 90008 ]
[ 461 25930 ] - [ 90009 ]
[ 471 597 17864 ] - [ 89586 ]
[ 480 40885 40910 ] - [ 90034 ]
[ 514 52501 ] - [ 90076 ]
[ 519 42798 ] - [ 89675 ]
[ 519 42798 ] - [ 89812 ]
[ 527 16055 ] - [ 89861 ]
[ 531 11425 ] - [ 90089 ]
[ 533 866 ] - [ 90091 ]
[ 533 866 ] - [ 90092 ]
[ 535 1547 1815 ] - [ 90094 ]
[ 535 1547 1815 ] - [ 90095 ]
[ 546 35473 ] - [ 90086 ]
[ 548 5304 ] - [ 90110 ]
[ 555 7812 ] - [ 90125 ]
[ 559 15638 ] - [ 89685 89686 ]
[ 559 15638 ] - [ 90130 ]
[ 565 23313 ] - [ 90136 ]
[ 566 12562 ] - [ 90137 ]
[ 566 12562 ] - [ 90138 ]
[ 568 2724 ] - [ 90141 ]
[ 571 4985 19678 ] - [ 90149 ]
[ 572 8846 ] - [ 90150 ]
[ 575 7559 ] - [ 90152 ]
[ 575 7559 ] - [ 90153 ]
[ 575 7559 ] - [ 90154 ]
[ 575 7559 ] - [ 90155 ]
[ 575 7559 ] - [ 90156 ]
[ 575 7559 ] - [ 90157 ]
[ 575 7559 ] - [ 90158 ]
[ 589 25987 25991 ] - [ 90166 ]
[ 589 25987 25991 ] - [ 90176 ]
[ 589 25987 25991 ] - [ 90177 ]
[ 594 1498 30965 ] - [ 90183 ]
[ 607 5411 ] - [ 90196 ]
[ 618 54452 ] - [ 90210 ]
[ 621 49042 ] - [ 90211 ]
[ 625 21898 ] - [ 90215 ]
[ 640 4627 23009 ] - [ 90231 ]
[ 644 60579 ] - [ 90246 ]
[ 654 20126 ] - [ 90257 ]
[ 654 20126 ] - [ 90258 ]
[ 655 20796 ] - [ 90259 ]
[ 655 20796 ] - [ 90260 ]
[ 657 19602 ] - [ 90262 ]
[ 663 11479 ] - [ 90267 ]
[ 671 971 59381 ] - [ 90274 ]
[ 672 1247 ] - [ 90276 ]
[ 672 1247 ] - [ 90277 ]
[ 671 971 59381 ] - [ 90275 ]
[ 672 1247 ] - [ 90278 ]
[ 683 22626 ] - [ 90283 ]
[ 694 20026 ] - [ 90289 ]
[ 694 20026 ] - [ 90291 ]
[ 698 23567 ] - [ 90295 ]
[ 699 31320 ] - [ 90296 ]
[ 703 50082 52521 ] - [ 90299 ]
[ 713 49065 ] - [ 90002 ]
[ 717 33383 ] - [ 90309 ]
[ 718 66968 ] - [ 90310 ]
[ 727 27307 45311 ] - [ 90318 ]
[ 732 6507 ] - [ 90326 ]
[ 736 17192 ] - [ 90331 ]
[ 737 3395 6975 ] - [ 90332 ]
[ 739 50536 ] - [ 90334 ]
[ 741 61529 ] - [ 90337 ]
[ 745 42877 ] - [ 90339 ]
[ 752 12920 20618 ] - [ 90335 ]
[ 752 12920 20618 ] - [ 90348 ]
[ 770 35475 ] - [ 90363 ]
[ 770 35475 ] - [ 90364 ]
[ 789 78633 ] - [ 90379 ]
[ 811 5722 ] - [ 90391 ]
[ 813 6929 ] - [ 90399 ]
[ 824 65650 ] - [ 90048 ]
[ 824 65650 ] - [ 90410 ]
[ 875 39615 ] - [ 90091 ]
[ 877 2314 ] - [ 90435 ]
[ 878 1652 2945 ] - [ 90436 ]
[ 893 34833 ] - [ 90440 ]
[ 912 25409 ] - [ 90442 ]
[ 926 16196 ] - [ 90460 ]
[ 926 16196 ] - [ 90461 ]
[ 939 60892 64838 ] - [ 90470 ]
[ 940 4740 47249 ] - [ 90471 ]
[ 948 23478 ] - [ 89794 ]
[ 948 23478 ] - [ 90479 ]
[ 953 7733 19461 ] - [ 89540 ]
[ 953 7733 19461 ] - [ 90488 ]
[ 954 3844 4916 ] - [ 90489 ]
[ 959 1317 ] - [ 90495 ]
[ 959 1317 ] - [ 90496 ]
[ 970 50149 85110 ] - [ 90514 ]
[ 976 59216 ] - [ 90216 ]
[ 978 20000 ] - [ 90518 ]
[ 987 9974 46115 ] - [ 90528 ]
[ 997 3335 ] - [ 89451 ]
[ 997 3335 ] - [ 89453 ]
[ 1010 2279 56549 ] - [ 90051 ]
[ 1010 2279 56549 ] - [ 90550 ]
[ 1012 62628 ] - [ 90554 ]
[ 1014 35951 ] - [ 90475 ]
[ 1014 35951 ] - [ 90556 ]
[ 1021 37341 ] - [ 90564 ]
[ 1027 3717 40968 ] - [ 90574 ]
[ 1027 3717 40968 ] - [ 90575 ]
[ 1028 1032 ] - [ 90576 ]
[ 1028 1032 ] - [ 90577 ]
[ 1029 38865 ] - [ 90578 90579 ]
[ 1031 1721 ] - [ 90581 ]
[ 1033 1809 ] - [ 90577 ]
[ 1033 1809 ] - [ 90582 ]
[ 1041 5888 77908 ] - [ 90589 ]
[ 1044 21707 ] - [ 90274 ]
[ 1051 15321 ] - [ 90604 ]
[ 1055 39291 68956 ] - [ 90606 ]
[ 1056 65455 ] - [ 90607 ]
[ 1058 77408 ] - [ 90609 ]
[ 1058 77408 ] - [ 90610 ]
[ 1059 23555 23556 ] - [ 90611 ]
[ 1063 13518 ] - [ 89370 ]
[ 1063 13518 ] - [ 89487 ]
[ 1080 65571 ] - [ 90634 ]
[ 1082 1726 59281 ] - [ 90635 ]
[ 1083 5235 12021 ] - [ 90636 ]
[ 1091 23797 83699 ] - [ 89537 ]
[ 1093 15945 ] - [ 90643 ]
[ 1098 50266 82091 ] - [ 90020 ]
[ 1115 5470 ] - [ 90661 ]
[ 1119 7515 42109 ] - [ 90666 ]
[ 1126 48469 ] - [ 89707 ]
[ 1126 48469 ] - [ 90672 ]
[ 1130 85994 ] - [ 90674 ]
[ 1132 7790 58478 ] - [ 90664 ]
[ 1136 1500 16280 ] - [ 90680 ]
[ 1144 3601 10753 ] - [ 89522 ]
[ 1144 3601 10753 ] - [ 90268 ]
[ 1146 4416 4737 ] - [ 90692 ]
[ 1157 20234 ] - [ 90707 ]
[ 1169 75503 ] - [ 90718 ]
[ 1173 3835 ] - [ 90724 90725 ]
[ 1179 77986 ] - [ 90732 ]
[ 1189 77510 ] - [ 90746 ]
[ 1191 1192 ] - [ 90747 ]
[ 1198 66077 82450 ] - [ 90501 ]
[ 1206 11041 ] - [ 89750 ]
[ 1206 11041 ] - [ 90760 ]
[ 1210 37499 ] - [ 90764 ]
[ 1223 6264 ] - [ 90775 ]
[ 1224 1225 15209 ] - [ 90776 ]
[ 1224 1225 15209 ] - [ 90777 ]
[ 1249 10886 ] - [ 90810 ]
[ 1265 2818 ] - [ 89996 ]
[ 1265 2818 ] - [ 90827 ]
[ 1268 15295 56231 ] - [ 90185 ]
[ 1278 1515 28746 ] - [ 89898 ]
[ 1289 56506 ] - [ 90852 ]
[ 1289 56506 ] - [ 90853 ]
[ 1289 56506 ] - [ 90854 ]
[ 1289 56506 ] - [ 90855 ]
[ 1289 56506 ] - [ 90856 ]
[ 1294 86559 ] - [ 89649 ]
[ 1294 86559 ] - [ 90859 ]
[ 1294 86559 ] - [ 90860 ]
[ 1301 55904 ] - [ 90867 ]
[ 1304 9846 15030 ] - [ 90774 ]
[ 1304 9846 15030 ] - [ 90869 ]
[ 1314 16226 ] - [ 90877 ]
[ 1315 1620 ] - [ 90878 ]
[ 1315 1620 ] - [ 90879 ]
[ 1316 2864 ] - [ 90880 ]
[ 1329 2103 ] - [ 90894 ]
[ 1331 61761 ] - [ 90895 ]
[ 1332 1533 66818 ] - [ 90896 ]
[ 1342 76809 ] - [ 90913 ]
[ 1348 26288 76855 ] - [ 90916 ]
[ 1348 26288 76855 ] - [ 90917 ]
[ 1350 1673 38667 ] - [ 90920 ]
[ 1351 1352 ] - [ 90921 ]
[ 1353 1950 2364 ] - [ 90922 ]
[ 1353 1950 2364 ] - [ 90923 ]
[ 1355 40936 ] - [ 90925 ]
[ 1359 3140 16894 ] - [ 90929 ]
[ 1361 3034 ] - [ 90934 ]
[ 1362 8900 63958 ] - [ 90117 ]
[ 1363 3668 83789 ] - [ 90010 ]
[ 1365 83039 ] - [ 90935 ]
[ 1372 3931 11317 ] - [ 90942 ]
[ 1382 20590 ] - [ 89620 ]
[ 1382 20590 ] - [ 89621 ]
[ 1382 20590 ] - [ 89622 ]
[ 1382 20590 ] - [ 90960 ]
[ 1398 1639 3736 ] - [ 90972 ]
[ 1398 1639 3736 ] - [ 90973 ]
[ 1398 1639 3736 ] - [ 90974 ]
[ 1408 56243 ] - [ 90985 ]
[ 1423 5246 11858 ] - [ 91004 ]
[ 1425 17814 ] - [ 89815 ]
[ 1425 17814 ] - [ 90827 ]
[ 1439 10916 17769 ] - [ 91011 ]
[ 1439 10916 17769 ] - [ 91012 ]
[ 1444 15978 78762 ] - [ 91016 ]
[ 1452 27374 ] - [ 90091 ]
[ 1452 27374 ] - [ 91022 ]
[ 1457 4567 22549 ] - [ 91027 ]
[ 1471 13665 63580 ] - [ 91044 ]
[ 1479 27800 ] - [ 91050 91051 ]
[ 1481 2627 ] - [ 90327 ]
[ 1481 2627 ] - [ 91052 ]
[ 1485 27681 46651 ] - [ 89449 ]
[ 1486 3424 29630 ] - [ 91055 ]
[ 1506 44879 ] - [ 91074 ]
[ 1511 12034 27111 ] - [ 91079 ]
[ 1521 82364 ] - [ 91090 ]
[ 1527 12727 58041 ] - [ 91096 ]
[ 1552 14716 ] - [ 89904 ]
[ 1554 22054 ] - [ 91118 ]
[ 1560 3316 ] - [ 90376 ]
[ 1564 73711 ] - [ 91129 ]
[ 1568 39811 ] - [ 91133 ]
[ 1570 38407 54473 ] - [ 90714 ]
[ 1572 59137 ] - [ 90994 ]
[ 1574 45631 ] - [ 91134 ]
[ 1575 5021 ] - [ 91135 ]
[ 1580 36448 ] - [ 91142 ]
[ 1602 30929 ] - [ 91167 ]
[ 1602 30929 ] - [ 91168 ]
[ 1603 13111 54494 ] - [ 91169 ]
[ 1611 64760 ] - [ 91172 ]
[ 1619 27392 80924 ] - [ 91182 ]
[ 1619 27392 80924 ] - [ 91183 ]
[ 1622 3666 ] - [ 89646 ]
[ 1622 3666 ] - [ 90859 ]
[ 1624 3908 ] - [ 91184 ]
[ 1627 2079 ] - [ 89488 ]
[ 1627 2079 ] - [ 91186 ]
[ 1641 50626 ] - [ 91193 ]
[ 1646 44252 ] - [ 91202 ]
[ 1649 4571 27673 ] - [ 91204 ]
[ 1657 5168 68248 ] - [ 91214 ]
[ 1666 8646 ] - [ 91226 ]
[ 1682 30308 ] - [ 91249 ]
[ 1686 33519 ] - [ 91252 ]
[ 1689 47351 ] - [ 90069 ]
[ 1695 16884 80942 ] - [ 91266 ]
[ 1701 4208 20340 ] - [ 91269 ]
[ 1704 2549 4614 ] - [ 91006 ]
[ 1704 2549 4614 ] - [ 91271 ]
[ 1704 2549 4614 ] - [ 91272 ]
[ 1704 2549 4614 ] - [ 91273 ]
[ 1730 47549 65467 ] - [ 90098 ]
[ 1730 47549 65467 ] - [ 91297 ]
[ 1731 14890 ] - [ 90854 ]
[ 1731 14890 ] - [ 91298 ]
[ 1731 14890 ] - [ 91299 ]
[ 1738 2170 48819 ] - [ 89656 ]
[ 1743 86795 ] - [ 91315 ]
[ 1743 86795 ] - [ 91316 ]
[ 1744 8889 ] - [ 91317 91318 ]
[ 1746 24120 ] - [ 91320 ]
[ 1753 1920 3245 ] - [ 91328 ]
[ 1753 1920 3245 ] - [ 91329 ]
[ 1758 4547 ] - [ 91332 ]
[ 1764 12238 ] - [ 91338 ]
[ 1765 5190 ] - [ 91339 ]
[ 1771 22215 ] - [ 90495 ]
[ 1771 22215 ] - [ 91346 ]
[ 1780 5472 ] - [ 91354 ]
[ 1786 11778 34840 ] - [ 90251 ]
[ 1814 47673 ] - [ 89490 ]
[ 1817 12172 29521 ] - [ 91390 ]
[ 1817 12172 29521 ] - [ 91391 ]
[ 1820 72910 ] - [ 91394 ]
[ 1827 50684 ] - [ 91406 ]
[ 1829 4387 ] - [ 91407 ]
[ 1829 4387 ] - [ 91408 ]
[ 1830 22110 ] - [ 91409 ]
[ 1832 5605 ] - [ 90297 ]
[ 1835 4302 21682 ] - [ 89848 ]
[ 1835 21682 ] - [ 89849 ]
[ 1835 4302 21682 ] - [ 89932 ]
[ 1835 4302 21682 ] - [ 90479 ]
[ 1835 4302 21682 ] - [ 91412 ]
[ 1836 49978 ] - [ 91413 ]
[ 1843 2086 ] - [ 89376 ]
[ 1843 2086 ] - [ 90051 ]
[ 1843 2086 ] - [ 91418 ]
[ 1843 2086 ] - [ 91419 ]
[ 1846 11217 ] - [ 91423 ]
[ 1846 11217 ] - [ 91424 ]
[ 1846 11217 ] - [ 91425 ]
[ 1865 3613 ] - [ 91441 ]
[ 1869 43718 ] - [ 91452 ]
[ 1876 53164 ] - [ 91461 91462 91464 ]
[ 1876 53164 ] - [ 91463 ]
[ 1880 29148 63853 ] - [ 91466 ]
[ 1887 2381 19028 ] - [ 91478 ]
[ 1900 51413 ] - [ 91491 ]
[ 1900 51413 ] - [ 91492 ]
[ 1900 51413 ] - [ 91493 ]
[ 1939 17497 ] - [ 91210 ]
[ 1939 17497 ] - [ 91526 ]
[ 1939 17497 ] - [ 91527 ]
[ 1941 5203 ] - [ 91530 ]
[ 1943 4144 14242 ] - [ 91531 ]
[ 1956 3796 12582 ] - [ 91549 ]
[ 1967 12883 ] - [ 91563 ]
[ 1976 58885 ] - [ 91567 ]
[ 1977 40449 72635 ] - [ 91568 ]
[ 1978 4714 9987 ] - [ 91569 91570 ]
[ 1978 4714 9987 ] - [ 91571 ]
[ 1978 4714 9987 ] - [ 91572 ]
[ 1979 11710 60797 ] - [ 91011 ]
[ 1981 3850 8360 ] - [ 90522 ]
[ 1991 3174 ] - [ 91581 ]
[ 2000 2001 ] - [ 91590 ]
[ 2006 2827 ] - [ 91593 ]
[ 2011 4871 ] - [ 91596 ]
[ 2011 4871 ] - [ 91597 ]
[ 2011 4871 ] - [ 91598 ]
[ 2019 42645 ] - [ 91607 ]
[ 2023 45382 45383 ] - [ 91612 ]
[ 2034 29186 ] - [ 90859 ]
[ 2038 5845 11546 ] - [ 91621 ]
[ 2040 8109 ] - [ 91622 ]
[ 2043 4244 59692 ] - [ 91624 ]
[ 2047 2050 2051 ] - [ 91630 ]
[ 2076 88830 ] - [ 89418 ]
[ 2076 88830 ] - [ 91654 ]
[ 2076 88830 ] - [ 91655 ]
[ 2081 12252 ] - [ 89528 ]
[ 2081 12252 ] - [ 89529 ]
[ 2086 ] - [ 91132 ]
[ 2090 75939 ] - [ 91662 ]
[ 2114 2711 ] - [ 91685 ]
[ 2116 35983 63568 ] - [ 89673 ]
[ 2121 3099 39230 ] - [ 91261 ]
[ 2130 18660 ] - [ 91701 ]
[ 2130 18660 ] - [ 91702 ]
[ 2130 18660 ] - [ 91703 ]
[ 2136 34260 ] - [ 91714 ]
[ 2148 2706 45939 ] - [ 91328 ]
[ 2164 10215 28236 ] - [ 91740 ]
[ 2173 65188 ] - [ 91748 ]
[ 2184 20965 25152 ] - [ 91757 ]
[ 2185 5964 ] - [ 91758 ]
[ 2188 2189 ] - [ 91759 ]
[ 2196 59509 ] - [ 91765 ]
[ 2207 77852 ] - [ 91779 ]
[ 2213 5544 11458 ] - [ 91782 ]
[ 2223 5711 65910 ] - [ 91788 ]
[ 2227 22228 27286 ] - [ 91790 ]
[ 2228 5563 57696 ] - [ 91248 ]
[ 2246 7436 56205 ] - [ 91813 ]
[ 2251 48941 50832 ] - [ 91820 ]
[ 2260 3406 5139 ] - [ 91827 ]
[ 2277 48610 ] - [ 89553 ]
[ 2277 48610 ] - [ 91845 ]
[ 2283 2284 ] - [ 90658 ]
[ 2283 2284 ] - [ 91436 ]
[ 2296 15193 ] - [ 91863 ]
[ 2307 53359 ] - [ 91870 ]
[ 2312 2313 ] - [ 91875 ]
[ 2312 2313 ] - [ 91876 ]
[ 2327 85425 ] - [ 91882 ]
[ 2329 54678 ] - [ 91884 ]
[ 2329 54678 ] - [ 91885 ]
[ 2341 11876 27470 ] - [ 91894 ]
[ 2345 7816 ] - [ 91896 ]
[ 2348 34869 72164 ] - [ 91899 ]
[ 2349 54652 ] - [ 91900 ]
[ 2357 23735 ] - [ 91906 ]
[ 2357 23735 ] - [ 91907 ]
[ 2360 19099 ] - [ 91911 ]
[ 2363 79891 ] - [ 91914 ]
[ 2378 12990 ] - [ 91924 ]
[ 2380 28993 ] - [ 91925 ]
[ 2394 40991 ] - [ 89451 ]
[ 2429 48806 ] - [ 91367 ]
[ 2435 42682 53384 ] - [ 91972 ]
[ 2452 49383 ] - [ 91986 ]
[ 2452 49383 ] - [ 91987 ]
[ 2454 20107 47745 ] - [ 91989 ]
[ 2455 20127 ] - [ 91990 ]
[ 2460 46646 ] - [ 91994 ]
[ 2549 6841 ] - [ 89479 ]
[ 2549 6841 ] - [ 91006 ]
[ 2549 6841 ] - [ 91271 ]
[ 2549 6841 ] - [ 91272 ]
[ 2551 2566 ] - [ 89368 ]
[ 2551 2566 ] - [ 90807 ]
[ 2577 5792 ] - [ 89996 ]
[ 2577 5792 ] - [ 90460 ]
[ 2577 5792 ] - [ 90461 ]
[ 2583 23943 ] - [ 92022 ]
[ 2590 5487 ] - [ 90657 ]
[ 2590 5487 ] - [ 92029 ]
[ 2593 12239 46189 ] - [ 92032 ]
[ 2602 43795 47264 ] - [ 92038 ]
[ 2604 34512 ] - [ 92041 ]
[ 2606 61489 ] - [ 89577 ]
[ 2606 61489 ] - [ 89781 ]
[ 2623 6572 ] - [ 92058 92059 ]
[ 2639 3651 3911 ] - [ 89392 ]
[ 2639 3651 3911 ] - [ 92070 ]
[ 2644 7503 ] - [ 92073 ]
[ 2651 3740 ] - [ 92079 ]
[ 2660 32150 ] - [ 92091 ]
[ 2680 52515 ] - [ 92108 ]
[ 2685 17603 ] - [ 92110 ]
[ 2696 38070 ] - [ 92116 ]
[ 2697 13365 ] - [ 92117 ]
[ 2705 10790 ] - [ 92121 ]
[ 2713 87139 ] - [ 92128 ]
[ 2723 7423 ] - [ 92140 ]
[ 2725 67324 ] - [ 92141 ]
[ 2727 12456 60322 ] - [ 92143 ]
[ 2727 12456 60322 ] - [ 92144 ]
[ 2735 84840 ] - [ 92154 ]
[ 2737 13912 49626 ] - [ 90405 ]
[ 2740 10963 ] - [ 92156 ]
[ 2756 17254 55023 ] - [ 92163 92164 ]
[ 2763 8063 ] - [ 92169 ]
[ 2763 8063 ] - [ 92170 ]
[ 2763 8063 ] - [ 92171 ]
[ 2766 3632 25727 ] - [ 89430 ]
[ 2777 6124 ] - [ 91284 ]
[ 2780 21872 ] - [ 92181 ]
[ 2781 28479 57913 ] - [ 92182 92183 ]
[ 2785 66661 66662 ] - [ 92190 ]
[ 2788 59588 ] - [ 91797 ]
[ 2800 16053 17343 ] - [ 92198 ]
[ 2805 10290 58384 ] - [ 92203 ]
[ 2806 72348 ] - [ 92204 ]
[ 2808 6401 ] - [ 90601 ]
[ 2808 6401 ] - [ 92205 ]
[ 2822 23637 50223 ] - [ 92215 ]
[ 2823 22074 ] - [ 92216 ]
[ 2823 22074 ] - [ 92217 ]
[ 2830 29954 41367 ] - [ 92225 ]
[ 2831 45276 56024 ] - [ 92226 ]
[ 2841 4357 13644 ] - [ 92239 ]
[ 2847 47697 ] - [ 89609 ]
[ 2847 47697 ] - [ 89977 ]
[ 2852 40040 ] - [ 92245 ]
[ 2855 16159 19439 ] - [ 91210 ]
[ 2855 16159 19439 ] - [ 92248 ]
[ 2876 33680 ] - [ 92263 ]
[ 2876 33680 ] - [ 92264 ]
[ 2882 8973 26185 ] - [ 90738 ]
[ 2888 9032 ] - [ 92276 ]
[ 2888 9032 ] - [ 92277 ]
[ 2895 74998 84685 ] - [ 92286 ]
[ 2897 18986 46118 ] - [ 92288 ]
[ 2900 31937 ] - [ 90461 ]
[ 2907 4684 13661 ] - [ 90762 ]
[ 2914 23177 ] - [ 89870 89871 ]
[ 2914 23177 ] - [ 92307 ]
[ 2916 33312 ] - [ 92309 ]
[ 2916 33312 ] - [ 92310 ]
[ 2917 66051 ] - [ 90151 ]
[ 2922 35211 ] - [ 92316 ]
[ 2931 17815 ] - [ 92320 ]
[ 2931 17815 ] - [ 92322 ]
[ 2949 14253 ] - [ 92336 ]
[ 2952 24038 ] - [ 92338 ]
[ 2952 24038 ] - [ 92339 ]
[ 2955 7597 51823 ] - [ 92345 ]
[ 2957 83492 ] - [ 92346 ]
[ 2963 5575 10296 ] - [ 91186 ]
[ 2975 11327 86514 ] - [ 92364 ]
[ 2983 35355 ] - [ 92368 ]
[ 2983 35355 ] - [ 92369 ]
[ 2983 35355 ] - [ 92370 ]
[ 2986 18983 44651 ] - [ 92373 ]
[ 2987 75324 ] - [ 92374 ]
[ 2998 13166 ] - [ 91595 ]
[ 3002 14138 85305 ] - [ 92377 ]
[ 3005 27247 36769 ] - [ 92380 92381 ]
[ 3009 3107 20135 ] - [ 89639 ]
[ 3022 20312 76483 ] - [ 92392 ]
[ 3027 16565 ] - [ 92397 ]
[ 3041 75450 ] - [ 92414 ]
[ 3041 75450 ] - [ 92415 ]
[ 3043 65985 ] - [ 92416 ]
[ 3044 11376 40406 ] - [ 92417 ]
[ 3051 75828 86136 ] - [ 90475 ]
[ 3056 80817 ] - [ 92428 ]
[ 3057 19067 85340 ] - [ 92429 ]
[ 3062 66130 67089 ] - [ 91188 ]
[ 3062 66130 67089 ] - [ 92432 ]
[ 3070 3783 24693 ] - [ 92438 ]
[ 3072 21604 ] - [ 92440 ]
[ 3074 25350 27839 ] - [ 92441 ]
[ 3075 56696 ] - [ 92442 ]
[ 3076 3093 56308 ] - [ 92443 ]
[ 3078 36348 ] - [ 92444 ]
[ 3084 16804 32834 ] - [ 92449 92450 ]
[ 3106 3978 ] - [ 91218 ]
[ 3106 3978 ] - [ 92472 ]
[ 3110 3830 ] - [ 92473 ]
[ 3112 12407 13577 ] - [ 89982 ]
[ 3120 9393 ] - [ 92460 ]
[ 3123 73381 ] - [ 91091 ]
[ 3130 22580 64952 ] - [ 92488 ]
[ 3132 6753 ] - [ 92488 ]
[ 3132 6753 ] - [ 92491 ]
[ 3132 6753 ] - [ 92492 ]
[ 3158 10044 ] - [ 92511 ]
[ 3164 6067 37901 ] - [ 90847 ]
[ 3176 41818 ] - [ 92526 ]
[ 3179 36743 ] - [ 92528 ]
[ 3180 16870 ] - [ 92278 ]
[ 3180 16870 ] - [ 92279 ]
[ 3191 9613 16256 ] - [ 92543 ]
[ 3192 48413 ] - [ 92544 ]
[ 3198 30285 86608 ] - [ 92556 ]
[ 3201 7449 14278 ] - [ 92557 ]
[ 3210 58555 ] - [ 91297 ]
[ 3228 4555 20791 ] - [ 92571 ]
[ 3242 14271 43137 ] - [ 92579 ]
[ 3258 6912 ] - [ 91188 ]
[ 3258 6912 ] - [ 91490 ]
[ 3259 5043 12590 ] - [ 92592 ]
[ 3263 77716 ] - [ 89362 ]
[ 3265 4312 ] - [ 92594 ]
[ 3278 72739 ] - [ 90865 ]
[ 3282 20445 ] - [ 92609 ]
[ 3296 67270 67271 ] - [ 92616 ]
[ 3298 39699 64191 ] - [ 92622 ]
[ 3299 72626 82165 ] - [ 92623 ]
[ 3304 32386 77361 ] - [ 92626 ]
[ 3315 65667 ] - [ 91809 ]
[ 3317 87587 88096 ] - [ 92636 ]
[ 3323 78224 ] - [ 92641 ]
[ 3323 78224 ] - [ 92642 ]
[ 3358 13521 ] - [ 89685 89686 ]
[ 3358 13521 ] - [ 91011 ]
[ 3358 13521 ] - [ 91012 ]
[ 3360 8075 8076 ] - [ 92679 ]
[ 3360 8075 8076 ] - [ 92680 ]
[ 3361 49933 72772 ] - [ 92681 ]
[ 3368 40206 ] - [ 92687 ]
[ 3369 11605 ] - [ 92688 ]
[ 3377 4776 ] - [ 89566 ]
[ 3388 65875 ] - [ 92705 ]
[ 3388 65875 ] - [ 92706 ]
[ 3391 35261 82228 ] - [ 92710 ]
[ 3402 3403 ] - [ 92718 ]
[ 3410 61505 ] - [ 92725 ]
[ 3412 12283 12364 ] - [ 89496 ]
[ 3416 37756 ] - [ 92733 ]
[ 3418 4152 15061 ] - [ 91076 ]
[ 3423 9109 ] - [ 92737 ]
[ 3423 9109 ] - [ 92738 ]
[ 3428 5355 6104 ] - [ 92741 ]
[ 3428 5355 6104 ] - [ 92744 ]
[ 3432 12377 ] - [ 92745 ]
[ 3437 5365 19884 ] - [ 92749 ]
[ 3457 26814 51145 ] - [ 92774 ]
[ 3460 50548 ] - [ 92777 ]
[ 3462 12655 ] - [ 89849 ]
[ 3462 12655 ] - [ 92780 ]
[ 3465 20105 ] - [ 92028 ]
[ 3468 63118 ] - [ 92785 ]
[ 3470 25676 ] - [ 92786 ]
[ 3474 6467 14357 ] - [ 92789 ]
[ 3478 9265 64405 ] - [ 89837 ]
[ 3480 11751 ] - [ 92790 ]
[ 3482 77806 83113 ] - [ 92792 ]
[ 3484 14410 47776 ] - [ 89549 ]
[ 3504 4131 ] - [ 92807 ]
[ 3504 4131 ] - [ 92808 ]
[ 3504 4131 ] - [ 92809 ]
[ 3506 3507 ] - [ 92808 ]
[ 3506 3507 ] - [ 92812 92813 ]
[ 3538 38063 87607 ] - [ 92843 ]
[ 3542 7649 ] - [ 92849 ]
[ 3546 37689 ] - [ 92852 ]
[ 3547 6713 44996 ] - [ 92853 ]
[ 3556 74668 ] - [ 90761 ]
[ 3557 56789 ] - [ 91067 91069 ]
[ 3557 56789 ] - [ 92862 ]
[ 3560 25650 ] - [ 89491 ]
[ 3560 25650 ] - [ 89614 ]
[ 3574 40900 43693 ] - [ 92877 ]
[ 3574 40900 43693 ] - [ 92878 ]
[ 3579 22962 ] - [ 92882 ]
[ 3583 35553 ] - [ 92885 ]
[ 3584 40905 ] - [ 90280 ]
[ 3584 40905 ] - [ 92078 ]
[ 3592 4717 15665 ] - [ 92895 ]
[ 3603 7672 ] - [ 89522 ]
[ 3603 7672 ] - [ 92903 ]
[ 3604 3605 ] - [ 92904 ]
[ 3611 15933 ] - [ 91124 91125 ]
[ 3611 15933 ] - [ 92909 ]
[ 3629 13467 71752 ] - [ 91686 ]
[ 3630 6686 ] - [ 92919 ]
[ 3637 3646 ] - [ 92926 ]
[ 3650 83649 ] - [ 90393 ]
[ 3654 6173 54154 ] - [ 92935 ]
[ 3658 7788 54546 ] - [ 92937 ]
[ 3661 6118 39084 ] - [ 92939 ]
[ 3661 6118 39084 ] - [ 92940 ]
[ 3671 15998 ] - [ 92949 ]
[ 3671 15998 ] - [ 92950 ]
[ 3673 8084 ] - [ 89803 ]
[ 3687 16047 19601 ] - [ 92388 ]
[ 3698 3703 ] - [ 92967 ]
[ 3711 19885 ] - [ 92889 ]
[ 3713 52180 ] - [ 92978 ]
[ 3713 52180 ] - [ 92979 ]
[ 3718 84095 ] - [ 90574 ]
[ 3729 32309 ] - [ 92989 ]
[ 3742 10525 70091 ] - [ 90198 ]
[ 3743 7454 ] - [ 89621 ]
[ 3743 7454 ] - [ 90960 ]
[ 3743 7454 ] - [ 93000 ]
[ 3748 39829 ] - [ 93003 ]
[ 3748 39829 ] - [ 93004 ]
[ 3749 30730 ] - [ 93005 ]
[ 3757 49868 ] - [ 93011 ]
[ 3762 27581 ] - [ 93017 ]
[ 3762 27581 ] - [ 93018 ]
[ 3765 11138 75016 ] - [ 93022 ]
[ 3776 70470 ] - [ 93032 ]
[ 3779 21787 ] - [ 92037 ]
[ 3780 37623 ] - [ 93034 ]
[ 3781 20325 ] - [ 90907 ]
[ 3788 11828 64651 ] - [ 90862 ]
[ 3791 49713 ] - [ 92719 ]
[ 3799 13007 ] - [ 93041 ]
[ 3806 74853 ] - [ 93047 ]
[ 3811 74795 ] - [ 93051 ]
[ 3811 74795 ] - [ 93052 ]
[ 3811 74795 ] - [ 93053 ]
[ 3820 22691 ] - [ 93061 ]
[ 3820 22691 ] - [ 93062 ]
[ 3821 61715 ] - [ 90958 ]
[ 3821 61715 ] - [ 90959 ]
[ 3827 18856 ] - [ 91643 ]
[ 3827 18856 ] - [ 93064 ]
[ 3837 69940 ] - [ 93071 ]
[ 3838 28618 46374 ] - [ 93072 ]
[ 3838 28618 46374 ] - [ 93073 ]
[ 3839 47591 ] - [ 89709 ]
[ 3839 47591 ] - [ 89719 ]
[ 3846 13652 ] - [ 93077 ]
[ 3848 77223 ] - [ 89621 ]
[ 3848 77223 ] - [ 90960 ]
[ 3855 64024 ] - [ 93084 ]
[ 3860 38777 58898 ] - [ 93089 ]
[ 3876 21487 ] - [ 93104 ]
[ 3881 5114 ] - [ 91134 ]
[ 3881 5114 ] - [ 93107 ]
[ 3885 74147 ] - [ 93109 ]
[ 3896 29398 ] - [ 92728 ]
[ 3914 13144 ] - [ 91448 ]
[ 3929 3934 ] - [ 92138 ]
[ 3932 63881 ] - [ 93158 ]
[ 3937 10631 15185 ] - [ 93161 ]
[ 3938 51038 ] - [ 93162 ]
[ 3939 48796 ] - [ 93163 ]
[ 3940 4584 45135 ] - [ 92717 ]
[ 3940 4584 45135 ] - [ 93164 ]
[ 3945 42974 ] - [ 93168 ]
[ 3947 16703 30639 ] - [ 91228 ]
[ 3953 8108 9936 ] - [ 93175 ]
[ 3958 12750 ] - [ 93178 ]
[ 3959 48576 ] - [ 91281 ]
[ 3959 48576 ] - [ 93179 ]
[ 3967 86362 ] - [ 93183 ]
[ 3982 53600 ] - [ 93194 ]
[ 3985 11270 12577 ] - [ 93197 ]
[ 3995 66444 ] - [ 93207 ]
[ 4000 20887 20947 ] - [ 93217 ]
[ 4000 20887 20947 ] - [ 93218 ]
[ 4009 10985 ] - [ 90330 ]
[ 4009 10985 ] - [ 93230 ]
[ 4011 60837 ] - [ 91605 ]
[ 4011 60837 ] - [ 91606 ]
[ 4028 24911 ] - [ 93244 ]
[ 4029 43835 52009 ] - [ 93245 ]
[ 4032 44959 ] - [ 93249 ]
[ 4035 14678 23584 ] - [ 93250 ]
[ 4037 9374 ] - [ 93252 ]
[ 4045 14532 ] - [ 93263 ]
[ 4057 45249 ] - [ 92532 ]
[ 4063 22272 79699 ] - [ 93203 ]
[ 4068 87795 ] - [ 93291 ]
[ 4073 7761 10004 ] - [ 93294 ]
[ 4076 43695 ] - [ 93296 ]
[ 4078 13152 ] - [ 93299 ]
[ 4081 4881 4920 ] - [ 93301 ]
[ 4096 18872 43500 ] - [ 93319 ]
[ 4113 70126 70130 ] - [ 91153 ]
[ 4113 70126 70130 ] - [ 93332 ]
[ 4123 8425 ] - [ 93339 ]
[ 4125 84497 ] - [ 93341 ]
[ 4146 54552 ] - [ 93363 ]
[ 4147 81855 ] - [ 93364 ]
[ 4181 15788 ] - [ 90766 ]
[ 4181 15788 ] - [ 93404 ]
[ 4184 47079 ] - [ 93407 ]
[ 4185 15595 ] - [ 91407 ]
[ 4185 15595 ] - [ 93408 ]
[ 4186 70956 75560 ] - [ 93409 ]
[ 4191 12036 12333 ] - [ 93412 ]
[ 4211 8771 11044 ] - [ 93433 ]
[ 4215 6589 ] - [ 90029 ]
[ 4224 41895 84810 ] - [ 93445 ]
[ 4232 48467 ] - [ 91618 ]
[ 4232 48467 ] - [ 92688 ]
[ 4243 74705 ] - [ 93458 ]
[ 4246 60355 ] - [ 93459 ]
[ 4248 30699 72640 ] - [ 89922 ]
[ 4260 5624 ] - [ 89620 ]
[ 4260 5624 ] - [ 90960 ]
[ 4267 21355 44821 ] - [ 93474 ]
[ 4268 7121 13260 ] - [ 93475 ]
[ 4275 43078 ] - [ 92555 ]
[ 4275 43078 ] - [ 93485 ]
[ 4282 43830 ] - [ 90968 ]
[ 4284 85636 ] - [ 93491 ]
[ 4291 6319 88720 ] - [ 90735 ]
[ 4297 7512 39416 ] - [ 93497 93498 ]
[ 4301 55732 ] - [ 93501 ]
[ 4307 10021 ] - [ 89848 ]
[ 4307 10021 ] - [ 91412 ]
[ 4329 24075 67402 ] - [ 93519 ]
[ 4330 6143 68766 ] - [ 93520 ]
[ 4335 75073 ] - [ 93473 ]
[ 4340 13796 ] - [ 89464 ]
[ 4340 13796 ] - [ 90309 ]
[ 4350 19858 ] - [ 93540 ]
[ 4351 41262 41263 ] - [ 93541 ]
[ 4351 41262 41263 ] - [ 93542 ]
[ 4358 12842 ] - [ 90922 ]
[ 4358 12842 ] - [ 93547 ]
[ 4371 30727 56175 ] - [ 93559 ]
[ 4372 16287 ] - [ 91154 ]
[ 4372 16287 ] - [ 91155 ]
[ 4378 18538 18547 ] - [ 93566 ]
[ 4382 47739 61397 ] - [ 93571 ]
[ 4383 13468 45178 ] - [ 93572 ]
[ 4384 65151 67110 ] - [ 93573 ]
[ 4393 9651 ] - [ 93576 ]
[ 4403 37578 ] - [ 93584 ]
[ 4420 ] - [ 93595 ]
[ 4421 ] - [ 93596 ]
[ 4425 77990 79431 ] - [ 89572 ]
[ 4428 32411 ] - [ 93602 ]
[ 4433 ] - [ 93386 ]
[ 4437 40502 40503 ] - [ 90860 ]
[ 4437 40502 40503 ] - [ 93611 ]
[ 4442 13366 22320 ] - [ 90822 90823 ]
[ 4455 7801 ] - [ 93623 ]
[ 4461 61723 ] - [ 93626 ]
[ 4470 32529 ] - [ 93627 ]
[ 4471 9308 ] - [ 90451 ]
[ 4481 41760 47068 ] - [ 93635 93636 ]
[ 4484 10080 ] - [ 91511 ]
[ 4484 10080 ] - [ 91564 ]
[ 4486 34114 39036 ] - [ 91300 ]
[ 4488 51543 ] - [ 93640 ]
[ 4499 38797 87381 ] - [ 93647 ]
[ 4506 8833 54459 ] - [ 90321 ]
[ 4506 8833 54459 ] - [ 91090 ]
[ 4510 17442 ] - [ 90818 ]
[ 4510 17442 ] - [ 90819 ]
[ 4510 17442 ] - [ 93654 ]
[ 4516 40867 67965 ] - [ 93659 ]
[ 4516 40867 67965 ] - [ 93660 ]
[ 4518 18201 18635 ] - [ 92452 ]
[ 4518 18201 18635 ] - [ 93661 ]
[ 4531 35192 ] - [ 93670 ]
[ 4535 10749 ] - [ 93673 ]
[ 4559 28651 ] - [ 93691 ]
[ 4566 87447 ] - [ 93698 ]
[ 4573 39044 ] - [ 93699 93700 93701 ]
[ 4573 39044 ] - [ 93699 93700 93702 ]
[ 4573 39044 ] - [ 93699 93701 93702 ]
[ 4573 39044 ] - [ 93700 93701 93702 ]
[ 4573 39044 ] - [ 93703 ]
[ 4581 45484 73426 ] - [ 93705 ]
[ 4591 33651 86409 ] - [ 93716 ]
[ 4600 42298 48758 ] - [ 93721 ]
[ 4602 16104 20808 ] - [ 93723 ]
[ 4618 28611 73192 ] - [ 93734 ]
[ 4619 66597 ] - [ 93735 ]
[ 4623 46445 72396 ] - [ 93738 ]
[ 4629 14136 52765 ] - [ 93741 93742 ]
[ 4632 17026 ] - [ 93746 ]
[ 4650 8356 85502 ] - [ 92874 ]
[ 4652 7010 ] - [ 93776 ]
[ 4652 7010 ] - [ 93777 ]
[ 4656 23404 ] - [ 93780 ]
[ 4659 5275 ] - [ 93782 ]
[ 4664 80592 ] - [ 93788 ]
[ 4664 80592 ] - [ 93789 ]
[ 4672 61022 ] - [ 92960 ]
[ 4672 61022 ] - [ 93803 ]
[ 4703 31387 41173 ] - [ 93825 ]
[ 4713 19408 ] - [ 90358 ]
[ 4722 6958 85887 ] - [ 89675 ]
[ 4726 26920 27495 ] - [ 93835 ]
[ 4726 26920 27495 ] - [ 93836 ]
[ 4727 52826 ] - [ 93837 ]
[ 4741 53650 86426 ] - [ 93848 ]
[ 4754 15897 ] - [ 90546 ]
[ 4754 15897 ] - [ 93859 ]
[ 4757 20563 ] - [ 93862 ]
[ 4768 17838 63311 ] - [ 93875 ]
[ 4770 69567 ] - [ 93876 ]
[ 4786 32478 ] - [ 93887 ]
[ 4786 32478 ] - [ 93888 ]
[ 4790 35443 ] - [ 93889 ]
[ 4790 35443 ] - [ 93890 ]
[ 4795 50192 ] - [ 89577 ]
[ 4795 50192 ] - [ 89781 ]
[ 4795 50192 ] - [ 92951 ]
[ 4796 66802 ] - [ 93898 ]
[ 4804 4805 35390 ] - [ 93905 ]
[ 4825 12982 ] - [ 93917 ]
[ 4832 78312 ] - [ 92064 ]
[ 4843 38240 61198 ] - [ 93934 ]
[ 4844 35256 ] - [ 93935 ]
[ 4847 25766 ] - [ 93937 ]
[ 4851 5978 24320 ] - [ 93940 ]
[ 4866 15721 ] - [ 93951 ]
[ 4873 30309 30313 ] - [ 93955 ]
[ 4880 63597 71911 ] - [ 89399 ]
[ 4880 63597 71911 ] - [ 93958 ]
[ 4880 63597 71911 ] - [ 93959 ]
[ 4893 8079 26861 ] - [ 92100 ]
[ 4897 18673 ] - [ 92452 ]
[ 4897 18673 ] - [ 93969 ]
[ 4900 16811 ] - [ 92995 ]
[ 4914 6480 17052 ] - [ 90224 ]
[ 4925 29146 ] - [ 93984 ]
[ 4932 13720 13722 ] - [ 93988 ]
[ 4942 5493 50486 ] - [ 93995 ]
[ 4942 5493 50486 ] - [ 93996 ]
[ 4956 60555 ] - [ 94007 ]
[ 4963 ] - [ 94015 ]
[ 4975 42416 42432 ] - [ 94027 ]
[ 4975 42416 42432 ] - [ 94028 ]
[ 4975 42416 42432 ] - [ 94029 ]
[ 4977 30366 30375 ] - [ 94031 ]
[ 4977 30366 30375 ] - [ 94032 ]
[ 5000 17474 58725 ] - [ 94047 ]
[ 5003 7652 ] - [ 91078 ]
[ 5003 7652 ] - [ 94050 ]
[ 5012 7406 11517 ] - [ 90462 ]
[ 5018 24939 24960 ] - [ 94061 ]
[ 5018 24939 24960 ] - [ 94062 ]
[ 5025 5353 21928 ] - [ 94065 ]
[ 5025 5353 21928 ] - [ 94066 ]
[ 5027 5028 58263 ] - [ 91442 ]
[ 5031 68140 ] - [ 94070 ]
[ 5031 68140 ] - [ 94071 ]
[ 5038 71707 ] - [ 94076 ]
[ 5039 64976 ] - [ 94077 94078 ]
[ 5041 71031 ] - [ 92021 ]
[ 5041 71031 ] - [ 94080 ]
[ 5041 71031 ] - [ 94081 ]
[ 5094 30228 37576 ] - [ 94133 ]
[ 5124 77826 ] - [ 90335 ]
[ 5127 5505 ] - [ 94157 ]
[ 5135 6762 63681 ] - [ 94159 ]
[ 5138 18615 54412 ] - [ 89626 ]
[ 5142 55708 ] - [ 94165 ]
[ 5144 22161 ] - [ 94168 ]
[ 5156 25923 ] - [ 94180 ]
[ 5170 89163 ] - [ 94188 ]
[ 5186 36339 ] - [ 94197 ]
[ 5193 6365 13494 ] - [ 94201 ]
[ 5212 40026 ] - [ 94212 ]
[ 5212 40026 ] - [ 94219 ]
[ 5234 15981 71529 ] - [ 93434 ]
[ 5234 15981 71529 ] - [ 94229 ]
[ 5254 45350 ] - [ 94239 ]
[ 5257 22347 ] - [ 94241 ]
[ 5258 27151 65673 ] - [ 94242 ]
[ 5264 13774 48844 ] - [ 94247 ]
[ 5273 5274 ] - [ 90350 ]
[ 5273 5274 ] - [ 94255 ]
[ 5278 54675 84142 ] - [ 94260 ]
[ 5308 49309 ] - [ 94275 ]
[ 5313 63362 ] - [ 93585 ]
[ 5325 58846 ] - [ 94286 ]
[ 5346 12951 ] - [ 90418 ]
[ 5346 12951 ] - [ 90991 ]
[ 5350 21030 ] - [ 94298 ]
[ 5354 6553 50524 ] - [ 94299 ]
[ 5357 15069 22007 ] - [ 94302 ]
[ 5359 10055 21434 ] - [ 90555 ]
[ 5373 11825 ] - [ 94312 ]
[ 5399 11654 66202 ] - [ 94326 ]
[ 5400 12977 71276 ] - [ 90073 ]
[ 5400 12977 71276 ] - [ 94327 ]
[ 5402 57244 ] - [ 92082 ]
[ 5409 7610 ] - [ 90272 ]
[ 5409 7610 ] - [ 94334 ]
[ 5416 48288 ] - [ 94343 ]
[ 5421 29412 ] - [ 94345 ]
[ 5426 12751 28823 ] - [ 89601 91323 ]
[ 5426 12751 28823 ] - [ 91121 ]
[ 5432 11485 11486 ] - [ 94354 ]
[ 5433 32597 70298 ] - [ 94355 ]
[ 5434 36710 ] - [ 94356 ]
[ 5434 36710 ] - [ 94357 ]
[ 5446 38468 69234 ] - [ 94366 ]
[ 5447 36678 ] - [ 94367 ]
[ 5449 16845 ] - [ 94369 ]
[ 5453 26834 34049 ] - [ 94372 ]
[ 5465 17272 ] - [ 90281 ]
[ 5465 17272 ] - [ 93506 ]
[ 5468 73632 ] - [ 94382 ]
[ 5469 70044 ] - [ 94383 ]
[ 5474 26769 ] - [ 94386 ]
[ 5476 12310 ] - [ 94388 ]
[ 5483 27481 ] - [ 93434 ]
[ 5488 35799 68341 ] - [ 94396 ]
[ 5492 33378 72145 ] - [ 94397 ]
[ 5499 36099 ] - [ 94404 ]
[ 5510 29675 40262 ] - [ 94414 ]
[ 5528 11202 ] - [ 93773 ]
[ 5529 63624 82112 ] - [ 94435 ]
[ 5530 20077 ] - [ 90024 ]
[ 5531 33443 61134 ] - [ 94436 ]
[ 5536 17342 79838 ] - [ 94439 ]
[ 5556 13081 17870 ] - [ 94446 ]
[ 5558 19716 34863 ] - [ 94448 ]
[ 5560 67918 ] - [ 94450 ]
[ 5567 25614 ] - [ 94455 ]
[ 5568 6567 60291 ] - [ 94456 ]
[ 5573 5576 40962 ] - [ 94462 ]
[ 5573 5576 40962 ] - [ 94463 ]
[ 5577 83900 ] - [ 90709 ]
[ 5577 83900 ] - [ 92421 ]
[ 5581 87304 ] - [ 94472 ]
[ 5582 53482 ] - [ 94473 ]
[ 5591 24867 60292 ] - [ 94479 ]
[ 5591 24867 60292 ] - [ 94480 ]
[ 5595 33873 ] - [ 94483 ]
[ 5596 15679 ] - [ 92121 ]
[ 5596 15679 ] - [ 94484 ]
[ 5599 36084 ] - [ 94487 ]
[ 5604 59047 ] - [ 89960 ]
[ 5614 38036 ] - [ 94497 ]
[ 5618 36347 ] - [ 94500 ]
[ 5631 64939 ] - [ 94511 ]
[ 5650 40805 ] - [ 94534 ]
[ 5664 71325 ] - [ 94546 ]
[ 5665 25573 ] - [ 94547 ]
[ 5669 15216 36742 ] - [ 93493 ]
[ 5672 53426 ] - [ 94550 ]
[ 5674 76624 ] - [ 94552 ]
[ 5682 20161 ] - [ 94559 ]
[ 5682 20161 ] - [ 94560 ]
[ 5685 34315 77981 ] - [ 94562 ]
[ 5692 16241 60074 ] - [ 91071 ]
[ 5697 14211 ] - [ 94567 ]
[ 5713 7983 53158 ] - [ 89408 ]
[ 5713 7983 53158 ] - [ 92482 ]
[ 5717 31813 34593 ] - [ 92494 ]
[ 5731 48486 73439 ] - [ 94592 ]
[ 5741 34146 46239 ] - [ 89547 ]
[ 5741 34146 46239 ] - [ 89548 ]
[ 5744 34500 ] - [ 90597 ]
[ 5744 34500 ] - [ 93443 ]
[ 5767 24251 ] - [ 94610 ]
[ 5789 40594 ] - [ 94633 ]
[ 5790 28242 ] - [ 94634 ]
[ 5807 21531 74315 ] - [ 94646 ]
[ 5812 33205 ] - [ 90780 ]
[ 5812 33205 ] - [ 94650 ]
[ 5816 80457 ] - [ 94660 ]
[ 5829 6184 54761 ] - [ 94672 ]
[ 5830 25943 76152 ] - [ 89758 ]
[ 5848 17109 ] - [ 94687 ]
[ 5852 10032 27323 ] - [ 94689 ]
[ 5852 10032 27323 ] - [ 94690 94691 ]
[ 5855 26659 59529 ] - [ 93941 ]
[ 5855 26659 59529 ] - [ 94693 ]
[ 5859 81732 ] - [ 94696 ]
[ 5864 75544 ] - [ 94701 ]
[ 5864 75544 ] - [ 94702 ]
[ 5873 24202 ] - [ 94708 ]
[ 5873 24202 ] - [ 94709 ]
[ 5881 71732 ] - [ 94716 ]
[ 5883 21297 ] - [ 94718 ]
[ 5895 20406 ] - [ 94729 ]
[ 5907 35062 ] - [ 94741 ]
[ 5912 7390 38076 ] - [ 94746 ]
[ 5917 22248 ] - [ 90610 ]
[ 5918 85788 ] - [ 94753 ]
[ 5919 44043 73972 ] - [ 94754 ]
[ 5922 63791 ] - [ 94755 ]
[ 5938 17813 38384 ] - [ 94766 ]
[ 5944 25256 ] - [ 94768 ]
[ 5953 19875 ] - [ 93244 ]
[ 5953 19875 ] - [ 94774 ]
[ 5953 19875 ] - [ 94775 ]
[ 5955 12464 ] - [ 90639 ]
[ 5966 29562 ] - [ 94781 ]
[ 5969 11670 35790 ] - [ 92923 ]
[ 5975 16421 ] - [ 94377 ]
[ 5996 40812 84587 ] - [ 94802 ]
[ 5997 20807 ] - [ 94803 94804 ]
[ 6002 38020 45057 ] - [ 94806 ]
[ 6002 38020 45057 ] - [ 94807 ]
[ 6002 38020 45057 ] - [ 94808 ]
[ 6008 36813 ] - [ 94815 ]
[ 6015 ] - [ 94820 ]
[ 6019 21744 ] - [ 91901 ]
[ 6031 6032 52833 ] - [ 94837 ]
[ 6031 6032 52833 ] - [ 94838 ]
[ 6038 15783 ] - [ 94846 ]
[ 6038 15783 ] - [ 94847 ]
[ 6038 15783 ] - [ 94848 ]
[ 6038 15783 ] - [ 94849 ]
[ 6040 39963 ] - [ 94852 ]
[ 6049 12207 48635 ] - [ 89813 ]
[ 6050 29855 ] - [ 94859 ]
[ 6061 7020 ] - [ 89483 ]
[ 6061 7020 ] - [ 94193 ]
[ 6064 13588 57549 ] - [ 94864 ]
[ 6064 13588 57549 ] - [ 94865 ]
[ 6070 35798 86589 ] - [ 94871 ]
[ 6072 8923 33245 ] - [ 94873 ]
[ 6077 12026 ] - [ 91787 ]
[ 6081 44202 65838 ] - [ 94882 ]
[ 6082 39795 43056 ] - [ 94883 ]
[ 6086 53969 ] - [ 94884 ]
[ 6092 35292 ] - [ 94890 ]
[ 6099 11722 37225 ] - [ 92909 ]
[ 6100 85990 ] - [ 94896 ]
[ 6101 20365 ] - [ 94897 ]
[ 6126 22384 85219 ] - [ 94916 ]
[ 6131 26535 44529 ] - [ 94926 ]
[ 6132 56124 ] - [ 94927 ]
[ 6132 56124 ] - [ 94928 ]
[ 6139 13525 ] - [ 94931 ]
[ 6144 19292 37051 ] - [ 94937 ]
[ 6145 9925 13158 ] - [ 91068 ]
[ 6145 9925 13158 ] - [ 94938 94939 ]
[ 6147 65337 ] - [ 94942 ]
[ 6153 19488 ] - [ 91210 ]
[ 6153 19488 ] - [ 91527 ]
[ 6168 25830 30756 ] - [ 92311 ]
[ 6177 22879 34760 ] - [ 93487 ]
[ 6177 22879 34760 ] - [ 94959 ]
[ 6178 20850 ] - [ 94960 ]
[ 6180 63932 ] - [ 94961 ]
[ 6180 63932 ] - [ 94962 ]
[ 6194 8234 ] - [ 93254 ]
[ 6195 87097 ] - [ 94968 ]
[ 6214 14916 80981 ] - [ 90831 ]
[ 6228 59059 59112 ] - [ 94976 ]
[ 6228 59059 59112 ] - [ 94977 ]
[ 6228 59059 59112 ] - [ 94978 ]
[ 6229 21060 47811 ] - [ 92566 ]
[ 6232 21768 29050 ] - [ 94989 ]
[ 6246 72101 ] - [ 94999 ]
[ 6267 28875 ] - [ 91132 ]
[ 6282 14661 ] - [ 95032 ]
[ 6291 25871 76097 ] - [ 95043 ]
[ 6297 35098 38450 ] - [ 91068 ]
[ 6297 35098 38450 ] - [ 95048 ]
[ 6297 35098 38450 ] - [ 95049 ]
[ 6314 25287 25291 ] - [ 95064 ]
[ 6314 25287 25291 ] - [ 95065 ]
[ 6314 25287 25291 ] - [ 95066 ]
[ 6316 6794 ] - [ 89442 ]
[ 6333 31769 ] - [ 89959 ]
[ 6333 31769 ] - [ 95080 ]
[ 6339 8538 ] - [ 94035 ]
[ 6346 28266 ] - [ 95102 ]
[ 6359 35792 ] - [ 95108 ]
[ 6362 17779 35596 ] - [ 95111 ]
[ 6362 17779 35596 ] - [ 95113 95114 ]
[ 6381 37095 45748 ] - [ 95123 ]
[ 6382 59333 ] - [ 95124 ]
[ 6386 55449 80040 ] - [ 95126 ]
[ 6388 17641 ] - [ 93016 ]
[ 6388 17641 ] - [ 95128 ]
[ 6398 79569 ] - [ 95130 ]
[ 6409 30188 ] - [ 91476 ]
[ 6409 30188 ] - [ 95138 ]
[ 6438 53054 ] - [ 94268 ]
[ 6442 10818 13093 ] - [ 94816 ]
[ 6442 10818 13093 ] - [ 95155 ]
[ 6447 34427 ] - [ 95159 ]
[ 6454 37845 ] - [ 95165 ]
[ 6460 6462 ] - [ 95175 ]
[ 6461 23375 ] - [ 91832 ]
[ 6487 8967 ] - [ 95186 ]
[ 6488 ] - [ 95187 ]
[ 6492 59278 ] - [ 95190 ]
[ 6508 6517 6519 ] - [ 95202 ]
[ 6508 6517 6519 ] - [ 95203 ]
[ 6515 47780 ] - [ 90818 ]
[ 6515 47780 ] - [ 90820 ]
[ 6520 8028 ] - [ 95211 ]
[ 6523 20782 ] - [ 89958 ]
[ 6523 20782 ] - [ 95212 ]
[ 6527 52550 68028 ] - [ 95215 ]
[ 6528 38263 38268 ] - [ 95216 ]
[ 6528 38263 38268 ] - [ 95217 ]
[ 6528 38263 38268 ] - [ 95218 ]
[ 6552 45389 ] - [ 95202 ]
[ 6558 15281 ] - [ 93651 ]
[ 6558 15281 ] - [ 95245 ]
[ 6566 31706 ] - [ 95253 95254 ]
[ 6566 31706 ] - [ 95255 ]
[ 6569 32503 ] - [ 95257 ]
[ 6570 6657 ] - [ 95258 ]
[ 6576 12556 ] - [ 95263 ]
[ 6581 50563 ] - [ 95202 ]
[ 6581 50563 ] - [ 95268 ]
[ 6586 18658 ] - [ 91155 ]
[ 6590 6591 26733 ] - [ 95270 ]
[ 6590 6591 26733 ] - [ 95271 ]
[ 6595 46403 ] - [ 94508 ]
[ 6595 46403 ] - [ 94509 ]
[ 6595 46403 ] - [ 95273 ]
[ 6595 46403 ] - [ 95274 ]
[ 6600 10765 37359 ] - [ 94508 ]
[ 6600 10765 37359 ] - [ 95273 ]
[ 6600 10765 37359 ] - [ 95274 ]
[ 6607 74626 ] - [ 92314 ]
[ 6608 60620 ] - [ 95281 ]
[ 6610 9440 53183 ] - [ 92962 ]
[ 6611 15952 ] - [ 91784 ]
[ 6617 45012 ] - [ 95283 ]
[ 6623 46554 46559 ] - [ 90633 ]
[ 6629 60818 ] - [ 90632 ]
[ 6629 60818 ] - [ 91188 ]
[ 6648 26685 ] - [ 93597 ]
[ 6648 26685 ] - [ 93598 ]
[ 6648 26685 ] - [ 95298 ]
[ 6649 87260 ] - [ 95299 ]
[ 6649 87260 ] - [ 95300 ]
[ 6663 6664 27479 ] - [ 89624 ]
[ 6671 42775 ] - [ 95316 ]
[ 6674 21121 ] - [ 89623 ]
[ 6676 88907 ] - [ 91991 ]
[ 6676 88907 ] - [ 95318 ]
[ 6676 88907 ] - [ 95319 ]
[ 6676 88907 ] - [ 95320 ]
[ 6678 39956 ] - [ 95321 ]
[ 6678 39956 ] - [ 95322 ]
[ 6678 39956 ] - [ 95323 ]
[ 6678 39956 ] - [ 95324 ]
[ 6690 10049 52472 ] - [ 93599 ]
[ 6698 61096 ] - [ 94662 ]
[ 6705 14750 64186 ] - [ 95346 ]
[ 6706 12826 13706 ] - [ 95347 ]
[ 6711 72084 72182 ] - [ 95349 ]
[ 6712 29213 ] - [ 95350 ]
[ 6714 46466 ] - [ 95351 ]
[ 6714 46466 ] - [ 95352 ]
[ 6717 7300 ] - [ 94341 ]
[ 6717 7300 ] - [ 94342 ]
[ 6717 7300 ] - [ 95354 ]
[ 6717 7300 ] - [ 95355 ]
[ 6717 ] - [ 95356 ]
[ 6728 16246 ] - [ 91515 ]
[ 6730 17597 39780 ] - [ 95368 ]
[ 6747 23973 ] - [ 95383 ]
[ 6756 19772 ] - [ 95386 ]
[ 6756 19772 ] - [ 95387 ]
[ 6761 72519 80854 ] - [ 95391 ]
[ 6763 12870 ] - [ 95392 ]
[ 6764 7203 7204 ] - [ 95393 ]
[ 6766 65777 ] - [ 90376 ]
[ 6766 65777 ] - [ 95395 ]
[ 6772 9720 ] - [ 92836 ]
[ 6777 6829 80813 ] - [ 95404 ]
[ 6777 6829 80813 ] - [ 95405 95406 ]
[ 6777 6829 80813 ] - [ 95407 ]
[ 6778 11660 12575 ] - [ 95408 ]
[ 6780 6816 24497 ] - [ 95411 ]
[ 6805 45834 ] - [ 95428 ]
[ 6811 46399 ] - [ 95432 ]
[ 6815 28660 38809 ] - [ 94806 ]
[ 6815 28660 38809 ] - [ 94807 ]
[ 6824 74055 ] - [ 92339 ]
[ 6824 74055 ] - [ 95437 ]
[ 6854 16719 83107 ] - [ 95464 ]
[ 6860 36090 ] - [ 95470 ]
[ 6864 32133 33071 ] - [ 94717 ]
[ 6864 32133 33071 ] - [ 95473 ]
[ 6870 16270 ] - [ 95479 ]
[ 6884 6885 ] - [ 90837 ]
[ 6884 6885 ] - [ 95488 ]
[ 6894 9329 ] - [ 90972 ]
[ 6894 9329 ] - [ 90973 ]
[ 6894 9329 ] - [ 94415 ]
[ 6903 14247 58883 ] - [ 95495 ]
[ 6924 71985 ] - [ 95507 ]
[ 6941 60756 ] - [ 95515 ]
[ 6941 60756 ] - [ 95516 ]
[ 6952 24051 86545 ] - [ 95526 ]
[ 6960 44098 ] - [ 95535 ]
[ 6979 47062 ] - [ 95543 ]
[ 6988 56238 ] - [ 95550 ]
[ 6997 59639 68859 ] - [ 95554 ]
[ 7003 11021 12191 ] - [ 90449 ]
[ 7003 11021 12191 ] - [ 95559 ]
[ 7006 84358 ] - [ 95562 ]
[ 7011 35655 ] - [ 95218 ]
[ 7011 35655 ] - [ 95275 ]
[ 7027 51577 62553 ] - [ 95580 ]
[ 7027 51577 62553 ] - [ 95581 ]
[ 7031 14935 49098 ] - [ 95585 ]
[ 7032 13875 ] - [ 95586 ]
[ 7037 73538 ] - [ 93818 ]
[ 7046 11291 ] - [ 91719 ]
[ 7046 11291 ] - [ 95593 ]
[ 7049 44745 ] - [ 92781 ]
[ 7074 50382 54517 ] - [ 95621 ]
[ 7075 55988 ] - [ 95622 ]
[ 7076 70546 ] - [ 95623 ]
[ 7100 10712 60158 ] - [ 92510 ]
[ 7101 7154 ] - [ 90632 ]
[ 7101 7154 ] - [ 94902 ]
[ 7105 8894 ] - [ 90972 ]
[ 7105 8894 ] - [ 90973 ]
[ 7105 8894 ] - [ 91908 ]
[ 7124 33754 43475 ] - [ 95651 95652 ]
[ 7162 50340 72690 ] - [ 95687 ]
[ 7170 83568 ] - [ 95699 ]
[ 7189 37770 ] - [ 95716 ]
[ 7194 49993 50169 ] - [ 95717 ]
[ 7217 82266 ] - [ 95733 ]
[ 7217 82266 ] - [ 95734 ]
[ 7235 27310 ] - [ 91188 ]
[ 7235 27310 ] - [ 95748 ]
[ 7237 43184 ] - [ 91188 ]
[ 7237 43184 ] - [ 95752 ]
[ 7242 86688 ] - [ 95759 ]
[ 7259 53710 ] - [ 95767 ]
[ 7264 47462 49580 ] - [ 95771 ]
[ 7271 16253 16254 ] - [ 95775 ]
[ 7272 26323 46175 ] - [ 91542 ]
[ 7272 26323 46175 ] - [ 95242 ]
[ 7272 26323 46175 ] - [ 95776 ]
[ 7273 77699 80188 ] - [ 95777 ]
[ 7282 12241 ] - [ 95785 ]
[ 7286 81057 ] - [ 91195 ]
[ 7290 68567 ] - [ 95790 ]
[ 7290 68567 ] - [ 95791 ]
[ 7293 15364 ] - [ 95794 ]
[ 7309 7312 7313 ] - [ 94902 ]
[ 7309 7312 7313 ] - [ 95809 ]
[ 7328 37085 81274 ] - [ 95822 ]
[ 7338 22850 22851 ] - [ 90960 ]
[ 7338 22850 22851 ] - [ 91815 ]
[ 7344 18048 ] - [ 95834 ]
[ 7349 7350 ] - [ 93541 ]
[ 7349 7350 ] - [ 95840 ]
[ 7349 7350 ] - [ 95841 ]
[ 7354 86435 ] - [ 93805 ]
[ 7354 86435 ] - [ 95842 ]
[ 7361 10274 36987 ] - [ 95847 ]
[ 7361 10274 36987 ] - [ 95848 ]
[ 7363 82734 ] - [ 93095 ]
[ 7383 44048 83001 ] - [ 95869 ]
[ 7388 76233 ] - [ 95873 ]
[ 7403 34421 ] - [ 95887 ]
[ 7411 29565 ] - [ 95895 ]
[ 7422 67050 ] - [ 95902 ]
[ 7422 67050 ] - [ 95903 ]
[ 7424 32042 65421 ] - [ 90176 ]
[ 7424 32042 65421 ] - [ 90177 ]
[ 7424 32042 65421 ] - [ 95904 ]
[ 7434 11709 31611 ] - [ 95912 ]
[ 7444 12049 38133 ] - [ 92799 ]
[ 7445 17230 ] - [ 93446 ]
[ 7445 17230 ] - [ 95918 ]
[ 7446 15698 ] - [ 95919 ]
[ 7448 14017 44482 ] - [ 90960 ]
[ 7458 8159 ] - [ 94903 ]
[ 7458 8159 ] - [ 95928 ]
[ 7458 8159 ] - [ 95929 ]
[ 7471 19277 ] - [ 94570 ]
[ 7472 72133 76324 ] - [ 95938 ]
[ 7477 26647 ] - [ 93765 ]
[ 7477 26647 ] - [ 93774 ]
[ 7497 7498 ] - [ 95731 ]
[ 7497 7498 ] - [ 95959 ]
[ 7502 12289 ] - [ 95961 ]
[ 7508 10195 33427 ] - [ 95965 ]
[ 7509 28582 ] - [ 95966 ]
[ 7513 44267 ] - [ 95971 ]
[ 7527 8491 ] - [ 95983 95984 ]
[ 7536 26958 28332 ] - [ 91460 ]
[ 7536 26958 28332 ] - [ 95986 ]
[ 7539 66013 ] - [ 89458 ]
[ 7550 37675 ] - [ 95990 ]
[ 7555 18581 ] - [ 95991 ]
[ 7559 ] - [ 95996 ]
[ 7567 7568 ] - [ 96012 ]
[ 7569 15165 ] - [ 96014 ]
[ 7570 59179 86422 ] - [ 96015 ]
[ 7571 72063 82388 ] - [ 96016 ]
[ 7585 50870 66966 ] - [ 92602 ]
[ 7601 67749 ] - [ 95183 ]
[ 7601 67749 ] - [ 96034 ]
[ 7601 67749 ] - [ 96035 ]
[ 7601 67749 ] - [ 96036 ]
[ 7603 7604 7738 ] - [ 96038 96039 ]
[ 7609 11314 ] - [ 94902 ]
[ 7609 11314 ] - [ 94903 ]
[ 7609 11314 ] - [ 94905 ]
[ 7609 11314 ] - [ 95929 ]
[ 7614 54842 ] - [ 96041 ]
[ 7625 11043 51291 ] - [ 91238 ]
[ 7631 29190 71956 ] - [ 96050 ]
[ 7631 29190 71956 ] - [ 96051 ]
[ 7656 9357 16083 ] - [ 96065 ]
[ 7660 8290 ] - [ 93195 ]
[ 7667 42699 ] - [ 96076 ]
[ 7671 88257 ] - [ 96078 ]
[ 7673 68256 ] - [ 96079 ]
[ 7678 39372 ] - [ 96088 ]
[ 7681 85493 ] - [ 95149 ]
[ 7686 28941 ] - [ 96093 ]
[ 7686 28941 ] - [ 96094 ]
[ 7706 27834 ] - [ 96106 ]
[ 7739 64141 64678 ] - [ 96128 ]
[ 7741 26506 32917 ] - [ 94888 ]
[ 7752 79519 ] - [ 96137 ]
[ 7771 8698 ] - [ 96145 ]
[ 7771 8698 ] - [ 96146 ]
[ 7776 14873 ] - [ 96148 ]
[ 7792 26938 ] - [ 96159 ]
[ 7799 36199 ] - [ 93554 ]
[ 7803 18325 ] - [ 91690 ]
[ 7803 18325 ] - [ 96164 ]
[ 7808 7845 ] - [ 96167 ]
[ 7818 21271 54404 ] - [ 96172 ]
[ 7821 53098 ] - [ 95637 ]
[ 7821 53098 ] - [ 96176 ]
[ 7827 88153 ] - [ 96180 ]
[ 7827 88153 ] - [ 96181 ]
[ 7828 13330 ] - [ 91423 ]
[ 7828 13330 ] - [ 91424 ]
[ 7828 13330 ] - [ 91503 ]
[ 7828 13330 ] - [ 96042 ]
[ 7835 27347 ] - [ 96188 ]
[ 7835 27347 ] - [ 96189 ]
[ 7839 22211 ] - [ 91846 ]
[ 7839 22211 ] - [ 92186 ]
[ 7855 63286 ] - [ 96203 ]
[ 7861 21174 ] - [ 90302 ]
[ 7865 12184 22832 ] - [ 92231 ]
[ 7865 12184 22832 ] - [ 92233 ]
[ 7868 39740 ] - [ 90942 ]
[ 7868 39740 ] - [ 96211 ]
[ 7869 10311 75580 ] - [ 90449 ]
[ 7869 10311 75580 ] - [ 90451 ]
[ 7869 10311 75580 ] - [ 91939 ]
[ 7869 10311 75580 ] - [ 95955 ]
[ 7895 84254 ] - [ 96229 ]
[ 7902 69319 ] - [ 96237 ]
[ 7906 52551 64083 ] - [ 96241 ]
[ 7918 8061 67263 ] - [ 91370 ]
[ 7941 45281 57356 ] - [ 96261 ]
[ 7951 8904 25319 ] - [ 91542 ]
[ 7966 10470 ] - [ 92461 ]
[ 7966 10470 ] - [ 92462 ]
[ 7966 10470 ] - [ 96275 ]
[ 7968 15830 85511 ] - [ 91964 ]
[ 7968 15830 85511 ] - [ 96277 ]
[ 7971 17666 ] - [ 96280 ]
[ 7981 14385 61450 ] - [ 95267 ]
[ 7995 62172 88922 ] - [ 96291 ]
[ 7998 76551 ] - [ 96292 ]
[ 8013 21471 64192 ] - [ 90004 ]
[ 8013 21471 64192 ] - [ 96304 ]
[ 8023 50990 ] - [ 90134 ]
[ 8025 16336 ] - [ 96313 ]
[ 8032 16920 ] - [ 96318 ]
[ 8032 16920 ] - [ 96319 ]
[ 8048 67266 ] - [ 96330 ]
[ 8052 35607 37652 ] - [ 96335 ]
[ 8052 35607 37652 ] - [ 96336 ]
[ 8069 11006 20629 ] - [ 89553 ]
[ 8069 11006 20629 ] - [ 96343 ]
[ 8072 8477 ] - [ 92680 ]
[ 8078 17322 ] - [ 92680 ]
[ 8078 17322 ] - [ 93065 ]
[ 8091 13632 31666 ] - [ 96352 ]
[ 8107 18243 ] - [ 96366 ]
[ 8113 43624 48660 ] - [ 94951 ]
[ 8120 28556 ] - [ 91275 ]
[ 8123 8437 11527 ] - [ 95820 ]
[ 8123 8437 11527 ] - [ 95821 ]
[ 8123 8437 11527 ] - [ 96371 ]
[ 8124 72424 ] - [ 96372 ]
[ 8127 26441 54641 ] - [ 96374 ]
[ 8149 9056 13196 ] - [ 92839 ]
[ 8149 9056 13196 ] - [ 96392 ]
[ 8163 22643 ] - [ 96400 ]
[ 8169 39523 ] - [ 92124 ]
[ 8169 39523 ] - [ 96407 ]
[ 8178 88751 ] - [ 89799 ]
[ 8178 88751 ] - [ 90111 ]
[ 8182 33862 53771 ] - [ 96415 ]
[ 8185 66621 ] - [ 96405 ]
[ 8203 13128 ] - [ 91346 ]
[ 8203 13128 ] - [ 96424 ]
[ 8205 44299 ] - [ 96425 ]
[ 8205 44299 ] - [ 96426 ]
[ 8216 12661 ] - [ 96435 ]
[ 8224 32090 38841 ] - [ 96441 ]
[ 8225 36510 45664 ] - [ 96442 ]
[ 8230 44401 77711 ] - [ 90415 ]
[ 8243 15546 ] - [ 96457 ]
[ 8252 14224 77034 ] - [ 96468 ]
[ 8255 15873 ] - [ 96469 ]
[ 8255 15873 ] - [ 96470 96471 ]
[ 8255 ] - [ 96472 ]
[ 8255 15873 ] - [ 96473 96474 ]
[ 8257 8775 65002 ] - [ 96476 ]
[ 8274 47576 ] - [ 91067 91069 91070 ]
[ 8274 47576 ] - [ 92862 ]
[ 8288 28281 ] - [ 96504 96505 ]
[ 8295 10507 ] - [ 94341 ]
[ 8295 10507 ] - [ 94342 ]
[ 8295 10507 ] - [ 95354 ]
[ 8308 31973 ] - [ 96518 ]
[ 8326 10645 10646 ] - [ 96524 ]
[ 8333 22970 ] - [ 96526 ]
[ 8336 65236 ] - [ 96528 ]
[ 8347 9956 29001 ] - [ 90094 ]
[ 8370 64438 78389 ] - [ 96550 ]
[ 8377 16935 23646 ] - [ 96553 ]
[ 8386 14295 ] - [ 92317 ]
[ 8386 14295 ] - [ 96380 ]
[ 8389 18822 ] - [ 90609 ]
[ 8389 18822 ] - [ 95373 ]
[ 8390 52451 ] - [ 96564 ]
[ 8410 71378 ] - [ 91188 ]
[ 8410 71378 ] - [ 96575 ]
[ 8411 40164 ] - [ 92171 ]
[ 8411 40164 ] - [ 94212 ]
[ 8422 17198 ] - [ 91134 ]
[ 8422 17198 ] - [ 93493 ]
[ 8444 45234 ] - [ 96600 ]
[ 8444 45234 ] - [ 96601 ]
[ 8447 26743 ] - [ 96602 ]
[ 8448 35447 ] - [ 96603 ]
[ 8451 16107 16249 ] - [ 95242 ]
[ 8464 17187 ] - [ 96611 ]
[ 8482 73167 ] - [ 96619 ]
[ 8492 55439 ] - [ 96630 ]
[ 8505 35119 ] - [ 96642 ]
[ 8506 41612 ] - [ 96643 96644 ]
[ 8508 28423 ] - [ 96645 ]
[ 8518 9177 ] - [ 92743 ]
[ 8518 9177 ] - [ 93712 ]
[ 8518 9177 ] - [ 94307 ]
[ 8536 8753 14831 ] - [ 92938 ]
[ 8540 37734 77188 ] - [ 96671 ]
[ 8565 41967 75737 ] - [ 96696 ]
[ 8573 23987 77314 ] - [ 96699 ]
[ 8574 36597 ] - [ 96700 ]
[ 8583 58337 ] - [ 96707 ]
[ 8584 8585 35875 ] - [ 95361 ]
[ 8584 8585 35875 ] - [ 96706 ]
[ 8602 19925 ] - [ 96724 ]
[ 8605 58884 ] - [ 96728 ]
[ 8609 10653 ] - [ 96732 ]
[ 8610 84838 ] - [ 96733 ]
[ 8614 68636 75045 ] - [ 96508 96509 ]
[ 8615 8618 ] - [ 96508 96509 ]
[ 8615 8618 ] - [ 96736 ]
[ 8633 75398 77779 ] - [ 96753 ]
[ 8645 15441 20506 ] - [ 96760 ]
[ 8651 32252 58665 ] - [ 93378 ]
[ 8652 8788 ] - [ 91276 ]
[ 8652 8788 ] - [ 96766 ]
[ 8653 23122 ] - [ 96767 ]
[ 8661 15013 ] - [ 96447 ]
[ 8673 26173 36283 ] - [ 91574 ]
[ 8673 26173 36283 ] - [ 95909 ]
[ 8710 12882 84393 ] - [ 89992 ]
[ 8716 22618 ] - [ 96808 ]
[ 8717 48145 ] - [ 96809 ]
[ 8723 10541 ] - [ 96814 ]
[ 8724 42186 46395 ] - [ 96815 ]
[ 8726 17873 52699 ] - [ 90583 ]
[ 8736 22439 ] - [ 96820 ]
[ 8763 34267 ] - [ 96852 ]
[ 8765 29543 ] - [ 96853 ]
[ 8765 29543 ] - [ 96854 ]
[ 8769 13205 ] - [ 90854 ]
[ 8769 13205 ] - [ 92121 ]
[ 8780 16600 18908 ] - [ 92297 ]
[ 8785 17307 ] - [ 96867 ]
[ 8786 53397 54049 ] - [ 96868 ]
[ 8794 18602 ] - [ 90002 ]
[ 8794 18602 ] - [ 96875 ]
[ 8799 19918 ] - [ 96879 96880 ]
[ 8805 78081 ] - [ 94234 ]
[ 8813 15525 ] - [ 92048 ]
[ 8815 30673 ] - [ 94876 ]
[ 8815 30673 ] - [ 96890 ]
[ 8827 69819 ] - [ 96903 ]
[ 8835 8836 ] - [ 96909 ]
[ 8843 22366 ] - [ 96913 ]
[ 8843 22366 ] - [ 96914 ]
[ 8843 22366 ] - [ 96915 ]
[ 8850 61771 ] - [ 90941 ]
[ 8850 61771 ] - [ 96916 96917 ]
[ 8852 20231 ] - [ 96918 ]
[ 8862 17298 61214 ] - [ 96926 ]
[ 8873 26277 72454 ] - [ 96932 ]
[ 8874 9276 16730 ] - [ 96933 ]
[ 8880 89183 ] - [ 96935 ]
[ 8901 25203 64624 ] - [ 96945 ]
[ 8909 47117 ] - [ 96951 ]
[ 8911 28754 ] - [ 96953 96954 ]
[ 8912 74100 ] - [ 92391 ]
[ 8912 74100 ] - [ 96955 ]
[ 8925 62022 ] - [ 96968 ]
[ 8929 49536 ] - [ 89970 ]
[ 8932 33132 ] - [ 96978 ]
[ 8933 31916 ] - [ 91201 ]
[ 8935 28814 ] - [ 96980 ]
[ 8944 14399 ] - [ 96984 ]
[ 8945 9514 35766 ] - [ 96970 ]
[ 8948 39371 ] - [ 96985 ]
[ 8954 8981 72719 ] - [ 96987 ]
[ 8964 36504 ] - [ 96993 ]
[ 8964 36504 ] - [ 96994 ]
[ 8964 36504 ] - [ 96995 ]
[ 8969 73730 ] - [ 96996 ]
[ 8972 74590 ] - [ 96998 ]
[ 8977 23578 ] - [ 97000 ]
[ 8979 22685 36063 ] - [ 97002 ]
[ 8982 30566 ] - [ 97003 ]
[ 8983 9031 ] - [ 91313 ]
[ 8983 9031 ] - [ 97004 ]
[ 8989 29445 48506 ] - [ 97007 ]
[ 9076 67492 ] - [ 96970 ]
[ 9076 67492 ] - [ 96971 ]
[ 9076 67492 ] - [ 97031 ]
[ 9080 9501 43585 ] - [ 96970 ]
[ 9080 9501 43585 ] - [ 96971 ]
[ 9080 9501 43585 ] - [ 97032 97033 ]
[ 9091 9092 78145 ] - [ 97037 ]
[ 9100 24789 87825 ] - [ 97039 ]
[ 9127 25340 ] - [ 97040 ]
[ 9136 9137 ] - [ 97044 ]
[ 9151 9152 ] - [ 97046 ]
[ 9151 9152 ] - [ 97047 ]
[ 9157 25851 42704 ] - [ 91946 ]
[ 9172 9173 ] - [ 93660 ]
[ 9172 9173 ] - [ 97039 ]
[ 9174 43356 ] - [ 97052 ]
[ 9190 12675 ] - [ 90972 ]
[ 9190 12675 ] - [ 90973 ]
[ 9190 12675 ] - [ 91081 ]
[ 9198 10590 18909 ] - [ 90260 ]
[ 9198 10590 18909 ] - [ 94790 ]
[ 9206 18743 23435 ] - [ 90506 ]
[ 9216 17624 ] - [ 96065 ]
[ 9216 17624 ] - [ 97069 ]
[ 9222 57459 ] - [ 97075 ]
[ 9228 63888 ] - [ 92660 ]
[ 9232 45125 ] - [ 92983 ]
[ 9239 11143 ] - [ 97088 ]
[ 9259 9262 ] - [ 97103 97104 ]
[ 9261 9267 9268 ] - [ 97105 97106 ]
[ 9274 38967 57698 ] - [ 97111 ]
[ 9282 45702 48762 ] - [ 97116 ]
[ 9287 57544 ] - [ 90449 ]
[ 9287 57544 ] - [ 90450 ]
[ 9287 57544 ] - [ 90451 ]
[ 9287 57544 ] - [ 95722 ]
[ 9289 14585 28399 ] - [ 95722 ]
[ 9294 9305 ] - [ 90449 ]
[ 9294 9305 ] - [ 90450 ]
[ 9295 13094 ] - [ 93300 ]
[ 9295 13094 ] - [ 94816 ]
[ 9312 87528 ] - [ 97125 ]
[ 9316 54228 ] - [ 97127 ]
[ 9318 28405 37090 ] - [ 97131 ]
[ 9334 76099 86252 ] - [ 96674 ]
[ 9335 13368 58390 ] - [ 97145 ]
[ 9341 79069 ] - [ 97149 ]
[ 9348 34431 ] - [ 97152 ]
[ 9348 34431 ] - [ 97153 ]
[ 9361 27309 ] - [ 97159 ]
[ 9362 37001 ] - [ 97160 ]
[ 9409 31144 ] - [ 93081 ]
[ 9416 45360 52971 ] - [ 89937 ]
[ 9418 81916 ] - [ 95941 ]
[ 9420 11178 24988 ] - [ 97193 ]
[ 9422 9427 31910 ] - [ 89910 ]
[ 9432 20681 ] - [ 92685 ]
[ 9432 20681 ] - [ 97203 ]
[ 9448 17774 72946 ] - [ 90991 ]
[ 9457 20085 24671 ] - [ 95029 ]
[ 9462 16881 77715 ] - [ 97215 ]
[ 9469 72682 ] - [ 97216 ]
[ 9469 72682 ] - [ 97217 ]
[ 9473 31850 ] - [ 97218 ]
[ 9478 27219 ] - [ 97221 ]
[ 9485 78791 ] - [ 97224 ]
[ 9494 12403 ] - [ 97230 ]
[ 9500 13534 ] - [ 93035 ]
[ 9511 38579 ] - [ 93457 ]
[ 9511 38579 ] - [ 97239 ]
[ 9517 67745 ] - [ 97244 ]
[ 9539 16461 28209 ] - [ 91944 ]
[ 9539 16461 28209 ] - [ 93867 ]
[ 9540 37552 74548 ] - [ 97253 ]
[ 9548 13414 ] - [ 89364 ]
[ 9550 37617 82581 ] - [ 97256 ]
[ 9554 36903 ] - [ 97258 ]
[ 9557 20613 ] - [ 97261 ]
[ 9563 18678 ] - [ 96056 ]
[ 9567 49212 ] - [ 97267 ]
[ 9574 31008 ] - [ 92954 ]
[ 9574 31008 ] - [ 97273 ]
[ 9588 28072 ] - [ 89380 ]
[ 9588 28072 ] - [ 91391 ]
[ 9594 23615 ] - [ 91188 ]
[ 9594 23615 ] - [ 97281 ]
[ 9596 29274 ] - [ 97282 ]
[ 9603 48965 79181 ] - [ 97269 ]
[ 9618 15710 ] - [ 97294 ]
[ 9632 21108 49719 ] - [ 97304 ]
[ 9634 82332 ] - [ 94644 ]
[ 9641 12921 ] - [ 92231 ]
[ 9641 12921 ] - [ 97311 ]
[ 9641 12921 ] - [ 97312 ]
[ 9643 48701 64803 ] - [ 97313 ]
[ 9675 9687 9688 ] - [ 96407 ]
[ 9675 9687 9688 ] - [ 97330 ]
[ 9676 55696 56279 ] - [ 97331 ]
[ 9705 22079 ] - [ 94444 ]
[ 9705 22079 ] - [ 97350 ]
[ 9713 11693 81104 ] - [ 97355 ]
[ 9722 80688 ] - [ 97357 ]
[ 9723 16260 ] - [ 92649 ]
[ 9730 21011 26512 ] - [ 97362 ]
[ 9746 47528 82336 ] - [ 97372 ]
[ 9748 73342 ] - [ 97375 ]
[ 9768 9769 ] - [ 97342 ]
[ 9785 13608 14058 ] - [ 97394 ]
[ 9808 16203 ] - [ 97403 ]
[ 9820 11106 40227 ] - [ 94641 ]
[ 9837 15526 36368 ] - [ 92794 ]
[ 9848 80226 81123 ] - [ 97421 ]
[ 9870 19266 20654 ] - [ 94444 ]
[ 9870 19266 20654 ] - [ 97441 ]
[ 9870 19266 20654 ] - [ 97442 ]
[ 9873 13447 64789 ] - [ 91057 ]
[ 9879 9880 ] - [ 97450 ]
[ 9879 9880 ] - [ 97451 ]
[ 9884 34584 66631 ] - [ 97452 97453 ]
[ 9887 55612 ] - [ 97457 ]
[ 9891 22170 ] - [ 97332 ]
[ 9897 23331 ] - [ 97463 ]
[ 9898 31484 ] - [ 91246 ]
[ 9898 31484 ] - [ 97464 ]
[ 9902 16967 40018 ] - [ 97468 ]
[ 9902 16967 40018 ] - [ 97469 ]
[ 9904 45471 ] - [ 94783 ]
[ 9912 38849 47587 ] - [ 97479 ]
[ 9917 41369 42669 ] - [ 93079 ]
[ 9922 34569 ] - [ 97484 ]
[ 9932 9934 68913 ] - [ 97493 ]
[ 9935 32692 ] - [ 90341 ]
[ 9951 18226 48012 ] - [ 97501 ]
[ 9952 25608 ] - [ 97502 ]
[ 9961 35985 38505 ] - [ 97506 ]
[ 9963 10026 ] - [ 93712 ]
[ 9963 10026 ] - [ 97165 ]
[ 9964 15787 ] - [ 97507 ]
[ 9973 16325 45494 ] - [ 92519 ]
[ 9976 15066 ] - [ 97512 ]
[ 9978 17165 22722 ] - [ 96341 ]
[ 9982 53743 ] - [ 97518 ]
[ 9985 14281 ] - [ 97415 ]
[ 9997 29475 ] - [ 94001 ]
[ 9997 29475 ] - [ 97531 ]
[ 9998 89164 ] - [ 97532 ]
[ 10015 16518 ] - [ 92831 ]
[ 10015 16518 ] - [ 93621 ]
[ 10022 36513 ] - [ 97542 97543 ]
[ 10030 10276 ] - [ 93712 ]
[ 10030 10276 ] - [ 97194 ]
[ 10030 10276 ] - [ 97195 ]
[ 10033 85284 ] - [ 97544 ]
[ 10034 67958 ] - [ 97545 ]
[ 10037 74671 82515 ] - [ 89598 ]
[ 10073 34445 ] - [ 90709 ]
[ 10099 10203 11576 ] - [ 94003 ]
[ 10099 10203 11576 ] - [ 96118 ]
[ 10099 10203 11576 ] - [ 97573 ]
[ 10119 41260 45036 ] - [ 96090 ]
[ 10120 28238 56029 ] - [ 94212 ]
[ 10120 28238 56029 ] - [ 94296 ]
[ 10122 49164 ] - [ 97582 ]
[ 10133 17324 87745 ] - [ 97591 ]
[ 10146 17667 ] - [ 97604 ]
[ 10150 34443 ] - [ 97609 ]
[ 10160 50198 ] - [ 97614 ]
[ 10160 50198 ] - [ 97615 ]
[ 10160 50198 ] - [ 97616 ]
[ 10168 24532 83857 ] - [ 97622 ]
[ 10180 70854 ] - [ 97633 ]
[ 10181 48037 72566 ] - [ 97634 ]
[ 10182 13532 ] - [ 94200 ]
[ 10182 13532 ] - [ 97635 ]
[ 10185 33552 45453 ] - [ 97636 ]
[ 10208 20884 ] - [ 97657 ]
[ 10211 28960 ] - [ 92185 ]
[ 10211 28960 ] - [ 95815 ]
[ 10211 28960 ] - [ 96093 ]
[ 10213 76591 ] - [ 97660 ]
[ 10218 38521 52461 ] - [ 94003 ]
[ 10218 38521 52461 ] - [ 97665 ]
[ 10238 58681 ] - [ 97686 ]
[ 10241 77227 ] - [ 97688 ]
[ 10249 31430 ] - [ 97692 ]
[ 10265 13232 ] - [ 97705 ]
[ 10291 47670 47671 ] - [ 97720 ]
[ 10307 52087 ] - [ 91939 ]
[ 10307 52087 ] - [ 93926 ]
[ 10310 82583 ] - [ 97730 ]
[ 10310 82583 ] - [ 97731 ]
[ 10310 82583 ] - [ 97732 ]
[ 10311 ] - [ 93926 ]
[ 10313 28358 ] - [ 95955 ]
[ 10313 28358 ] - [ 97733 ]
[ 10318 88620 ] - [ 97736 ]
[ 10326 13843 44904 ] - [ 97741 ]
[ 10342 46259 ] - [ 96331 ]
[ 10344 12126 ] - [ 97749 ]
[ 10345 38069 85669 ] - [ 93689 ]
[ 10349 58066 ] - [ 94508 ]
[ 10349 58066 ] - [ 95273 ]
[ 10349 58066 ] - [ 97753 ]
[ 10353 14064 ] - [ 97757 ]
[ 10359 63055 ] - [ 97760 ]
[ 10360 11523 14860 ] - [ 94964 ]
[ 10360 11523 14860 ] - [ 96876 ]
[ 10361 29538 ] - [ 97320 ]
[ 10367 32367 49294 ] - [ 92289 ]
[ 10385 11790 ] - [ 97774 ]
[ 10385 11790 ] - [ 97775 ]
[ 10403 18488 20378 ] - [ 97789 ]
[ 10413 72406 ] - [ 97794 ]
[ 10426 10575 13165 ] - [ 97805 ]
[ 10451 54124 ] - [ 97818 ]
[ 10459 44829 ] - [ 97822 ]
[ 10459 44829 ] - [ 97823 97824 97825 ]
[ 10464 59170 ] - [ 97830 ]
[ 10464 59170 ] - [ 97831 ]
[ 10467 79001 ] - [ 96609 ]
[ 10467 79001 ] - [ 96610 ]
[ 10467 79001 ] - [ 96618 ]
[ 10491 73653 77038 ] - [ 97850 ]
[ 10492 22987 ] - [ 95912 ]
[ 10492 22987 ] - [ 97851 ]
[ 10499 13758 ] - [ 90721 ]
[ 10499 13758 ] - [ 97854 ]
[ 10499 13758 ] - [ 97855 ]
[ 10508 20483 ] - [ 95138 ]
[ 10508 20483 ] - [ 97860 ]
[ 10518 25631 ] - [ 93656 ]
[ 10518 25631 ] - [ 93657 ]
[ 10518 25631 ] - [ 97868 ]
[ 10520 11276 24780 ] - [ 93729 ]
[ 10520 11276 24780 ] - [ 97870 ]
[ 10523 55015 ] - [ 97871 ]
[ 10523 55015 ] - [ 97872 ]
[ 10539 36050 ] - [ 91287 ]
[ 10539 36050 ] - [ 97875 ]
[ 10559 37439 58489 ] - [ 97891 ]
[ 10560 22217 ] - [ 97892 ]
[ 10563 40684 ] - [ 97894 ]
[ 10568 45209 82723 ] - [ 92538 ]
[ 10572 19302 ] - [ 97900 ]
[ 10576 12533 ] - [ 94862 ]
[ 10587 12648 ] - [ 97908 ]
[ 10587 12789 34197 ] - [ 97908 ]
[ 10587 12648 ] - [ 97909 ]
[ 10587 12789 34197 ] - [ 97909 ]
[ 10587 12648 ] - [ 97910 ]
[ 10587 12648 ] - [ 97911 ]
[ 10587 12789 34197 ] - [ 97911 ]
[ 10587 12789 34197 ] - [ 97912 ]
[ 10589 26200 ] - [ 97914 ]
[ 10597 23277 68322 ] - [ 97916 ]
[ 10602 61813 ] - [ 97918 ]
[ 10605 44525 ] - [ 97919 ]
[ 10605 44525 ] - [ 97920 ]
[ 10620 84453 ] - [ 97926 ]
[ 10622 12758 ] - [ 91313 ]
[ 10622 12758 ] - [ 94001 ]
[ 10623 60784 61027 ] - [ 97927 ]
[ 10630 32919 ] - [ 97932 ]
[ 10638 13579 ] - [ 96114 ]
[ 10662 58297 60866 ] - [ 97953 ]
[ 10664 30912 ] - [ 97954 ]
[ 10669 48522 74012 ] - [ 97958 ]
[ 10693 14425 ] - [ 92846 ]
[ 10693 14425 ] - [ 92847 ]
[ 10693 14425 ] - [ 93447 93448 ]
[ 10699 26180 74697 ] - [ 97974 ]
[ 10700 56263 ] - [ 97975 ]
[ 10708 25965 ] - [ 97977 ]
[ 10713 49969 ] - [ 97980 ]
[ 10713 49969 ] - [ 97981 ]
[ 10729 79663 ] - [ 94428 ]
[ 10729 79663 ] - [ 97985 ]
[ 10738 15395 20019 ] - [ 93073 ]
[ 10738 15395 20019 ] - [ 93941 ]
[ 10759 37501 ] - [ 90156 ]
[ 10759 37501 ] - [ 90157 ]
[ 10759 37501 ] - [ 90158 ]
[ 10759 37501 ] - [ 98001 ]
[ 10766 84739 ] - [ 98005 ]
[ 10767 61076 ] - [ 89559 ]
[ 10767 61076 ] - [ 98006 ]
[ 10771 40569 ] - [ 94864 ]
[ 10771 40569 ] - [ 94865 ]
[ 10771 40569 ] - [ 98007 ]
[ 10783 23419 23422 ] - [ 93688 ]
[ 10783 23419 23422 ] - [ 98016 98017 98018 ]
[ 10788 32023 ] - [ 98023 ]
[ 10789 84965 ] - [ 98024 ]
[ 10789 84965 ] - [ 98025 98026 ]
[ 10793 69258 70364 ] - [ 98029 ]
[ 10801 64182 ] - [ 95582 ]
[ 10801 64182 ] - [ 98033 ]
[ 10808 43750 ] - [ 90413 ]
[ 10834 31874 ] - [ 98046 ]
[ 10837 25131 43550 ] - [ 98049 98050 ]
[ 10853 29390 ] - [ 98054 ]
[ 10857 27812 ] - [ 98055 ]
[ 10875 88817 88819 ] - [ 95425 ]
[ 10875 88817 88819 ] - [ 98061 ]
[ 10895 25810 ] - [ 98083 ]
[ 10895 25810 ] - [ 98084 ]
[ 10898 62620 ] - [ 94902 ]
[ 10919 36484 ] - [ 98110 ]
[ 10931 55267 ] - [ 98121 ]
[ 10932 72675 ] - [ 98122 98123 ]
[ 10936 27023 ] - [ 89518 ]
[ 10936 27023 ] - [ 92580 ]
[ 10954 65007 ] - [ 98126 ]
[ 10955 25156 ] - [ 92233 ]
[ 10962 12527 ] - [ 98130 ]
[ 10962 12527 ] - [ 98131 ]
[ 10971 41313 41315 ] - [ 98137 ]
[ 10989 13130 ] - [ 98154 ]
[ 10996 17220 ] - [ 98161 ]
[ 11002 39543 64841 ] - [ 98165 ]
[ 11005 44340 ] - [ 91649 ]
[ 11005 44340 ] - [ 94184 ]
[ 11005 44340 ] - [ 98168 ]
[ 11009 47537 ] - [ 98171 ]
[ 11012 44257 ] - [ 98172 ]
[ 11023 28417 35457 ] - [ 98177 ]
[ 11027 ] - [ 94308 ]
[ 11029 40141 ] - [ 92175 ]
[ 11030 19440 ] - [ 98185 ]
[ 11031 56937 ] - [ 96173 ]
[ 11033 52948 ] - [ 98186 ]
[ 11033 52948 ] - [ 98187 ]
[ 11034 57324 ] - [ 91617 ]
[ 11034 57324 ] - [ 98188 ]
[ 11053 13464 ] - [ 98201 ]
[ 11060 66258 ] - [ 98211 ]
[ 11060 66258 ] - [ 98212 ]
[ 11065 16165 50140 ] - [ 98216 ]
[ 11076 22393 41693 ] - [ 91425 ]
[ 11076 22393 41693 ] - [ 98222 ]
[ 11090 88449 ] - [ 98234 ]
[ 11107 81246 ] - [ 98212 ]
[ 11118 79678 ] - [ 93975 ]
[ 11119 26555 ] - [ 91954 ]
[ 11119 26555 ] - [ 92756 ]
[ 11130 39653 ] - [ 93484 ]
[ 11134 16483 28353 ] - [ 89384 ]
[ 11148 76029 ] - [ 98269 ]
[ 11149 29876 86953 ] - [ 97020 ]
[ 11154 50086 65023 ] - [ 90495 ]
[ 11171 86124 ] - [ 98282 ]
[ 11187 54315 77924 ] - [ 90258 ]
[ 11211 17371 18235 ] - [ 91423 ]
[ 11211 17371 18235 ] - [ 91424 ]
[ 11218 28520 ] - [ 91503 ]
[ 11220 87723 ] - [ 98312 ]
[ 11224 73087 ] - [ 98318 ]
[ 11239 34482 ] - [ 98327 ]
[ 11248 71698 ] - [ 98335 ]
[ 11256 21457 41546 ] - [ 98339 ]
[ 11262 33814 ] - [ 90149 ]
[ 11262 33814 ] - [ 98344 ]
[ 11277 41297 ] - [ 98350 ]
[ 11280 40142 ] - [ 89380 ]
[ 11280 40142 ] - [ 94291 ]
[ 11303 21436 ] - [ 90656 ]
[ 11312 73520 ] - [ 93696 ]
[ 11321 21102 ] - [ 98377 98378 ]
[ 11328 15139 81906 ] - [ 98384 ]
[ 11335 11340 ] - [ 98391 ]
[ 11336 11338 ] - [ 98391 ]
[ 11336 11338 ] - [ 98392 ]
[ 11339 17293 20258 ] - [ 98394 ]
[ 11350 52083 ] - [ 98402 ]
[ 11351 17832 ] - [ 98403 ]
[ 11352 22142 75980 ] - [ 98404 ]
[ 11377 19732 34651 ] - [ 98421 ]
[ 11378 11379 25376 ] - [ 98422 ]
[ 11383 58985 ] - [ 98423 ]
[ 11386 77050 ] - [ 98424 ]
[ 11386 77050 ] - [ 98425 ]
[ 11387 23337 ] - [ 98426 ]
[ 11394 18699 18858 ] - [ 98428 ]
[ 11398 30696 31280 ] - [ 98432 ]
[ 11406 25847 ] - [ 98443 ]
[ 11409 21576 ] - [ 98445 ]
[ 11411 11434 36917 ] - [ 89477 ]
[ 11412 24100 ] - [ 98448 ]
[ 11413 22191 77903 ] - [ 98203 ]
[ 11417 32011 71402 ] - [ 98450 ]
[ 11422 18980 ] - [ 91547 ]
[ 11422 18980 ] - [ 98457 ]
[ 11444 69362 ] - [ 89755 ]
[ 11444 69362 ] - [ 94706 ]
[ 11451 39264 ] - [ 98471 ]
[ 11460 44617 73405 ] - [ 90398 ]
[ 11466 73029 ] - [ 98480 ]
[ 11468 39228 ] - [ 92124 ]
[ 11468 39228 ] - [ 97719 ]
[ 11477 41980 ] - [ 93217 ]
[ 11477 41980 ] - [ 98488 ]
[ 11490 28632 ] - [ 98495 ]
[ 11518 17211 17370 ] - [ 91423 ]
[ 11518 17211 17370 ] - [ 91425 ]
[ 11521 50078 ] - [ 97222 ]
[ 11533 30262 ] - [ 95237 ]
[ 11536 35336 ] - [ 90176 ]
[ 11536 35336 ] - [ 96233 ]
[ 11536 35336 ] - [ 98530 ]
[ 11539 71509 ] - [ 89485 ]
[ 11548 13628 ] - [ 97785 ]
[ 11553 14377 82868 ] - [ 98539 ]
[ 11558 33875 68339 ] - [ 98542 ]
[ 11565 11567 ] - [ 98545 ]
[ 11568 62843 ] - [ 98546 ]
[ 11577 31360 ] - [ 95072 ]
[ 11577 31360 ] - [ 98551 ]
[ 11577 31360 ] - [ 98552 ]
[ 11586 17423 ] - [ 92118 ]
[ 11586 17423 ] - [ 98558 ]
[ 11613 33310 ] - [ 97073 ]
[ 11623 11624 ] - [ 95139 ]
[ 11623 11624 ] - [ 97995 ]
[ 11623 11624 ] - [ 98199 ]
[ 11623 11624 ] - [ 98580 ]
[ 11635 60681 ] - [ 97788 ]
[ 11637 47363 83323 ] - [ 93513 ]
[ 11650 88269 ] - [ 91163 ]
[ 11679 13084 22140 ] - [ 94222 ]
[ 11679 13084 22140 ] - [ 94402 ]
[ 11683 64127 ] - [ 98626 ]
[ 11686 53335 76997 ] - [ 98628 ]
[ 11704 65366 80339 ] - [ 98639 ]
[ 11734 14208 14768 ] - [ 92768 ]
[ 11739 11830 38694 ] - [ 98655 ]
[ 11741 58528 73916 ] - [ 98658 ]
[ 11755 34206 ] - [ 98667 ]
[ 11763 61343 ] - [ 98671 98672 ]
[ 11777 46644 ] - [ 98683 ]
[ 11797 48327 ] - [ 98696 ]
[ 11800 36524 60394 ] - [ 93559 ]
[ 11800 36524 60394 ] - [ 98699 ]
[ 11803 37256 ] - [ 98701 ]
[ 11808 28688 77624 ] - [ 98704 ]
[ 11810 39446 72937 ] - [ 94806 ]
[ 11810 39446 72937 ] - [ 98551 ]
[ 11826 40423 ] - [ 98713 ]
[ 11826 40423 ] - [ 98714 ]
[ 11842 32444 ] - [ 91198 ]
[ 11861 51220 ] - [ 98735 ]
[ 11880 12856 ] - [ 92231 ]
[ 11880 12856 ] - [ 92232 ]
[ 11880 12856 ] - [ 92234 ]
[ 11890 13566 ] - [ 93714 ]
[ 11890 13566 ] - [ 98759 ]
[ 11900 45348 49400 ] - [ 98767 ]
[ 11908 12091 12095 ] - [ 98774 ]
[ 11911 12922 ] - [ 89523 ]
[ 11911 12922 ] - [ 98776 ]
[ 11913 14115 25446 ] - [ 98778 ]
[ 11927 15579 ] - [ 93494 ]
[ 11927 15579 ] - [ 98781 ]
[ 11929 11930 17703 ] - [ 93494 ]
[ 11929 11930 17703 ] - [ 95663 ]
[ 11933 12145 18850 ] - [ 98783 ]
[ 11950 18281 ] - [ 92831 ]
[ 11950 18281 ] - [ 93539 ]
[ 11956 25233 ] - [ 98795 98796 ]
[ 11962 12325 ] - [ 98807 ]
[ 11967 28458 ] - [ 98809 ]
[ 11977 18302 ] - [ 98818 ]
[ 11982 14277 68343 ] - [ 92020 ]
[ 11986 72978 ] - [ 93714 ]
[ 11986 72978 ] - [ 98822 ]
[ 11996 15500 ] - [ 94170 ]
[ 11998 11999 ] - [ 98832 ]
[ 12002 86974 ] - [ 97490 97491 ]
[ 12002 86974 ] - [ 97492 ]
[ 12002 ] - [ 98834 ]
[ 12002 86974 ] - [ 98835 ]
[ 12004 28102 ] - [ 96233 ]
[ 12004 28102 ] - [ 96401 ]
[ 12006 60480 ] - [ 98836 ]
[ 12009 30324 ] - [ 98837 ]
[ 12017 73985 ] - [ 89687 ]
[ 12017 73985 ] - [ 90212 ]
[ 12022 39059 89116 ] - [ 98842 ]
[ 12025 30648 78341 ] - [ 97098 ]
[ 12030 77333 ] - [ 98849 ]
[ 12033 34463 ] - [ 90210 ]
[ 12033 34463 ] - [ 91031 ]
[ 12039 53290 ] - [ 98854 ]
[ 12054 39283 ] - [ 98866 ]
[ 12063 43352 47056 ] - [ 98872 ]
[ 12073 33121 ] - [ 89461 ]
[ 12082 13023 ] - [ 98878 ]
[ 12088 40878 66821 ] - [ 98883 ]
[ 12102 60360 ] - [ 98897 ]
[ 12111 30800 ] - [ 98901 ]
[ 12116 19288 32944 ] - [ 98906 ]
[ 12117 12195 ] - [ 98907 ]
[ 12125 24479 32874 ] - [ 92171 ]
[ 12134 ] - [ 97311 ]
[ 12146 75933 ] - [ 98919 ]
[ 12154 63539 ] - [ 98924 ]
[ 12154 63539 ] - [ 98925 ]
[ 12161 29030 ] - [ 98928 ]
[ 12175 69950 ] - [ 98936 ]
[ 12177 23974 ] - [ 98341 ]
[ 12177 23974 ] - [ 98938 ]
[ 12179 12180 ] - [ 98939 ]
[ 12199 76571 ] - [ 93447 ]
[ 12209 28961 43179 ] - [ 96113 ]
[ 12209 28961 43179 ] - [ 98958 ]
[ 12218 20427 84449 ] - [ 92227 ]
[ 12219 30861 72452 ] - [ 98963 ]
[ 12221 12958 ] - [ 96648 ]
[ 12234 16126 ] - [ 98974 ]
[ 12251 23835 ] - [ 98991 ]
[ 12292 82701 ] - [ 99018 ]
[ 12293 18065 67316 ] - [ 99019 ]
[ 12320 13430 16832 ] - [ 94966 ]
[ 12320 13430 16832 ] - [ 98930 ]
[ 12320 13430 16832 ] - [ 99043 ]
[ 12329 76835 ] - [ 99058 ]
[ 12338 49856 ] - [ 99062 ]
[ 12345 16271 ] - [ 92292 ]
[ 12345 16271 ] - [ 93231 93232 ]
[ 12354 14083 ] - [ 99069 ]
[ 12361 25762 ] - [ 99072 ]
[ 12361 25762 ] - [ 99073 ]
[ 12366 23853 83709 ] - [ 93926 ]
[ 12370 17363 17364 ] - [ 90218 ]
[ 12370 17363 17364 ] - [ 94471 ]
[ 12371 79789 ] - [ 99079 ]
[ 12428 20253 79091 ] - [ 94342 ]
[ 12428 20253 79091 ] - [ 95355 ]
[ 12454 33907 ] - [ 98474 ]
[ 12454 33907 ] - [ 99124 ]
[ 12473 12795 ] - [ 98458 ]
[ 12473 12795 ] - [ 99140 ]
[ 12473 12795 ] - [ 99141 ]
[ 12476 68606 ] - [ 99142 ]
[ 12478 29258 ] - [ 92021 ]
[ 12478 29258 ] - [ 96262 96263 ]
[ 12478 29258 ] - [ 97795 ]
[ 12485 47155 ] - [ 93818 ]
[ 12485 47155 ] - [ 99147 ]
[ 12489 13000 84556 ] - [ 99149 ]
[ 12496 19596 ] - [ 92446 ]
[ 12513 17913 ] - [ 99165 ]
[ 12517 27972 ] - [ 99167 ]
[ 12518 79806 ] - [ 99168 99169 ]
[ 12537 45544 ] - [ 99181 99182 99183 ]
[ 12553 20568 24927 ] - [ 97908 ]
[ 12553 20568 24927 ] - [ 97909 ]
[ 12553 20568 24927 ] - [ 97911 ]
[ 12554 36702 45799 ] - [ 97908 ]
[ 12554 36702 45799 ] - [ 97909 ]
[ 12554 36702 45799 ] - [ 97912 ]
[ 12555 14779 79062 ] - [ 92729 ]
[ 12557 16648 57711 ] - [ 99199 ]
[ 12565 24115 ] - [ 96254 ]
[ 12573 14903 14904 ] - [ 99211 ]
[ 12593 38988 ] - [ 99218 ]
[ 12597 39686 ] - [ 99219 ]
[ 12614 34141 ] - [ 99228 ]
[ 12618 13245 41556 ] - [ 91967 ]
[ 12618 13245 41556 ] - [ 91968 ]
[ 12627 14777 ] - [ 99237 ]
[ 12632 17214 ] - [ 99234 ]
[ 12679 36812 53225 ] - [ 99269 ]
[ 12684 48832 ] - [ 89643 ]
[ 12684 48832 ] - [ 99273 ]
[ 12685 77646 77647 ] - [ 99274 ]
[ 12685 77646 77647 ] - [ 99275 ]
[ 12689 69799 ] - [ 99279 99280 ]
[ 12691 12692 12743 ] - [ 98393 ]
[ 12691 12692 12743 ] - [ 99284 ]
[ 12716 88347 89172 ] - [ 99293 ]
[ 12718 36874 ] - [ 94210 ]
[ 12719 28622 43057 ] - [ 99294 ]
[ 12733 55705 ] - [ 99303 ]
[ 12759 60248 ] - [ 99318 ]
[ 12769 43004 ] - [ 99324 ]
[ 12787 32205 ] - [ 91346 ]
[ 12787 32205 ] - [ 93343 ]
[ 12788 41033 ] - [ 98385 ]
[ 12788 41033 ] - [ 98790 ]
[ 12788 41033 ] - [ 99332 ]
[ 12789 34197 35451 ] - [ 97908 ]
[ 12789 34197 43955 ] - [ 97908 ]
[ 12789 34197 35451 ] - [ 97909 ]
[ 12789 34197 43955 ] - [ 97909 ]
[ 12789 34197 35451 ] - [ 97911 ]
[ 12789 34197 43955 ] - [ 97911 ]
[ 12789 34197 35451 ] - [ 97912 ]
[ 12789 34197 43955 ] - [ 97912 ]
[ 12793 19827 ] - [ 99335 ]
[ 12804 65321 66944 ] - [ 99339 ]
[ 12806 52165 ] - [ 94814 ]
[ 12813 33152 ] - [ 99348 ]
[ 12818 36707 ] - [ 91347 ]
[ 12818 36707 ] - [ 93446 ]
[ 12818 36707 ] - [ 99353 ]
[ 12818 36707 ] - [ 99354 ]
[ 12820 48570 ] - [ 93333 ]
[ 12828 30000 ] - [ 99359 ]
[ 12828 30000 ] - [ 99360 ]
[ 12839 13341 ] - [ 99365 ]
[ 12843 21995 80394 ] - [ 92421 ]
[ 12889 26791 79348 ] - [ 89953 ]
[ 12899 16553 28925 ] - [ 91483 ]
[ 12903 51938 ] - [ 96274 ]
[ 12903 51938 ] - [ 99415 ]
[ 12903 51938 ] - [ 99416 ]
[ 12906 30782 ] - [ 90601 ]
[ 12906 30782 ] - [ 94612 ]
[ 12912 17390 ] - [ 90854 ]
[ 12912 17390 ] - [ 99425 ]
[ 12912 17390 ] - [ 99426 99427 ]
[ 12912 ] - [ 99428 ]
[ 12962 12965 ] - [ 99456 ]
[ 12963 12966 ] - [ 99457 ]
[ 12991 35319 ] - [ 99487 ]
[ 12997 37779 ] - [ 99490 ]
[ 13019 40108 86938 ] - [ 99498 ]
[ 13038 87548 ] - [ 97178 ]
[ 13040 25861 ] - [ 96323 96324 ]
[ 13048 15269 ] - [ 93535 ]
[ 13054 28789 39412 ] - [ 95715 ]
[ 13057 23883 ] - [ 92618 ]
[ 13072 69157 ] - [ 99525 ]
[ 13082 13448 31946 ] - [ 99533 ]
[ 13085 63930 ] - [ 99534 ]
[ 13086 14656 15455 ] - [ 98355 ]
[ 13115 18026 52622 ] - [ 99546 ]
[ 13120 13844 ] - [ 95183 ]
[ 13123 36065 ] - [ 98587 ]
[ 13123 36065 ] - [ 99551 ]
[ 13134 43659 ] - [ 91973 ]
[ 13135 13150 ] - [ 94892 ]
[ 13147 36180 56688 ] - [ 95814 ]
[ 13147 36180 56688 ] - [ 98486 ]
[ 13149 81953 ] - [ 99567 ]
[ 13157 85727 ] - [ 91939 ]
[ 13157 85727 ] - [ 99570 ]
[ 13179 53389 ] - [ 99579 ]
[ 13198 41503 ] - [ 91043 ]
[ 13198 41503 ] - [ 98818 ]
[ 13200 77760 ] - [ 99586 ]
[ 13204 58364 ] - [ 99587 ]
[ 13249 29506 ] - [ 99607 ]
[ 13257 13258 19308 ] - [ 93487 ]
[ 13257 13258 19308 ] - [ 99612 ]
[ 13257 13258 19308 ] - [ 99613 ]
[ 13283 40078 78346 ] - [ 99628 ]
[ 13283 40078 78346 ] - [ 99629 ]
[ 13287 13662 ] - [ 99631 ]
[ 13289 15877 ] - [ 97322 ]
[ 13301 41163 41293 ] - [ 99638 ]
[ 13311 50558 ] - [ 99645 ]
[ 13313 42404 68899 ] - [ 95303 ]
[ 13314 53949 ] - [ 98578 ]
[ 13318 38514 ] - [ 99648 ]
[ 13324 59709 77848 ] - [ 99650 ]
[ 13326 77898 82685 ] - [ 99654 ]
[ 13332 73699 ] - [ 97578 ]
[ 13333 43362 ] - [ 99656 ]
[ 13347 16877 58594 ] - [ 99407 ]
[ 13349 84828 ] - [ 91705 ]
[ 13352 55411 ] - [ 99669 ]
[ 13356 28080 ] - [ 94892 ]
[ 13356 28080 ] - [ 94894 ]
[ 13356 28080 ] - [ 97022 ]
[ 13361 39443 ] - [ 93513 ]
[ 13361 39443 ] - [ 95250 ]
[ 13361 39443 ] - [ 95726 ]
[ 13361 39443 ] - [ 99675 ]
[ 13362 86841 ] - [ 97906 ]
[ 13363 15344 53428 ] - [ 99676 ]
[ 13364 53924 65665 ] - [ 98640 ]
[ 13375 13379 ] - [ 99682 ]
[ 13386 66676 ] - [ 99688 ]
[ 13391 61369 ] - [ 99692 ]
[ 13395 53249 ] - [ 99696 ]
[ 13399 64410 ] - [ 99699 ]
[ 13403 58721 ] - [ 99701 ]
[ 13405 37419 38633 ] - [ 90799 ]
[ 13410 17749 ] - [ 99703 ]
[ 13427 33649 35943 ] - [ 92845 ]
[ 13431 44396 61539 ] - [ 99711 ]
[ 13445 25652 ] - [ 99719 ]
[ 13446 51535 ] - [ 99720 ]
[ 13469 88572 ] - [ 99729 ]
[ 13483 21482 ] - [ 91789 ]
[ 13497 14291 74263 ] - [ 94966 ]
[ 13497 14291 74263 ] - [ 96817 ]
[ 13501 27668 ] - [ 94905 ]
[ 13501 27668 ] - [ 95635 ]
[ 13505 47808 ] - [ 99755 ]
[ 13505 47808 ] - [ 99756 ]
[ 13552 27510 32700 ] - [ 99773 ]
[ 13556 39550 ] - [ 99774 ]
[ 13591 13604 17299 ] - [ 98747 ]
[ 13591 13604 17299 ] - [ 98863 ]
[ 13599 16742 ] - [ 99356 ]
[ 13601 54607 ] - [ 89447 ]
[ 13605 15653 ] - [ 98747 ]
[ 13613 60625 ] - [ 92605 ]
[ 13613 60625 ] - [ 96827 ]
[ 13617 39989 ] - [ 99805 ]
[ 13617 39989 ] - [ 99806 ]
[ 13629 86079 ] - [ 99816 ]
[ 13630 29790 ] - [ 99817 ]
[ 13633 26783 ] - [ 99818 ]
[ 13637 48510 ] - [ 92263 ]
[ 13637 48510 ] - [ 99821 ]
[ 13650 38437 ] - [ 99832 ]
[ 13657 ] - [ 99835 ]
[ 13673 77968 78469 ] - [ 95908 ]
[ 13688 28037 49422 ] - [ 99848 ]
[ 13690 13691 ] - [ 99851 ]
[ 13697 14821 69533 ] - [ 91736 ]
[ 13709 61389 ] - [ 99870 ]
[ 13709 61389 ] - [ 99871 ]
[ 13710 24961 ] - [ 97117 ]
[ 13711 14925 ] - [ 96371 ]
[ 13711 17520 ] - [ 97493 ]
[ 13711 14925 ] - [ 99858 ]
[ 13711 17520 ] - [ 99858 ]
[ 13711 14925 ] - [ 99859 ]
[ 13711 17520 ] - [ 99859 ]
[ 13711 14925 ] - [ 99860 ]
[ 13711 17520 ] - [ 99860 ]
[ 13727 56334 ] - [ 89943 ]
[ 13727 56334 ] - [ 89944 ]
[ 13746 16759 ] - [ 95251 ]
[ 13746 16759 ] - [ 95252 ]
[ 13750 13751 ] - [ 99780 ]
[ 13750 13751 ] - [ 99891 ]
[ 13764 34612 57302 ] - [ 99313 ]
[ 13772 38380 ] - [ 90772 ]
[ 13772 38380 ] - [ 96541 ]
[ 13775 59448 ] - [ 95955 ]
[ 13794 16683 ] - [ 90483 ]
[ 13794 16683 ] - [ 93421 ]
[ 13794 16683 ] - [ 96887 ]
[ 13799 53019 ] - [ 99925 ]
[ 13806 54033 ] - [ 98915 ]
[ 13806 54033 ] - [ 99166 ]
[ 13816 19475 ] - [ 98411 ]
[ 13816 19475 ] - [ 99938 ]
[ 13825 56791 ] - [ 99944 ]
[ 13838 25806 35497 ] - [ 99952 ]
[ 13846 13889 ] - [ 91719 ]
[ 13846 13889 ] - [ 99959 ]
[ 13850 18628 ] - [ 90272 ]
[ 13850 18628 ] - [ 96411 ]
[ 13854 13855 ] - [ 99195 ]
[ 13854 13855 ] - [ 99197 ]
[ 13854 13855 ] - [ 99960 ]
[ 13857 41000 ] - [ 96895 ]
[ 13857 41000 ] - [ 98957 ]
[ 13857 41000 ] - [ 99961 ]
[ 13857 41000 ] - [ 99962 ]
[ 13859 74811 ] - [ 93051 ]
[ 13859 74811 ] - [ 93053 ]
[ 13871 13872 22529 ] - [ 99967 ]
[ 13886 13887 ] - [ 99973 ]
[ 13886 13887 ] - [ 99974 ]
[ 13886 13887 ] - [ 99975 ]
[ 13896 49716 50968 ] - [ 99985 ]
[ 13906 18653 21010 ] - [ 99009 ]
[ 13910 65473 ] - [ 99992 ]
[ 13916 17066 84156 ] - [ 99996 ]
[ 13918 36723 ] - [ 90483 ]
[ 13918 36723 ] - [ 99998 ]
[ 13932 45787 ] - [ 100004 ]
[ 13932 45787 ] - [ 100005 ]
[ 13932 45787 ] - [ 100006 ]
[ 13952 20245 ] - [ 99152 ]
[ 13952 20245 ] - [ 99153 ]
[ 13952 20245 ] - [ 99329 ]
[ 13978 24468 ] - [ 100010 ]
[ 13979 39943 ] - [ 100011 ]
[ 13986 87712 ] - [ 100015 ]
[ 13989 29435 29436 ] - [ 100016 ]
[ 13991 41738 ] - [ 100017 ]
[ 13996 39646 43791 ] - [ 100019 ]
[ 13996 39646 43791 ] - [ 100020 ]
[ 14010 65313 ] - [ 100028 ]
[ 14016 20481 ] - [ 100031 ]
[ 14026 68136 ] - [ 97571 ]
[ 14036 86946 ] - [ 100049 ]
[ 14039 87425 ] - [ 100050 ]
[ 14067 71238 83743 ] - [ 100071 ]
[ 14070 19391 ] - [ 97114 ]
[ 14079 60013 ] - [ 100084 ]
[ 14086 50363 81044 ] - [ 100093 ]
[ 14093 17528 26698 ] - [ 100099 ]
[ 14103 21964 36402 ] - [ 100105 ]
[ 14119 64764 ] - [ 100111 ]
[ 14124 55049 ] - [ 100115 100116 ]
[ 14128 16406 ] - [ 91949 ]
[ 14134 49391 ] - [ 91551 ]
[ 14135 78711 86353 ] - [ 100121 ]
[ 14152 72918 ] - [ 100131 ]
[ 14153 24219 78099 ] - [ 92537 ]
[ 14169 28559 33034 ] - [ 94717 ]
[ 14169 28559 33034 ] - [ 95473 ]
[ 14169 28559 33034 ] - [ 100144 ]
[ 14170 59974 ] - [ 100145 ]
[ 14170 59974 ] - [ 100146 ]
[ 14174 74843 ] - [ 90497 ]
[ 14178 41984 43657 ] - [ 100152 ]
[ 14186 14258 ] - [ 100159 ]
[ 14196 42530 ] - [ 100165 ]
[ 14198 53395 ] - [ 100166 ]
[ 14217 63297 67411 ] - [ 100173 ]
[ 14221 49398 ] - [ 100174 100175 ]
[ 14261 32504 ] - [ 100197 ]
[ 14264 18062 77347 ] - [ 100201 ]
[ 14272 16048 ] - [ 100202 ]
[ 14276 62216 ] - [ 100208 ]
[ 14289 40898 ] - [ 100216 ]
[ 14317 14323 ] - [ 95721 ]
[ 14317 14323 ] - [ 96122 ]
[ 14339 14858 ] - [ 93300 ]
[ 14339 14858 ] - [ 94964 ]
[ 14362 35102 ] - [ 100236 100238 ]
[ 14362 35102 ] - [ 100237 ]
[ 14362 35102 ] - [ 100239 ]
[ 14367 39797 65218 ] - [ 90082 ]
[ 14376 14698 14922 ] - [ 100248 ]
[ 14387 32638 65187 ] - [ 94066 ]
[ 14390 51041 ] - [ 100245 ]
[ 14396 14694 ] - [ 100256 ]
[ 14405 22842 55019 ] - [ 100260 ]
[ 14417 42159 ] - [ 89915 ]
[ 14417 42159 ] - [ 98135 ]
[ 14421 25823 47730 ] - [ 100278 ]
[ 14423 37979 ] - [ 100280 ]
[ 14428 20346 ] - [ 92185 ]
[ 14428 20346 ] - [ 92187 ]
[ 14431 52117 ] - [ 94576 ]
[ 14431 52117 ] - [ 94577 ]
[ 14431 52117 ] - [ 99649 ]
[ 14432 82430 ] - [ 100284 ]
[ 14470 47748 ] - [ 100309 ]
[ 14485 14486 ] - [ 99329 ]
[ 14485 14486 ] - [ 100315 ]
[ 14506 34305 ] - [ 100221 ]
[ 14516 78754 ] - [ 92715 ]
[ 14520 75918 ] - [ 100329 ]
[ 14573 44749 ] - [ 92881 ]
[ 14574 25719 ] - [ 90369 ]
[ 14574 25719 ] - [ 98473 ]
[ 14580 17365 ] - [ 91425 ]
[ 14580 17365 ] - [ 100391 ]
[ 14591 56138 ] - [ 100395 ]
[ 14625 35915 ] - [ 100404 ]
[ 14631 15819 ] - [ 100406 ]
[ 14633 35268 39002 ] - [ 100409 ]
[ 14644 30620 70738 ] - [ 100417 ]
[ 14650 55269 ] - [ 93908 ]
[ 14651 70003 82363 ] - [ 100421 ]
[ 14677 21230 ] - [ 100429 ]
[ 14699 24908 ] - [ 100444 ]
[ 14723 52261 ] - [ 93541 ]
[ 14723 52261 ] - [ 95491 ]
[ 14723 52261 ] - [ 100454 ]
[ 14752 62667 62909 ] - [ 100470 ]
[ 14762 22524 67410 ] - [ 100478 ]
[ 14778 34527 ] - [ 90003 ]
[ 14784 42750 ] - [ 91769 ]
[ 14797 68774 69396 ] - [ 100489 ]
[ 14802 15748 ] - [ 100493 ]
[ 14808 51779 ] - [ 90965 ]
[ 14808 51779 ] - [ 100496 ]
[ 14811 41731 81504 ] - [ 89738 ]
[ 14823 62271 65996 ] - [ 100511 ]
[ 14829 38835 ] - [ 89763 ]
[ 14836 34057 ] - [ 90438 ]
[ 14836 34057 ] - [ 100520 ]
[ 14842 32293 ] - [ 98322 ]
[ 14842 32293 ] - [ 98323 ]
[ 14842 32293 ] - [ 98324 ]
[ 14850 47112 74917 ] - [ 90495 ]
[ 14850 47112 74917 ] - [ 100527 ]
[ 14862 29545 ] - [ 100530 ]
[ 14898 80353 ] - [ 100543 ]
[ 14915 79933 ] - [ 100554 ]
[ 14915 79933 ] - [ 100555 ]
[ 14938 40242 ] - [ 100568 ]
[ 14950 24801 86073 ] - [ 94710 ]
[ 14950 24801 86073 ] - [ 94711 ]
[ 14957 31069 39169 ] - [ 100581 ]
[ 14958 82171 ] - [ 94160 ]
[ 14958 82171 ] - [ 100582 ]
[ 14967 49274 ] - [ 89746 ]
[ 14972 28425 ] - [ 100589 ]
[ 14999 30261 ] - [ 91419 ]
[ 15008 46348 ] - [ 95921 ]
[ 15021 49849 58598 ] - [ 100622 ]
[ 15033 47729 63653 ] - [ 100632 ]
[ 15036 20581 20713 ] - [ 99761 ]
[ 15036 20581 20713 ] - [ 100634 ]
[ 15058 88021 ] - [ 100647 ]
[ 15062 60924 ] - [ 100649 100650 ]
[ 15067 17215 17690 ] - [ 96232 ]
[ 15067 17215 17690 ] - [ 100655 ]
[ 15071 20401 ] - [ 100656 ]
[ 15073 60259 ] - [ 93421 ]
[ 15088 23315 ] - [ 96341 ]
[ 15088 23315 ] - [ 100666 ]
[ 15090 16700 ] - [ 100667 ]
[ 15114 71357 75294 ] - [ 100680 ]
[ 15116 68251 ] - [ 98234 ]
[ 15116 68251 ] - [ 100681 ]
[ 15117 65674 ] - [ 100681 ]
[ 15121 15122 66652 ] - [ 100685 ]
[ 15124 15162 ] - [ 90154 ]
[ 15124 15162 ] - [ 100686 ]
[ 15125 24522 ] - [ 100687 ]
[ 15163 27044 ] - [ 91547 ]
[ 15163 27044 ] - [ 98457 ]
[ 15163 27044 ] - [ 100718 ]
[ 15176 53321 ] - [ 100722 ]
[ 15187 44421 ] - [ 100729 ]
[ 15191 76056 ] - [ 100732 ]
[ 15194 28770 ] - [ 100727 ]
[ 15194 28770 ] - [ 100728 ]
[ 15194 28770 ] - [ 100734 ]
[ 15200 24193 42863 ] - [ 100738 ]
[ 15206 27325 ] - [ 90766 ]
[ 15212 61934 69771 ] - [ 100743 ]
[ 15215 59712 ] - [ 100745 ]
[ 15218 65654 ] - [ 89545 ]
[ 15219 48162 ] - [ 100747 ]
[ 15228 38884 ] - [ 100760 ]
[ 15229 22159 40407 ] - [ 100761 ]
[ 15231 22637 29948 ] - [ 100764 ]
[ 15238 60201 ] - [ 98612 ]
[ 15238 60201 ] - [ 100766 ]
[ 15242 79829 ] - [ 100772 ]
[ 15246 23983 ] - [ 90910 ]
[ 15253 21903 ] - [ 93539 ]
[ 15253 21903 ] - [ 100780 ]
[ 15254 20639 ] - [ 89562 ]
[ 15254 20639 ] - [ 90482 ]
[ 15259 48512 ] - [ 100787 ]
[ 15260 15261 ] - [ 91545 ]
[ 15260 15261 ] - [ 92175 ]
[ 15273 49270 ] - [ 100796 ]
[ 15279 73472 ] - [ 90866 ]
[ 15280 16520 ] - [ 100798 ]
[ 15285 71262 ] - [ 100802 ]
[ 15294 48898 ] - [ 100814 ]
[ 15294 48898 ] - [ 100815 ]
[ 15294 48898 ] - [ 100816 ]
[ 15302 57353 ] - [ 90699 ]
[ 15322 72794 ] - [ 100834 ]
[ 15335 19244 ] - [ 100850 ]
[ 15338 25770 60177 ] - [ 98611 ]
[ 15342 70282 ] - [ 100855 ]
[ 15351 15356 17162 ] - [ 100864 ]
[ 15366 33131 ] - [ 91496 ]
[ 15374 75757 ] - [ 96253 ]
[ 15375 15619 ] - [ 91617 ]
[ 15375 15619 ] - [ 96788 ]
[ 15375 15619 ] - [ 99144 ]
[ 15379 28268 ] - [ 95252 ]
[ 15379 28268 ] - [ 100877 ]
[ 15379 28268 ] - [ 100878 ]
[ 15399 86235 ] - [ 100899 ]
[ 15400 29490 ] - [ 100900 ]
[ 15401 48189 ] - [ 100901 ]
[ 15409 65658 ] - [ 93959 ]
[ 15409 65658 ] - [ 96151 ]
[ 15415 33986 ] - [ 100909 ]
[ 15429 15431 ] - [ 91006 ]
[ 15429 15431 ] - [ 91273 ]
[ 15429 15431 ] - [ 95455 ]
[ 15432 79713 ] - [ 91946 ]
[ 15432 79713 ] - [ 100920 ]
[ 15433 28662 ] - [ 91486 ]
[ 15433 28662 ] - [ 100921 ]
[ 15463 37824 ] - [ 100944 ]
[ 15466 75565 ] - [ 100947 ]
[ 15469 24035 60581 ] - [ 90597 ]
[ 15469 24035 60581 ] - [ 90598 ]
[ 15487 87567 ] - [ 100957 ]
[ 15489 70972 ] - [ 100957 ]
[ 15489 70972 ] - [ 100958 ]
[ 15496 51010 ] - [ 100962 ]
[ 15508 27575 59561 ] - [ 100970 ]
[ 15513 15514 ] - [ 100972 ]
[ 15520 39706 ] - [ 100979 ]
[ 15522 17665 ] - [ 97348 ]
[ 15522 17665 ] - [ 100982 ]
[ 15524 64689 ] - [ 100983 ]
[ 15524 64689 ] - [ 100984 ]
[ 15527 33380 ] - [ 100985 ]
[ 15529 21555 42417 ] - [ 97642 ]
[ 15549 39997 ] - [ 94588 ]
[ 15591 15592 ] - [ 101036 ]
[ 15601 35183 ] - [ 100575 ]
[ 15632 83164 ] - [ 101058 ]
[ 15635 23411 ] - [ 101061 ]
[ 15635 23411 ] - [ 101062 ]
[ 15656 38150 ] - [ 94504 ]
[ 15656 38150 ] - [ 94506 ]
[ 15669 36116 ] - [ 99969 ]
[ 15669 36116 ] - [ 101077 ]
[ 15676 46582 ] - [ 101080 ]
[ 15681 15995 ] - [ 92171 ]
[ 15681 15995 ] - [ 100806 ]
[ 15684 66645 ] - [ 101085 ]
[ 15694 65558 ] - [ 101091 ]
[ 15705 32097 80348 ] - [ 101100 ]
[ 15711 27623 70088 ] - [ 89773 ]
[ 15716 82325 ] - [ 101106 ]
[ 15724 15730 15750 ] - [ 101116 ]
[ 15742 45632 73327 ] - [ 96375 ]
[ 15746 15747 ] - [ 101124 ]
[ 15755 54608 ] - [ 101130 ]
[ 15764 31355 68523 ] - [ 101134 ]
[ 15774 23811 ] - [ 101137 ]
[ 15790 62540 ] - [ 95807 ]
[ 15810 65566 ] - [ 101166 ]
[ 15822 32950 ] - [ 101170 ]
[ 15823 24539 ] - [ 91727 ]
[ 15823 24539 ] - [ 101171 ]
[ 15825 39191 40230 ] - [ 101173 ]
[ 15831 43560 ] - [ 101177 ]
[ 15832 43643 87824 ] - [ 101178 ]
[ 15844 75432 75572 ] - [ 101187 ]
[ 15844 75432 75572 ] - [ 101188 ]
[ 15857 46974 69695 ] - [ 101198 ]
[ 15858 15859 ] - [ 99885 ]
[ 15861 15868 21625 ] - [ 96469 ]
[ 15870 41198 ] - [ 98688 ]
[ 15870 41198 ] - [ 99632 ]
[ 15871 49337 70824 ] - [ 101208 ]
[ 15871 49337 70824 ] - [ 101209 ]
[ 15874 16993 ] - [ 101211 ]
[ 15904 28938 70417 ] - [ 101242 ]
[ 15905 88863 ] - [ 98728 ]
[ 15912 55870 85249 ] - [ 89939 ]
[ 15922 78061 ] - [ 101248 ]
[ 15924 29310 ] - [ 101249 ]
[ 15929 15931 ] - [ 101252 ]
[ 15935 20480 20482 ] - [ 95565 ]
[ 15935 20480 20482 ] - [ 100031 ]
[ 15943 59677 ] - [ 90111 ]
[ 15943 59677 ] - [ 101259 ]
[ 15943 59677 ] - [ 101260 ]
[ 15946 35906 88117 ] - [ 100569 ]
[ 15966 29638 46712 ] - [ 97449 ]
[ 15971 19754 63149 ] - [ 93850 ]
[ 15985 63827 ] - [ 101283 ]
[ 15993 56537 ] - [ 101289 ]
[ 15994 51031 ] - [ 101290 ]
[ 16006 16014 16037 ] - [ 94719 94721 ]
[ 16006 16014 16037 ] - [ 94721 94722 ]
[ 16006 16014 16037 ] - [ 101298 ]
[ 16017 16018 ] - [ 92500 ]
[ 16021 29045 39444 ] - [ 101303 ]
[ 16021 29045 39444 ] - [ 101304 ]
[ 16030 39586 ] - [ 101308 ]
[ 16035 33559 ] - [ 101312 ]
[ 16041 34252 34264 ] - [ 95886 ]
[ 16044 41038 ] - [ 101318 ]
[ 16056 63101 ] - [ 97876 ]
[ 16056 63101 ] - [ 101326 ]
[ 16067 50476 ] - [ 94152 ]
[ 16068 17924 ] - [ 94719 94721 ]
[ 16068 17924 ] - [ 101278 ]
[ 16068 17924 ] - [ 101332 ]
[ 16074 46384 63096 ] - [ 92827 ]
[ 16074 46384 63096 ] - [ 101337 ]
[ 16079 54971 ] - [ 101340 ]
[ 16080 28507 35771 ] - [ 101341 ]
[ 16094 40468 ] - [ 95149 ]
[ 16094 40468 ] - [ 101352 ]
[ 16108 31736 40228 ] - [ 95149 ]
[ 16108 31736 40228 ] - [ 101363 ]
[ 16109 73195 73196 ] - [ 101364 ]
[ 16111 46778 47158 ] - [ 93527 ]
[ 16131 30446 ] - [ 101372 ]
[ 16133 55760 ] - [ 101373 ]
[ 16141 54917 ] - [ 100784 ]
[ 16150 22679 ] - [ 101383 ]
[ 16156 16157 18642 ] - [ 101386 ]
[ 16162 57094 ] - [ 96647 ]
[ 16164 30979 87549 ] - [ 101389 ]
[ 16208 18096 58872 ] - [ 101415 ]
[ 16219 23462 23463 ] - [ 91133 100763 ]
[ 16219 23462 23463 ] - [ 92604 92606 ]
[ 16219 ] - [ 101423 ]
[ 16223 44779 ] - [ 92219 ]
[ 16223 44779 ] - [ 101428 ]
[ 16237 35471 41551 ] - [ 101434 ]
[ 16250 17184 ] - [ 101439 ]
[ 16255 85863 ] - [ 93712 ]
[ 16255 85863 ] - [ 97194 ]
[ 16263 53544 ] - [ 101443 ]
[ 16266 43579 ] - [ 101444 ]
[ 16291 45021 ] - [ 91423 ]
[ 16291 45021 ] - [ 91425 ]
[ 16291 45021 ] - [ 98222 ]
[ 16294 43092 ] - [ 90156 ]
[ 16294 43092 ] - [ 90158 ]
[ 16304 16353 ] - [ 101472 ]
[ 16304 16353 ] - [ 101473 ]
[ 16307 22585 ] - [ 93767 ]
[ 16317 16318 ] - [ 100871 ]
[ 16332 22184 38679 ] - [ 93073 ]
[ 16332 22184 38679 ] - [ 99558 ]
[ 16345 35668 82922 ] - [ 96224 ]
[ 16351 30320 ] - [ 99497 ]
[ 16351 30320 ] - [ 101499 ]
[ 16369 32719 ] - [ 101503 101504 ]
[ 16373 29117 56601 ] - [ 101507 ]
[ 16375 43668 87680 ] - [ 99573 ]
[ 16386 25209 ] - [ 98485 ]
[ 16396 52588 ] - [ 101515 ]
[ 16398 39809 49364 ] - [ 90592 ]
[ 16438 67542 ] - [ 99762 ]
[ 16442 17432 ] - [ 101538 ]
[ 16444 66155 86909 ] - [ 101539 ]
[ 16454 57694 ] - [ 101549 ]
[ 16460 20661 ] - [ 101553 ]
[ 16464 63664 ] - [ 101554 ]
[ 16472 84076 ] - [ 101564 ]
[ 16473 19862 ] - [ 91133 100763 ]
[ 16480 16615 ] - [ 101567 ]
[ 16510 76429 ] - [ 101589 ]
[ 16511 44659 ] - [ 89468 ]
[ 16528 43601 ] - [ 101597 ]
[ 16534 36059 37521 ] - [ 95289 ]
[ 16540 38522 ] - [ 101606 ]
[ 16545 23869 ] - [ 101608 ]
[ 16550 59942 76491 ] - [ 93579 ]
[ 16558 26496 ] - [ 101617 ]
[ 16562 48710 48711 ] - [ 91979 ]
[ 16572 68481 81121 ] - [ 101628 ]
[ 16573 40170 ] - [ 101629 ]
[ 16580 18735 ] - [ 93305 ]
[ 16580 18735 ] - [ 96181 ]
[ 16582 40951 ] - [ 101636 ]
[ 16583 48454 ] - [ 101637 ]
[ 16592 17047 ] - [ 101642 ]
[ 16594 22046 25754 ] - [ 94717 ]
[ 16594 25754 28572 ] - [ 94717 ]
[ 16594 22046 25754 ] - [ 95429 ]
[ 16594 25754 28572 ] - [ 95429 ]
[ 16594 22046 25754 ] - [ 95473 ]
[ 16594 25754 28572 ] - [ 95473 ]
[ 16594 22046 25754 ] - [ 100144 ]
[ 16594 25754 28572 ] - [ 100144 ]
[ 16599 53331 75808 ] - [ 98230 ]
[ 16604 21061 ] - [ 101646 ]
[ 16607 72361 ] - [ 101647 ]
[ 16617 73614 ] - [ 101651 ]
[ 16620 21722 49982 ] - [ 89500 ]
[ 16623 77773 ] - [ 101654 ]
[ 16637 53677 ] - [ 90111 ]
[ 16637 53677 ] - [ 96151 ]
[ 16640 31177 ] - [ 92074 ]
[ 16640 31177 ] - [ 101661 ]
[ 16655 72095 78014 ] - [ 101665 ]
[ 16656 49508 ] - [ 89477 ]
[ 16656 49508 ] - [ 101666 ]
[ 16660 16685 27491 ] - [ 101669 ]
[ 16663 39757 ] - [ 101672 ]
[ 16664 24446 ] - [ 101673 ]
[ 16676 46421 ] - [ 101682 ]
[ 16701 19578 ] - [ 93827 ]
[ 16718 56447 ] - [ 96296 ]
[ 16718 56447 ] - [ 101706 ]
[ 16732 22126 ] - [ 93634 ]
[ 16732 22126 ] - [ 100522 ]
[ 16737 60190 ] - [ 101721 ]
[ 16750 58156 ] - [ 101726 ]
[ 16755 54455 ] - [ 101729 ]
[ 16771 84890 ] - [ 99476 ]
[ 16780 46218 ] - [ 96287 ]
[ 16780 46218 ] - [ 101743 ]
[ 16781 26222 ] - [ 90176 ]
[ 16781 26222 ] - [ 97808 ]
[ 16781 26222 ] - [ 101323 101324 ]
[ 16786 ] - [ 101746 ]
[ 16788 20995 ] - [ 101747 ]
[ 16788 20995 ] - [ 101748 ]
[ 16794 50423 ] - [ 101752 ]
[ 16807 25055 ] - [ 97650 ]
[ 16808 16812 ] - [ 97493 ]
[ 16808 16812 ] - [ 101766 ]
[ 16815 16816 ] - [ 101770 101771 ]
[ 16818 22457 59727 ] - [ 100877 ]
[ 16822 69252 ] - [ 101774 ]
[ 16825 17121 ] - [ 95251 ]
[ 16825 17121 ] - [ 95252 ]
[ 16825 17121 ] - [ 101776 ]
[ 16827 16833 21287 ] - [ 101110 ]
[ 16852 54109 ] - [ 93514 ]
[ 16852 54109 ] - [ 97827 ]
[ 16871 43437 ] - [ 101810 ]
[ 16871 43437 ] - [ 101811 ]
[ 16875 82424 ] - [ 101812 ]
[ 16883 28576 ] - [ 101816 ]
[ 16888 16925 ] - [ 101819 ]
[ 16888 16925 ] - [ 101820 ]
[ 16891 62770 ] - [ 101822 101823 ]
[ 16895 19997 ] - [ 101825 ]
[ 16901 63861 ] - [ 101831 ]
[ 16902 21466 21467 ] - [ 101832 ]
[ 16907 69196 ] - [ 94921 ]
[ 16907 69196 ] - [ 95996 ]
[ 16912 22264 ] - [ 94065 ]
[ 16912 22264 ] - [ 95976 ]
[ 16914 88832 ] - [ 101840 ]
[ 16933 19204 ] - [ 91959 ]
[ 16940 29303 ] - [ 101850 ]
[ 16944 43589 54501 ] - [ 101854 ]
[ 16946 16947 ] - [ 101856 ]
[ 16948 16950 16951 ] - [ 101857 ]
[ 16952 16953 16954 ] - [ 101859 ]
[ 16958 23311 23774 ] - [ 101862 ]
[ 16959 30958 ] - [ 101863 ]
[ 16973 21666 58283 ] - [ 101871 ]
[ 16975 69304 ] - [ 100332 ]
[ 16975 69304 ] - [ 101872 ]
[ 16983 49818 55672 ] - [ 101882 ]
[ 16987 16988 ] - [ 95900 ]
[ 16987 16988 ] - [ 95901 ]
[ 16987 16988 ] - [ 96669 ]
[ 16989 54354 ] - [ 101884 ]
[ 17006 54056 76438 ] - [ 100239 ]
[ 17006 54056 76438 ] - [ 101900 ]
[ 17007 39822 ] - [ 91043 ]
[ 17006 54056 76438 ] - [ 101901 ]
[ 17006 54056 76438 ] - [ 101902 ]
[ 17006 54056 76438 ] - [ 101903 ]
[ 17009 21342 ] - [ 97614 ]
[ 17009 21342 ] - [ 101904 ]
[ 17011 64343 ] - [ 101905 ]
[ 17011 64343 ] - [ 101906 ]
[ 17034 78000 ] - [ 99871 ]
[ 17042 74044 ] - [ 101925 ]
[ 17048 84616 ] - [ 101929 ]
[ 17053 39913 ] - [ 99467 ]
[ 17054 17055 64988 ] - [ 101933 101934 ]
[ 17081 38696 62648 ] - [ 96181 ]
[ 17087 87585 ] - [ 101948 ]
[ 17118 83943 ] - [ 94187 ]
[ 17130 17135 19450 ] - [ 101967 ]
[ 17141 17153 ] - [ 101967 ]
[ 17141 17153 ] - [ 101971 ]
[ 17148 17157 17634 ] - [ 101971 ]
[ 17148 17157 17634 ] - [ 101973 ]
[ 17151 63525 67858 ] - [ 101976 ]
[ 17174 19820 22853 ] - [ 101987 ]
[ 17180 17608 ] - [ 101988 ]
[ 17193 33201 68067 ] - [ 101990 ]
[ 17239 46682 ] - [ 94085 ]
[ 17245 74603 ] - [ 102016 ]
[ 17285 17852 56384 ] - [ 102032 ]
[ 17294 30431 37141 ] - [ 102036 ]
[ 17302 38275 ] - [ 102040 ]
[ 17308 62607 ] - [ 102045 ]
[ 17309 17320 ] - [ 98545 ]
[ 17309 17320 ] - [ 101110 ]
[ 17314 58367 ] - [ 94867 ]
[ 17337 42236 78756 ] - [ 90603 ]
[ 17337 42236 78756 ] - [ 102069 ]
[ 17372 36823 42160 ] - [ 89915 ]
[ 17372 36823 42160 ] - [ 98135 ]
[ 17372 36823 42160 ] - [ 99651 ]
[ 17373 77436 ] - [ 102087 ]
[ 17383 17765 ] - [ 99893 ]
[ 17383 17765 ] - [ 102098 ]
[ 17385 43227 ] - [ 95601 ]
[ 17386 42452 ] - [ 95643 ]
[ 17386 42452 ] - [ 102099 ]
[ 17387 47265 47647 ] - [ 90740 ]
[ 17405 20190 ] - [ 94559 ]
[ 17422 40144 ] - [ 100005 ]
[ 17422 40144 ] - [ 102122 ]
[ 17445 29211 39589 ] - [ 102139 ]
[ 17446 50569 ] - [ 102140 ]
[ 17447 89173 ] - [ 102141 ]
[ 17496 25625 ] - [ 102159 ]
[ 17499 75460 ] - [ 102160 ]
[ 17508 19038 19039 ] - [ 100822 ]
[ 17519 17521 17522 ] - [ 99858 ]
[ 17519 17521 17522 ] - [ 99859 ]
[ 17519 17521 17522 ] - [ 102171 ]
[ 17519 ] - [ 102172 ]
[ 17519 17521 17522 ] - [ 102173 ]
[ 17562 19368 ] - [ 96368 ]
[ 17562 19368 ] - [ 102196 102197 ]
[ 17568 19226 ] - [ 96368 ]
[ 17568 19226 ] - [ 98197 ]
[ 17569 53117 ] - [ 102199 ]
[ 17570 35037 ] - [ 96368 ]
[ 17570 35037 ] - [ 102200 ]
[ 17571 45764 65454 ] - [ 102201 ]
[ 17585 32030 ] - [ 102214 ]
[ 17598 28023 ] - [ 98709 ]
[ 17598 28023 ] - [ 102224 ]
[ 17600 75427 ] - [ 92860 ]
[ 17636 61875 62314 ] - [ 98510 ]
[ 17642 18173 ] - [ 92040 ]
[ 17644 53451 ] - [ 100655 ]
[ 17678 17679 ] - [ 102269 102270 ]
[ 17695 41508 ] - [ 102276 ]
[ 17699 19581 ] - [ 102280 ]
[ 17721 40673 44459 ] - [ 102294 ]
[ 17728 49946 ] - [ 96651 ]
[ 17728 49946 ] - [ 102305 ]
[ 17730 38830 85753 ] - [ 102306 ]
[ 17732 40371 ] - [ 102307 ]
[ 17748 22067 69115 ] - [ 102316 ]
[ 17770 58325 65358 ] - [ 102332 ]
[ 17777 84561 ] - [ 102336 ]
[ 17786 41004 ] - [ 95149 ]
[ 17786 41004 ] - [ 95150 ]
[ 17786 41004 ] - [ 102339 ]
[ 17787 30799 ] - [ 102340 ]
[ 17789 39108 ] - [ 89539 ]
[ 17789 39108 ] - [ 102341 ]
[ 17797 54276 73172 ] - [ 102351 ]
[ 17804 24953 54196 ] - [ 102355 ]
[ 17820 73735 ] - [ 102369 ]
[ 17821 54918 86829 ] - [ 102370 ]
[ 17844 28320 69076 ] - [ 100783 ]
[ 17844 28320 69076 ] - [ 102382 ]
[ 17855 22433 22434 ] - [ 102389 ]
[ 17877 23332 87234 ] - [ 102402 ]
[ 17892 44466 82178 ] - [ 102417 ]
[ 17917 86021 ] - [ 94176 ]
[ 17937 60712 ] - [ 102443 ]
[ 17970 18896 ] - [ 102250 ]
[ 17976 55079 69962 ] - [ 90864 ]
[ 17979 22537 ] - [ 96651 ]
[ 17979 22537 ] - [ 96652 ]
[ 17979 22537 ] - [ 102305 ]
[ 17981 55406 78070 ] - [ 93558 ]
[ 17981 55406 78070 ] - [ 102475 ]
[ 17988 55573 ] - [ 102480 ]
[ 17993 17994 29266 ] - [ 102484 ]
[ 17997 19182 ] - [ 102488 102489 ]
[ 18001 49551 80617 ] - [ 102493 ]
[ 18006 46334 ] - [ 102495 ]
[ 18011 29797 ] - [ 98630 ]
[ 18011 29797 ] - [ 101128 ]
[ 18015 18681 ] - [ 102498 ]
[ 18034 53945 ] - [ 98969 ]
[ 18036 35754 ] - [ 91492 ]
[ 18036 35754 ] - [ 102342 ]
[ 18036 35754 ] - [ 102344 102345 102346 ]
[ 18041 38139 ] - [ 101572 ]
[ 18046 59339 ] - [ 102514 ]
[ 18047 30360 54430 ] - [ 99497 ]
[ 18047 30360 54430 ] - [ 102515 ]
[ 18055 67923 ] - [ 102518 ]
[ 18066 36766 42467 ] - [ 102042 ]
[ 18066 36766 42467 ] - [ 102139 ]
[ 18067 31551 ] - [ 96651 ]
[ 18067 31551 ] - [ 102526 ]
[ 18083 79532 ] - [ 102535 ]
[ 18098 29614 ] - [ 93326 ]
[ 18098 29614 ] - [ 102541 ]
[ 18105 19437 ] - [ 95663 ]
[ 18105 19437 ] - [ 102542 ]
[ 18121 31285 ] - [ 102548 ]
[ 18121 31285 ] - [ 102549 ]
[ 18131 67769 ] - [ 102554 ]
[ 18133 21571 ] - [ 92185 ]
[ 18133 21571 ] - [ 94387 ]
[ 18135 51521 ] - [ 92452 ]
[ 18135 51521 ] - [ 102556 ]
[ 18139 20298 ] - [ 102560 ]
[ 18141 71421 ] - [ 102562 ]
[ 18145 46167 ] - [ 102564 102565 ]
[ 18168 19111 40417 ] - [ 102339 ]
[ 18168 19111 40417 ] - [ 102570 ]
[ 18169 21051 22425 ] - [ 99612 ]
[ 18171 76076 81931 ] - [ 102573 ]
[ 18191 58068 ] - [ 102581 ]
[ 18193 26132 ] - [ 100925 ]
[ 18193 26132 ] - [ 102583 ]
[ 18200 18724 ] - [ 102586 ]
[ 18202 33436 ] - [ 92605 ]
[ 18202 33436 ] - [ 95272 ]
[ 18202 33436 ] - [ 96827 ]
[ 18207 18987 ] - [ 96090 ]
[ 18207 18987 ] - [ 102588 ]
[ 18211 76331 ] - [ 102592 ]
[ 18228 22265 ] - [ 94065 ]
[ 18228 22265 ] - [ 95815 ]
[ 18229 19000 ] - [ 102598 ]
[ 18269 23738 ] - [ 102005 ]
[ 18289 41175 ] - [ 102634 ]
[ 18301 50334 ] - [ 98938 ]
[ 18301 50334 ] - [ 102642 ]
[ 18313 18314 ] - [ 102650 ]
[ 18315 72205 72893 ] - [ 91540 ]
[ 18326 55995 ] - [ 102665 ]
[ 18329 51708 86867 ] - [ 102667 ]
[ 18392 18414 18429 ] - [ 89489 ]
[ 18392 18414 18429 ] - [ 102701 ]
[ 18395 33532 ] - [ 94442 ]
[ 18395 33532 ] - [ 102702 ]
[ 18403 18420 18506 ] - [ 89489 ]
[ 18403 18420 18506 ] - [ 102705 ]
[ 18412 18417 ] - [ 89489 ]
[ 18412 18417 ] - [ 102706 ]
[ 18428 18498 ] - [ 89489 ]
[ 18428 18498 ] - [ 102710 ]
[ 18456 30943 ] - [ 95929 ]
[ 18456 30943 ] - [ 96173 ]
[ 18456 30943 ] - [ 99769 ]
[ 18461 20559 67989 ] - [ 102727 ]
[ 18471 42871 55046 ] - [ 91918 ]
[ 18485 49511 49513 ] - [ 102742 ]
[ 18489 26137 ] - [ 91065 ]
[ 18489 26137 ] - [ 91569 91570 ]
[ 18495 82713 ] - [ 102746 ]
[ 18495 82713 ] - [ 102747 ]
[ 18514 18523 ] - [ 89489 ]
[ 18514 18523 ] - [ 102751 ]
[ 18516 18524 ] - [ 89489 ]
[ 18516 18524 ] - [ 102752 ]
[ 18519 56274 78126 ] - [ 102707 ]
[ 18522 37250 ] - [ 102753 ]
[ 18541 18558 18565 ] - [ 102756 ]
[ 18549 18586 ] - [ 102754 ]
[ 18612 32495 ] - [ 102773 ]
[ 18636 78344 ] - [ 102786 102787 ]
[ 18663 46113 57668 ] - [ 102795 ]
[ 18669 33397 ] - [ 94332 ]
[ 18675 38905 ] - [ 102802 ]
[ 18676 37831 ] - [ 102803 ]
[ 18683 33622 65814 ] - [ 90274 ]
[ 18683 33622 65814 ] - [ 90275 ]
[ 18683 33622 65814 ] - [ 95145 ]
[ 18696 18764 ] - [ 92452 ]
[ 18696 18764 ] - [ 92453 ]
[ 18696 18764 ] - [ 102798 ]
[ 18706 77641 ] - [ 102817 ]
[ 18742 19129 ] - [ 102196 102197 ]
[ 18742 19129 ] - [ 102338 ]
[ 18777 18778 ] - [ 102846 102847 102848 ]
[ 18777 18778 ] - [ 102846 102847 102849 ]
[ 18777 18778 ] - [ 102846 102848 102849 ]
[ 18777 18778 ] - [ 102847 102848 102849 ]
[ 18780 75402 ] - [ 102850 ]
[ 18783 68397 ] - [ 92404 ]
[ 18783 68397 ] - [ 95691 ]
[ 18783 68397 ] - [ 96618 ]
[ 18784 41365 ] - [ 96347 ]
[ 18796 30109 ] - [ 98920 ]
[ 18803 59566 59567 ] - [ 93765 ]
[ 18823 39716 ] - [ 91142 ]
[ 18823 39716 ] - [ 102865 ]
[ 18823 39716 ] - [ 102866 ]
[ 18829 26293 ] - [ 102868 ]
[ 18846 62612 ] - [ 100402 ]
[ 18847 28212 ] - [ 102872 ]
[ 18857 24142 42908 ] - [ 92453 ]
[ 18857 24142 42908 ] - [ 94539 ]
[ 18863 85871 ] - [ 102884 ]
[ 18864 66883 72761 ] - [ 102885 ]
[ 18870 19417 78223 ] - [ 100018 ]
[ 18870 19417 78223 ] - [ 102890 ]
[ 18875 72644 ] - [ 102892 ]
[ 18877 67072 ] - [ 102893 ]
[ 18882 63636 ] - [ 102896 ]
[ 18898 18933 ] - [ 102912 ]
[ 18901 53425 ] - [ 102913 ]
[ 18914 19594 20008 ] - [ 94576 ]
[ 18914 19594 20008 ] - [ 94577 ]
[ 18914 19594 20008 ] - [ 94893 ]
[ 18917 82627 ] - [ 102920 ]
[ 18920 30663 ] - [ 89689 ]
[ 18920 30663 ] - [ 89979 ]
[ 18924 26613 ] - [ 95659 ]
[ 18924 26613 ] - [ 95661 ]
[ 18924 26613 ] - [ 96118 ]
[ 18927 77601 ] - [ 89788 ]
[ 18927 77601 ] - [ 102924 ]
[ 18928 32400 54002 ] - [ 96314 ]
[ 18928 32400 54002 ] - [ 102925 ]
[ 18929 75246 ] - [ 94079 ]
[ 18929 75246 ] - [ 102654 ]
[ 18945 40194 ] - [ 102936 ]
[ 18947 29135 ] - [ 102938 ]
[ 18956 20116 ] - [ 102942 ]
[ 18977 59260 ] - [ 102956 ]
[ 18984 40934 61878 ] - [ 102962 ]
[ 18995 18998 ] - [ 102968 ]
[ 19005 71645 71652 ] - [ 100883 ]
[ 19005 71645 71652 ] - [ 101462 ]
[ 19009 80251 ] - [ 101434 ]
[ 19009 80251 ] - [ 102978 ]
[ 19009 80251 ] - [ 102979 ]
[ 19014 34744 74221 ] - [ 102980 ]
[ 19015 42656 ] - [ 102981 ]
[ 19035 19471 ] - [ 99458 ]
[ 19035 19471 ] - [ 102785 ]
[ 19049 75087 ] - [ 102100 ]
[ 19049 75087 ] - [ 102996 ]
[ 19050 42988 74629 ] - [ 102997 ]
[ 19052 54059 ] - [ 92930 ]
[ 19052 54059 ] - [ 102998 ]
[ 19056 24076 25422 ] - [ 90083 ]
[ 19056 24076 25422 ] - [ 103000 ]
[ 19063 43876 ] - [ 103006 ]
[ 19070 40150 ] - [ 103013 ]
[ 19076 20509 ] - [ 103017 ]
[ 19109 87208 ] - [ 102339 ]
[ 19113 19114 ] - [ 96788 ]
[ 19113 19114 ] - [ 102339 ]
[ 19142 20024 ] - [ 93370 ]
[ 19142 20024 ] - [ 103049 ]
[ 19147 58267 63736 ] - [ 92555 ]
[ 19147 58267 63736 ] - [ 99626 ]
[ 19151 30612 42755 ] - [ 91279 ]
[ 19151 30612 42755 ] - [ 91280 ]
[ 19151 30612 42755 ] - [ 103054 ]
[ 19174 46758 ] - [ 97747 ]
[ 19174 46758 ] - [ 103069 ]
[ 19188 37427 ] - [ 103080 ]
[ 19200 55719 72630 ] - [ 103087 ]
[ 19206 26098 ] - [ 92087 ]
[ 19218 36844 ] - [ 103097 ]
[ 19220 24623 ] - [ 103099 ]
[ 19228 55649 ] - [ 103094 ]
[ 19256 35919 ] - [ 101375 ]
[ 19264 50007 57113 ] - [ 95275 ]
[ 19264 50007 57113 ] - [ 95277 ]
[ 19273 19274 ] - [ 95279 ]
[ 19279 19501 31830 ] - [ 103129 ]
[ 19299 29168 ] - [ 97281 ]
[ 19299 29168 ] - [ 97827 ]
[ 19299 29168 ] - [ 100882 ]
[ 19299 29168 ] - [ 101768 ]
[ 19299 29168 ] - [ 101937 ]
[ 19299 29168 ] - [ 103141 ]
[ 19313 64257 64906 ] - [ 96308 ]
[ 19326 57313 ] - [ 103154 ]
[ 19337 22192 ] - [ 103161 ]
[ 19339 19340 ] - [ 103125 103126 103127 ]
[ 19339 19340 ] - [ 103162 ]
[ 19349 19938 ] - [ 94709 ]
[ 19351 63780 66520 ] - [ 103167 ]
[ 19374 34169 ] - [ 90325 ]
[ 19375 24425 33163 ] - [ 103176 ]
[ 19378 78395 78412 ] - [ 103177 ]
[ 19386 48830 ] - [ 92299 ]
[ 19387 19389 ] - [ 103158 103159 103160 ]
[ 19387 ] - [ 103180 ]
[ 19387 19389 ] - [ 103181 ]
[ 19387 19389 ] - [ 103182 ]
[ 19403 70751 ] - [ 103193 ]
[ 19416 39631 39659 ] - [ 102303 ]
[ 19449 34172 ] - [ 99799 ]
[ 19449 34172 ] - [ 103214 ]
[ 19467 19468 19470 ] - [ 99458 ]
[ 19467 19468 19470 ] - [ 103226 ]
[ 19474 19572 ] - [ 103227 ]
[ 19497 73706 ] - [ 103237 ]
[ 19503 19504 ] - [ 103053 ]
[ 19503 19504 ] - [ 103238 ]
[ 19507 19508 ] - [ 103240 ]
[ 19522 19529 ] - [ 103242 ]
[ 19554 64281 66926 ] - [ 103245 ]
[ 19562 25670 ] - [ 95726 ]
[ 19562 25670 ] - [ 99675 ]
[ 19563 23544 26980 ] - [ 90662 ]
[ 19567 20347 20348 ] - [ 90329 ]
[ 19582 21494 30029 ] - [ 96624 ]
[ 19582 21494 30029 ] - [ 98177 ]
[ 19582 21494 30029 ] - [ 100779 ]
[ 19584 31546 ] - [ 103264 ]
[ 19585 24888 66035 ] - [ 103265 ]
[ 19588 31287 ] - [ 91015 ]
[ 19588 31287 ] - [ 103266 ]
[ 19598 20413 ] - [ 89429 ]
[ 19598 20413 ] - [ 100312 ]
[ 19604 40403 ] - [ 103275 ]
[ 19612 19621 ] - [ 103279 ]
[ 19619 19639 ] - [ 103280 ]
[ 19633 70156 ] - [ 103282 ]
[ 19650 48006 ] - [ 103293 ]
[ 19650 48006 ] - [ 103294 ]
[ 19652 27820 52258 ] - [ 103295 ]
[ 19655 83730 ] - [ 103297 ]
[ 19658 29888 62483 ] - [ 97703 ]
[ 19665 19666 ] - [ 103304 ]
[ 19671 59843 ] - [ 103308 ]
[ 19679 48751 63243 ] - [ 103315 ]
[ 19688 20659 21306 ] - [ 103095 ]
[ 19689 19690 ] - [ 100016 ]
[ 19689 19690 ] - [ 103095 ]
[ 19701 19704 ] - [ 103329 ]
[ 19710 20921 ] - [ 93901 ]
[ 19712 79374 ] - [ 103335 ]
[ 19743 34889 50706 ] - [ 103349 103350 ]
[ 19745 87950 ] - [ 103352 103353 ]
[ 19748 26812 ] - [ 103358 103359 ]
[ 19750 40981 ] - [ 100102 ]
[ 19750 40981 ] - [ 103361 ]
[ 19764 28285 50166 ] - [ 103369 103370 ]
[ 19777 26461 ] - [ 92222 ]
[ 19777 26461 ] - [ 95456 ]
[ 19785 19787 ] - [ 103385 ]
[ 19786 68808 ] - [ 95462 ]
[ 19786 68808 ] - [ 103385 ]
[ 19803 40731 ] - [ 103395 ]
[ 19828 40269 ] - [ 103415 ]
[ 19841 36249 62362 ] - [ 103423 ]
[ 19851 29019 78020 ] - [ 103427 ]
[ 19870 29079 ] - [ 93766 ]
[ 19870 29079 ] - [ 103440 ]
[ 19887 33344 ] - [ 103447 ]
[ 19887 33344 ] - [ 103448 ]
[ 19899 29167 ] - [ 103453 ]
[ 19899 29167 ] - [ 103454 ]
[ 19900 34781 35774 ] - [ 103455 ]
[ 19912 19913 26235 ] - [ 92221 ]
[ 19912 19913 26235 ] - [ 92222 ]
[ 19912 19913 26235 ] - [ 103465 ]
[ 19919 83434 ] - [ 91476 ]
[ 19919 83434 ] - [ 95138 ]
[ 19919 83434 ] - [ 102392 ]
[ 19942 19959 ] - [ 103480 ]
[ 19993 20159 75806 ] - [ 103486 ]
[ 19998 23141 ] - [ 91995 ]
[ 19998 23141 ] - [ 98599 ]
[ 20029 25363 ] - [ 92670 ]
[ 20036 27246 ] - [ 103513 ]
[ 20046 74636 85081 ] - [ 103520 ]
[ 20046 74636 85081 ] - [ 103521 ]
[ 20049 22419 ] - [ 103524 ]
[ 20051 22858 ] - [ 94788 94789 ]
[ 20051 22858 ] - [ 103528 ]
[ 20084 54717 ] - [ 103546 103547 ]
[ 20094 21107 48347 ] - [ 103551 103553 ]
[ 20094 21107 48347 ] - [ 103552 ]
[ 20094 21107 48347 ] - [ 103554 ]
[ 20143 86032 ] - [ 103576 ]
[ 20144 20230 38930 ] - [ 91935 ]
[ 20146 20635 ] - [ 89562 ]
[ 20146 20635 ] - [ 90484 ]
[ 20149 38903 ] - [ 103578 ]
[ 20154 39582 79437 ] - [ 90983 ]
[ 20160 20940 ] - [ 101262 ]
[ 20162 45868 48516 ] - [ 103529 ]
[ 20186 22376 ] - [ 103597 ]
[ 20194 69866 ] - [ 103598 ]
[ 20195 70049 ] - [ 99152 ]
[ 20195 70049 ] - [ 100018 ]
[ 20204 58456 ] - [ 98537 ]
[ 20211 69543 69775 ] - [ 103608 ]
[ 20223 54448 ] - [ 89522 ]
[ 20223 54448 ] - [ 94498 ]
[ 20233 86436 ] - [ 103623 ]
[ 20265 46488 ] - [ 103644 ]
[ 20268 56397 ] - [ 98623 ]
[ 20270 29360 68957 ] - [ 98604 ]
[ 20276 29024 63589 ] - [ 103650 ]
[ 20278 20280 ] - [ 89377 ]
[ 20281 72349 ] - [ 103653 ]
[ 20287 80518 ] - [ 103654 ]
[ 20290 27222 ] - [ 103655 ]
[ 20290 27222 ] - [ 103656 103657 103658 ]
[ 20307 28923 ] - [ 103666 ]
[ 20309 29988 47619 ] - [ 91968 91969 ]
[ 20310 33050 ] - [ 92862 ]
[ 20310 33050 ] - [ 103667 ]
[ 20310 33050 ] - [ 103668 ]
[ 20310 33050 ] - [ 103669 ]
[ 20322 78489 ] - [ 103678 ]
[ 20333 20354 55476 ] - [ 103685 ]
[ 20349 30524 ] - [ 103694 ]
[ 20369 29150 57669 ] - [ 103712 ]
[ 20372 75046 ] - [ 103716 ]
[ 20389 58840 63784 ] - [ 103726 ]
[ 20390 22171 ] - [ 103727 ]
[ 20394 26696 29083 ] - [ 103731 ]
[ 20409 35530 ] - [ 103738 ]
[ 20412 41099 ] - [ 103741 ]
[ 20418 82045 ] - [ 96960 96961 ]
[ 20420 43930 68796 ] - [ 103749 103750 ]
[ 20422 45318 ] - [ 97427 ]
[ 20422 45318 ] - [ 102055 ]
[ 20434 45649 ] - [ 95663 ]
[ 20434 45649 ] - [ 103757 ]
[ 20438 21377 ] - [ 103759 ]
[ 20441 33869 57638 ] - [ 89359 ]
[ 20463 23609 ] - [ 93557 ]
[ 20463 23609 ] - [ 103775 ]
[ 20477 52572 ] - [ 91473 ]
[ 20477 52572 ] - [ 103791 ]
[ 20478 45859 ] - [ 103792 ]
[ 20486 45641 ] - [ 95601 ]
[ 20486 45641 ] - [ 103793 ]
[ 20490 29955 ] - [ 90176 ]
[ 20490 29955 ] - [ 97808 ]
[ 20490 29955 ] - [ 101132 ]
[ 20511 23279 ] - [ 103808 ]
[ 20522 26676 49641 ] - [ 103812 ]
[ 20526 61189 ] - [ 91587 ]
[ 20526 61189 ] - [ 103813 ]
[ 20537 20538 ] - [ 103820 ]
[ 20540 25348 ] - [ 103821 ]
[ 20542 40336 ] - [ 90482 ]
[ 20542 40336 ] - [ 90485 ]
[ 20562 20567 ] - [ 103836 ]
[ 20577 20672 24315 ] - [ 103843 ]
[ 20586 63128 ] - [ 103848 ]
[ 20592 23803 ] - [ 103851 ]
[ 20596 48381 ] - [ 103854 ]
[ 20601 23002 30341 ] - [ 103856 ]
[ 20605 38528 ] - [ 90276 ]
[ 20608 40946 ] - [ 90073 ]
[ 20632 22263 26788 ] - [ 103867 ]
[ 20633 59721 ] - [ 103868 ]
[ 20643 27473 27530 ] - [ 94764 ]
[ 20643 27473 27530 ] - [ 97719 ]
[ 20643 27473 27530 ] - [ 97748 ]
[ 20671 30127 ] - [ 90909 ]
[ 20674 68346 68469 ] - [ 103888 ]
[ 20702 20752 ] - [ 99761 ]
[ 20717 40114 63652 ] - [ 94342 ]
[ 20717 40114 63652 ] - [ 95354 ]
[ 20729 33135 51780 ] - [ 96315 ]
[ 20730 85515 ] - [ 91629 ]
[ 20731 42640 ] - [ 90454 ]
[ 20742 23322 27996 ] - [ 103921 ]
[ 20753 49541 ] - [ 101192 ]
[ 20758 60721 ] - [ 103930 ]
[ 20775 37475 ] - [ 91525 ]
[ 20787 51960 ] - [ 95709 ]
[ 20787 51960 ] - [ 103950 ]
[ 20799 35322 ] - [ 90905 ]
[ 20799 35322 ] - [ 103959 ]
[ 20810 28206 29216 ] - [ 93879 103970 ]
[ 20828 22948 ] - [ 103982 ]
[ 20828 22948 ] - [ 103983 ]
[ 20836 72646 ] - [ 103986 ]
[ 20837 21926 ] - [ 102906 ]
[ 20837 21926 ] - [ 102907 ]
[ 20837 21926 ] - [ 103253 ]
[ 20838 54204 67459 ] - [ 103987 ]
[ 20840 27827 29500 ] - [ 100141 ]
[ 20845 77797 ] - [ 103991 ]
[ 20881 20882 ] - [ 104029 104030 ]
[ 20900 20901 ] - [ 96957 ]
[ 20907 29451 78516 ] - [ 102680 ]
[ 20924 20925 ] - [ 91063 ]
[ 20924 20925 ] - [ 91455 ]
[ 20928 62071 81969 ] - [ 104051 104052 ]
[ 20935 48843 ] - [ 104061 ]
[ 20937 57502 78207 ] - [ 103452 ]
[ 20955 53487 ] - [ 104068 ]
[ 20966 69378 ] - [ 94022 ]
[ 20982 67168 ] - [ 104079 ]
[ 21004 76050 ] - [ 104093 ]
[ 21005 54573 75852 ] - [ 104094 ]
[ 21007 37717 ] - [ 89915 ]
[ 21007 37717 ] - [ 98135 ]
[ 21007 37717 ] - [ 104095 ]
[ 21022 26688 ] - [ 104100 ]
[ 21031 81853 ] - [ 104102 ]
[ 21036 43493 43715 ] - [ 104106 ]
[ 21065 21435 21543 ] - [ 93217 ]
[ 21065 21435 21543 ] - [ 104117 ]
[ 21072 21074 ] - [ 97553 ]
[ 21104 31221 89104 ] - [ 104131 ]
[ 21106 61738 82574 ] - [ 104132 ]
[ 21109 66314 79191 ] - [ 104133 ]
[ 21109 66314 79191 ] - [ 104134 ]
[ 21113 81219 ] - [ 90819 ]
[ 21113 81219 ] - [ 90820 ]
[ 21119 52754 ] - [ 92021 ]
[ 21119 52754 ] - [ 102901 ]
[ 21126 41880 ] - [ 89851 ]
[ 21126 41880 ] - [ 104148 ]
[ 21135 82351 ] - [ 98859 ]
[ 21139 61409 ] - [ 104158 ]
[ 21139 61409 ] - [ 104159 ]
[ 21143 36762 ] - [ 93021 ]
[ 21143 36762 ] - [ 104163 ]
[ 21156 44243 44700 ] - [ 104171 ]
[ 21204 49018 ] - [ 104226 ]
[ 21207 21208 ] - [ 104230 ]
[ 21241 21251 ] - [ 89691 ]
[ 21241 21251 ] - [ 104249 ]
[ 21242 73161 ] - [ 104250 ]
[ 21247 88370 ] - [ 104255 ]
[ 21249 59857 ] - [ 90349 ]
[ 21249 59857 ] - [ 104257 ]
[ 21252 21257 ] - [ 104249 ]
[ 21256 32740 ] - [ 104262 ]
[ 21264 21337 60191 ] - [ 104078 ]
[ 21279 80596 80597 ] - [ 104270 ]
[ 21280 21338 ] - [ 91933 ]
[ 21280 21338 ] - [ 92545 ]
[ 21300 46170 ] - [ 92762 ]
[ 21300 46170 ] - [ 100912 ]
[ 21328 26978 77433 ] - [ 95773 ]
[ 21343 48011 ] - [ 97614 ]
[ 21346 51639 70883 ] - [ 104295 ]
[ 21348 23255 ] - [ 92422 92423 ]
[ 21348 23255 ] - [ 104296 ]
[ 21358 28118 40093 ] - [ 89984 ]
[ 21358 28118 40093 ] - [ 104305 ]
[ 21359 25542 27529 ] - [ 92124 ]
[ 21359 25542 27529 ] - [ 97747 ]
[ 21361 29108 ] - [ 104307 ]
[ 21364 27112 ] - [ 104308 ]
[ 21366 69198 ] - [ 104311 ]
[ 21375 41355 ] - [ 93239 ]
[ 21406 76904 ] - [ 104334 ]
[ 21406 76904 ] - [ 104335 ]
[ 21417 24725 28659 ] - [ 104339 ]
[ 21438 61902 66402 ] - [ 104349 ]
[ 21439 72800 ] - [ 104350 ]
[ 21454 23420 ] - [ 102088 102090 102091 ]
[ 21454 23420 ] - [ 102088 102090 102092 ]
[ 21454 23420 ] - [ 102088 102090 102093 ]
[ 21454 23420 ] - [ 102088 102090 102094 ]
[ 21454 23420 ] - [ 102088 102091 102092 ]
[ 21454 23420 ] - [ 102088 102091 102093 ]
[ 21454 23420 ] - [ 102088 102091 102094 ]
[ 21454 23420 ] - [ 102088 102092 102093 ]
[ 21454 23420 ] - [ 102088 102092 102094 ]
[ 21454 23420 ] - [ 102088 102093 102094 ]
[ 21454 23420 ] - [ 102089 ]
[ 21454 23420 ] - [ 102090 102091 102092 ]
[ 21454 23420 ] - [ 102090 102091 102093 ]
[ 21454 23420 ] - [ 102090 102091 102094 ]
[ 21454 23420 ] - [ 102090 102092 102093 ]
[ 21454 23420 ] - [ 102090 102092 102094 ]
[ 21454 23420 ] - [ 102090 102093 102094 ]
[ 21454 23420 ] - [ 102091 102092 102093 ]
[ 21454 23420 ] - [ 102091 102092 102094 ]
[ 21454 23420 ] - [ 102091 102093 102094 ]
[ 21454 23420 ] - [ 102092 102093 102094 ]
[ 21455 36594 ] - [ 99782 ]
[ 21455 36594 ] - [ 104365 ]
[ 21455 36594 ] - [ 104366 ]
[ 21476 54712 ] - [ 104376 ]
[ 21489 78301 ] - [ 104385 ]
[ 21491 40441 ] - [ 104387 ]
[ 21492 39988 ] - [ 104387 ]
[ 21492 39988 ] - [ 104388 ]
[ 21493 37151 ] - [ 101007 ]
[ 21493 37151 ] - [ 104389 ]
[ 21493 37151 ] - [ 104390 ]
[ 21495 33433 ] - [ 96788 ]
[ 21495 33433 ] - [ 99636 ]
[ 21499 33687 ] - [ 104393 ]
[ 21508 30626 ] - [ 92222 ]
[ 21508 30626 ] - [ 95456 ]
[ 21508 30626 ] - [ 104397 ]
[ 21510 49826 ] - [ 104398 ]
[ 21527 23065 ] - [ 99643 ]
[ 21527 23065 ] - [ 104224 ]
[ 21550 21551 21566 ] - [ 104414 ]
[ 21563 53828 60877 ] - [ 104422 ]
[ 21567 38944 ] - [ 99521 ]
[ 21568 31217 54908 ] - [ 104424 ]
[ 21577 49420 ] - [ 94387 ]
[ 21577 49420 ] - [ 101192 ]
[ 21583 81067 ] - [ 96367 ]
[ 21588 76052 ] - [ 96652 ]
[ 21588 76052 ] - [ 104432 ]
[ 21588 76052 ] - [ 104433 ]
[ 21597 32051 ] - [ 93013 ]
[ 21598 21599 21600 ] - [ 104439 ]
[ 21605 30826 81409 ] - [ 89851 ]
[ 21610 49714 ] - [ 104442 ]
[ 21613 21676 ] - [ 104446 ]
[ 21614 32105 ] - [ 100851 ]
[ 21617 24109 ] - [ 92487 ]
[ 21617 24109 ] - [ 96024 ]
[ 21617 24109 ] - [ 96475 ]
[ 21618 61464 76788 ] - [ 104449 ]
[ 21627 55806 ] - [ 102047 ]
[ 21636 31853 31905 ] - [ 100019 ]
[ 21636 31853 31905 ] - [ 104458 ]
[ 21640 28114 ] - [ 90071 ]
[ 21640 28114 ] - [ 104305 ]
[ 21649 28743 ] - [ 94892 ]
[ 21649 28743 ] - [ 95331 ]
[ 21649 28743 ] - [ 103100 ]
[ 21651 75920 ] - [ 104469 ]
[ 21653 41771 ] - [ 98186 ]
[ 21653 41771 ] - [ 104470 ]
[ 21668 22576 ] - [ 92352 ]
[ 21668 22576 ] - [ 104474 ]
[ 21690 25893 ] - [ 104483 ]
[ 21703 42389 59283 ] - [ 92754 ]
[ 21713 78095 85277 ] - [ 104494 ]
[ 21737 52800 54202 ] - [ 104505 ]
[ 21742 56679 ] - [ 104509 ]
[ 21750 21751 ] - [ 95749 ]
[ 21758 55540 ] - [ 104513 ]
[ 21773 37822 ] - [ 93514 ]
[ 21773 37822 ] - [ 99487 ]
[ 21798 53052 ] - [ 104531 ]
[ 21824 38178 54224 ] - [ 101282 ]
[ 21838 68198 68200 ] - [ 104564 ]
[ 21838 68198 68200 ] - [ 104565 ]
[ 21840 42926 ] - [ 104566 ]
[ 21846 72520 ] - [ 104568 ]
[ 21850 53466 ] - [ 104570 ]
[ 21855 31556 ] - [ 95389 ]
[ 21864 37465 43159 ] - [ 104574 ]
[ 21865 24302 35130 ] - [ 104575 ]
[ 21885 61507 ] - [ 95802 ]
[ 21886 31115 ] - [ 95072 ]
[ 21886 31115 ] - [ 98551 ]
[ 21917 24316 ] - [ 96260 ]
[ 21917 24316 ] - [ 99435 ]
[ 21919 22960 80744 ] - [ 104592 ]
[ 21938 37004 ] - [ 104598 ]
[ 21941 64879 ] - [ 97813 ]
[ 21942 39286 86122 ] - [ 93886 ]
[ 21942 39286 86122 ] - [ 94001 ]
[ 21945 21946 ] - [ 104601 ]
[ 21960 35940 ] - [ 104606 ]
[ 21968 29540 43441 ] - [ 93539 ]
[ 21968 29540 43441 ] - [ 96266 ]
[ 21972 59867 ] - [ 96679 ]
[ 21973 42846 ] - [ 101652 ]
[ 21991 62226 ] - [ 103210 ]
[ 21994 49956 ] - [ 96651 ]
[ 22001 61519 62004 ] - [ 98475 ]
[ 22002 72817 ] - [ 104621 ]
[ 22018 33250 ] - [ 104632 ]
[ 22020 29863 ] - [ 92317 ]
[ 22034 22119 ] - [ 104640 ]
[ 22043 28089 ] - [ 104644 ]
[ 22045 75115 ] - [ 92940 ]
[ 22046 58859 ] - [ 94717 ]
[ 22046 58859 ] - [ 95318 ]
[ 22046 58859 ] - [ 95429 ]
[ 22046 58859 ] - [ 100144 ]
[ 22047 62769 ] - [ 104646 ]
[ 22052 24553 51516 ] - [ 98938 ]
[ 22052 24553 51516 ] - [ 104500 ]
[ 22053 23107 ] - [ 99644 ]
[ 22058 38495 ] - [ 89625 ]
[ 22058 38495 ] - [ 89626 ]
[ 22058 38495 ] - [ 104653 ]
[ 22059 86979 ] - [ 104654 ]
[ 22069 82995 ] - [ 104661 ]
[ 22073 67830 ] - [ 96973 ]
[ 22076 42371 ] - [ 104667 ]
[ 22081 39353 53090 ] - [ 104670 ]
[ 22116 27340 71410 ] - [ 104700 ]
[ 22127 38405 ] - [ 104703 ]
[ 22136 54098 ] - [ 104707 ]
[ 22141 41032 ] - [ 104710 ]
[ 22167 62516 78949 ] - [ 104721 ]
[ 22167 62516 78949 ] - [ 104722 ]
[ 22168 29831 35801 ] - [ 90510 ]
[ 22173 46687 60504 ] - [ 104723 ]
[ 22173 46687 60504 ] - [ 104724 ]
[ 22210 35960 ] - [ 104744 ]
[ 22219 35096 ] - [ 92185 ]
[ 22226 28194 33627 ] - [ 90802 ]
[ 22233 26187 39702 ] - [ 104753 ]
[ 22240 28942 77606 ] - [ 104757 ]
[ 22243 38576 ] - [ 104759 ]
[ 22246 27784 ] - [ 104762 ]
[ 22249 38032 86254 ] - [ 104764 ]
[ 22253 28578 ] - [ 92202 ]
[ 22253 28578 ] - [ 93393 ]
[ 22253 28578 ] - [ 95533 ]
[ 22253 28578 ] - [ 96444 ]
[ 22253 ] - [ 99653 ]
[ 22253 28578 ] - [ 101568 ]
[ 22257 64559 ] - [ 104773 ]
[ 22266 59221 ] - [ 95066 ]
[ 22282 46179 ] - [ 104787 ]
[ 22297 22298 ] - [ 92277 ]
[ 22297 22298 ] - [ 104799 ]
[ 22299 22748 ] - [ 102745 ]
[ 22299 22748 ] - [ 104800 ]
[ 22310 62399 89081 ] - [ 104812 ]
[ 22316 24840 82859 ] - [ 94428 ]
[ 22316 24840 82859 ] - [ 97858 ]
[ 22321 65516 ] - [ 104817 ]
[ 22321 65516 ] - [ 104818 ]
[ 22322 56536 65896 ] - [ 104819 ]
[ 22326 22327 ] - [ 104821 104822 104823 ]
[ 22326 22327 ] - [ 104821 104822 104824 ]
[ 22326 22327 ] - [ 104821 104822 104825 ]
[ 22326 22327 ] - [ 104821 104823 104824 ]
[ 22326 22327 ] - [ 104821 104823 104825 ]
[ 22326 22327 ] - [ 104821 104824 104825 ]
[ 22326 22327 ] - [ 104822 104823 104824 ]
[ 22326 22327 ] - [ 104822 104823 104825 ]
[ 22326 22327 ] - [ 104822 104824 104825 ]
[ 22326 22327 ] - [ 104823 104824 104825 ]
[ 22334 80193 ] - [ 104830 ]
[ 22341 69262 ] - [ 104832 ]
[ 22353 59785 ] - [ 97881 ]
[ 22377 26999 ] - [ 104853 ]
[ 22379 63331 63342 ] - [ 104855 ]
[ 22379 63331 63342 ] - [ 104856 ]
[ 22388 38471 ] - [ 104862 ]
[ 22408 77033 ] - [ 92547 ]
[ 22408 77033 ] - [ 104872 ]
[ 22409 77784 ] - [ 96788 ]
[ 22409 77784 ] - [ 104873 ]
[ 22430 27919 ] - [ 104880 ]
[ 22435 24181 ] - [ 104883 ]
[ 22440 35740 83042 ] - [ 93730 ]
[ 22443 26534 ] - [ 102485 ]
[ 22443 26534 ] - [ 104886 ]
[ 22452 33851 ] - [ 95677 ]
[ 22462 65653 79684 ] - [ 104894 ]
[ 22482 30890 ] - [ 104045 ]
[ 22489 83165 ] - [ 104909 ]
[ 22494 24047 77091 ] - [ 104911 ]
[ 22505 22508 ] - [ 104868 ]
[ 22505 22508 ] - [ 104921 ]
[ 22512 22516 ] - [ 97772 ]
[ 22512 22516 ] - [ 104868 ]
[ 22527 77901 ] - [ 104382 ]
[ 22532 22533 ] - [ 96329 ]
[ 22538 53243 68093 ] - [ 104927 ]
[ 22546 42085 ] - [ 104934 ]
[ 22594 73558 81746 ] - [ 104960 ]
[ 22638 32561 54271 ] - [ 89596 ]
[ 22638 32561 54271 ] - [ 89707 ]
[ 22639 77623 ] - [ 104981 ]
[ 22645 30708 ] - [ 103473 ]
[ 22660 32978 57063 ] - [ 95150 ]
[ 22660 32978 57063 ] - [ 104990 ]
[ 22664 22666 ] - [ 104998 ]
[ 22668 58650 ] - [ 97454 ]
[ 22672 72681 ] - [ 93662 ]
[ 22672 72681 ] - [ 105001 ]
[ 22675 45710 ] - [ 105002 ]
[ 22677 29925 ] - [ 101580 ]
[ 22677 29925 ] - [ 105003 ]
[ 22687 34684 50657 ] - [ 95335 ]
[ 22687 34684 50657 ] - [ 95336 ]
[ 22698 43373 ] - [ 100379 ]
[ 22703 29515 ] - [ 91995 ]
[ 22705 77798 77799 ] - [ 102679 ]
[ 22705 77798 77799 ] - [ 105019 ]
[ 22711 25025 77610 ] - [ 105024 ]
[ 22752 24713 ] - [ 105051 ]
[ 22758 30246 74828 ] - [ 104415 ]
[ 22767 48617 ] - [ 105060 ]
[ 22782 22783 ] - [ 105064 ]
[ 22785 30178 70861 ] - [ 105065 ]
[ 22792 62242 ] - [ 105071 ]
[ 22806 29051 ] - [ 105084 105085 ]
[ 22809 28920 ] - [ 94576 ]
[ 22809 28920 ] - [ 97022 ]
[ 22815 22819 ] - [ 94560 ]
[ 22815 22819 ] - [ 105089 ]
[ 22835 46659 ] - [ 105098 ]
[ 22847 27159 47589 ] - [ 92406 ]
[ 22847 27159 47589 ] - [ 93513 ]
[ 22855 30357 ] - [ 91068 ]
[ 22855 30357 ] - [ 95048 ]
[ 22855 30357 ] - [ 103365 ]
[ 22856 22859 ] - [ 105108 105111 ]
[ 22860 22900 31274 ] - [ 98990 ]
[ 22862 24723 ] - [ 92836 ]
[ 22862 24723 ] - [ 95963 ]
[ 22863 27578 ] - [ 90898 ]
[ 22863 27578 ] - [ 105112 ]
[ 22868 73191 73193 ] - [ 105114 ]
[ 22897 88961 ] - [ 105137 ]
[ 22906 22907 ] - [ 90418 ]
[ 22906 22907 ] - [ 94750 ]
[ 22912 46506 ] - [ 90041 ]
[ 22912 46506 ] - [ 91342 ]
[ 22915 28595 36115 ] - [ 90315 ]
[ 22915 28595 36115 ] - [ 102102 ]
[ 22921 44671 56906 ] - [ 105152 ]
[ 22923 26516 ] - [ 94003 ]
[ 22923 26516 ] - [ 103452 ]
[ 22956 22957 ] - [ 105172 ]
[ 22959 82441 ] - [ 105173 ]
[ 22974 67606 ] - [ 102863 ]
[ 22977 36863 ] - [ 105177 ]
[ 22988 86730 ] - [ 95977 ]
[ 22994 22995 ] - [ 105184 ]
[ 23007 26440 69238 ] - [ 93634 ]
[ 23007 26440 69238 ] - [ 94559 ]
[ 23012 81347 ] - [ 89412 ]
[ 23012 81347 ] - [ 95353 ]
[ 23015 28952 ] - [ 105198 ]
[ 23020 77245 ] - [ 89524 ]
[ 23028 23033 ] - [ 89364 ]
[ 23028 23033 ] - [ 105204 ]
[ 23046 52810 ] - [ 104795 ]
[ 23046 52810 ] - [ 105213 ]
[ 23047 42914 ] - [ 105214 105215 ]
[ 23051 88121 ] - [ 105218 ]
[ 23067 24311 35694 ] - [ 105228 ]
[ 23088 80334 ] - [ 89850 ]
[ 23088 80334 ] - [ 95565 ]
[ 23090 77649 ] - [ 98341 ]
[ 23090 77649 ] - [ 98342 ]
[ 23100 29897 73876 ] - [ 105240 ]
[ 23106 82822 ] - [ 99815 ]
[ 23108 38886 ] - [ 93713 ]
[ 23117 40745 ] - [ 105252 ]
[ 23120 26182 27462 ] - [ 103106 ]
[ 23124 43817 ] - [ 91030 ]
[ 23133 23137 ] - [ 93555 ]
[ 23133 23137 ] - [ 97376 ]
[ 23148 23217 ] - [ 96983 ]
[ 23154 23155 ] - [ 97643 ]
[ 23157 74415 ] - [ 105266 ]
[ 23157 74415 ] - [ 105267 ]
[ 23157 74415 ] - [ 105268 ]
[ 23184 23870 ] - [ 99276 ]
[ 23184 23870 ] - [ 105253 ]
[ 23196 69849 ] - [ 97385 ]
[ 23202 71355 ] - [ 100608 ]
[ 23202 71355 ] - [ 105298 ]
[ 23228 23982 ] - [ 94342 ]
[ 23230 24379 ] - [ 105314 ]
[ 23237 68798 ] - [ 105317 ]
[ 23237 68798 ] - [ 105318 ]
[ 23248 32228 79221 ] - [ 105136 ]
[ 23261 38436 ] - [ 105326 ]
[ 23270 60462 ] - [ 105327 ]
[ 23302 26711 ] - [ 90785 ]
[ 23302 26711 ] - [ 91677 ]
[ 23303 51471 ] - [ 89915 ]
[ 23303 51471 ] - [ 99653 ]
[ 23309 29305 ] - [ 95816 ]
[ 23321 40191 40331 ] - [ 104305 ]
[ 23335 71403 ] - [ 91610 ]
[ 23335 71403 ] - [ 98594 ]
[ 23338 23339 23421 ] - [ 92834 ]
[ 23338 23339 23421 ] - [ 93688 ]
[ 23338 23339 23421 ] - [ 98016 98017 98018 ]
[ 23338 23339 23421 ] - [ 105349 ]
[ 23339 ] - [ 105350 ]
[ 23368 88555 ] - [ 93504 ]
[ 23368 88555 ] - [ 100847 ]
[ 23379 30321 ] - [ 92604 92606 ]
[ 23379 30321 ] - [ 92605 ]
[ 23379 30321 ] - [ 96899 ]
[ 23403 25011 25014 ] - [ 105366 ]
[ 23406 23407 23408 ] - [ 105373 ]
[ 23413 83430 ] - [ 105374 ]
[ 23418 78134 86251 ] - [ 105377 ]
[ 23431 23433 ] - [ 105324 ]
[ 23431 23433 ] - [ 105384 ]
[ 23444 23449 ] - [ 92604 ]
[ 23444 23449 ] - [ 98888 ]
[ 23447 31777 49717 ] - [ 105397 ]
[ 23448 27975 ] - [ 105398 ]
[ 23448 27975 ] - [ 105399 ]
[ 23473 42079 ] - [ 105406 ]
[ 23497 45123 ] - [ 105415 ]
[ 23519 74633 ] - [ 92248 ]
[ 23534 27773 40250 ] - [ 91376 ]
[ 23535 29332 85436 ] - [ 91491 ]
[ 23535 29332 85436 ] - [ 91492 ]
[ 23535 29332 85436 ] - [ 105413 ]
[ 23535 29332 85436 ] - [ 105436 ]
[ 23535 29332 ] - [ 105437 ]
[ 23549 56979 66138 ] - [ 91346 ]
[ 23549 56979 66138 ] - [ 105446 ]
[ 23552 26979 ] - [ 105447 ]
[ 23553 28536 ] - [ 94483 ]
[ 23553 28536 ] - [ 97826 ]
[ 23553 28536 ] - [ 105448 ]
[ 23559 76259 ] - [ 91964 ]
[ 23559 76259 ] - [ 98762 ]
[ 23560 32291 ] - [ 105450 ]
[ 23566 64762 ] - [ 105456 ]
[ 23585 30897 35185 ] - [ 91133 100763 ]
[ 23585 30897 35185 ] - [ 93712 ]
[ 23606 78253 ] - [ 105476 ]
[ 23652 80282 ] - [ 105502 ]
[ 23652 80282 ] - [ 105503 105504 ]
[ 23656 38198 51184 ] - [ 105506 ]
[ 23669 45206 ] - [ 105514 ]
[ 23669 45206 ] - [ 105515 ]
[ 23673 23675 ] - [ 104995 ]
[ 23673 23675 ] - [ 104997 ]
[ 23678 25459 ] - [ 101160 ]
[ 23678 25459 ] - [ 105325 ]
[ 23682 45519 ] - [ 105522 ]
[ 23693 51879 ] - [ 92148 ]
[ 23693 51879 ] - [ 105533 ]
[ 23698 27871 27872 ] - [ 100473 ]
[ 23698 27871 27872 ] - [ 100474 ]
[ 23698 27871 27872 ] - [ 105536 ]
[ 23720 46842 50377 ] - [ 90019 ]
[ 23720 46842 50377 ] - [ 90020 ]
[ 23726 67068 67795 ] - [ 105552 ]
[ 23729 23730 ] - [ 93656 ]
[ 23729 23730 ] - [ 93657 ]
[ 23729 23730 ] - [ 95218 ]
[ 23734 44233 ] - [ 94103 ]
[ 23734 44233 ] - [ 97435 ]
[ 23752 23754 53071 ] - [ 105560 ]
[ 23759 45472 ] - [ 105563 ]
[ 23788 26808 48690 ] - [ 103189 ]
[ 23794 75885 80850 ] - [ 105580 ]
[ 23807 59664 ] - [ 105584 ]
[ 23824 39773 ] - [ 105596 ]
[ 23830 23831 ] - [ 105603 ]
[ 23836 39498 ] - [ 104921 ]
[ 23843 68731 ] - [ 101670 ]
[ 23855 29652 ] - [ 105617 ]
[ 23859 24568 ] - [ 105619 ]
[ 23861 45608 ] - [ 105624 ]
[ 23876 26252 ] - [ 103489 ]
[ 23901 28159 28283 ] - [ 102570 ]
[ 23901 28159 28283 ] - [ 105640 ]
[ 23901 28159 28283 ] - [ 105641 ]
[ 23916 30976 39407 ] - [ 94362 ]
[ 23929 40015 59482 ] - [ 105659 ]
[ 23942 35245 ] - [ 100336 ]
[ 23942 35245 ] - [ 105664 ]
[ 23945 51700 ] - [ 105665 ]
[ 23949 38636 ] - [ 105674 ]
[ 23972 33170 ] - [ 105685 ]
[ 23981 45426 76981 ] - [ 93895 ]
[ 23994 24884 ] - [ 105693 ]
[ 24008 46473 ] - [ 98693 ]
[ 24011 37010 ] - [ 105703 ]
[ 24017 52118 53504 ] - [ 90479 ]
[ 24020 25361 ] - [ 105324 ]
[ 24020 25361 ] - [ 105705 ]
[ 24029 63693 ] - [ 105714 ]
[ 24049 75601 84153 ] - [ 105697 ]
[ 24065 35411 ] - [ 105725 ]
[ 24065 35411 ] - [ 105726 ]
[ 24078 24079 ] - [ 105733 ]
[ 24085 31793 52410 ] - [ 94911 ]
[ 24088 71009 ] - [ 98358 ]
[ 24088 71009 ] - [ 105736 ]
[ 24103 67378 ] - [ 105742 ]
[ 24150 24231 ] - [ 105775 ]
[ 24163 30279 78677 ] - [ 105783 ]
[ 24164 72122 ] - [ 105784 105785 ]
[ 24166 30931 71584 ] - [ 93789 ]
[ 24166 30931 71584 ] - [ 105786 ]
[ 24178 47102 59756 ] - [ 91065 ]
[ 24178 47102 59756 ] - [ 105793 ]
[ 24213 59589 ] - [ 91831 ]
[ 24224 80887 ] - [ 105822 ]
[ 24228 86621 ] - [ 101620 ]
[ 24230 26862 ] - [ 100152 ]
[ 24230 26862 ] - [ 105825 ]
[ 24247 78330 ] - [ 105840 ]
[ 24252 24253 ] - [ 105842 105843 ]
[ 24254 40202 ] - [ 94612 ]
[ 24255 24256 ] - [ 94999 ]
[ 24255 24256 ] - [ 105844 ]
[ 24279 77266 ] - [ 105858 ]
[ 24289 24290 ] - [ 102130 102131 ]
[ 24289 24290 ] - [ 105861 ]
[ 24300 27100 38556 ] - [ 98916 ]
[ 24312 36143 ] - [ 105871 ]
[ 24326 24398 ] - [ 105876 ]
[ 24338 50977 ] - [ 103824 ]
[ 24339 62112 76369 ] - [ 95858 ]
[ 24340 24341 ] - [ 105880 ]
[ 24355 26845 ] - [ 105885 ]
[ 24367 24395 ] - [ 99770 ]
[ 24368 38099 68704 ] - [ 105891 ]
[ 24371 64046 ] - [ 102730 ]
[ 24399 58313 ] - [ 105913 ]
[ 24405 31634 ] - [ 105917 ]
[ 24406 64368 ] - [ 105918 ]
[ 24407 80089 ] - [ 97983 ]
[ 24411 56630 ] - [ 105919 ]
[ 24417 39140 ] - [ 101746 ]
[ 24417 39140 ] - [ 104799 ]
[ 24420 39109 ] - [ 105926 105927 ]
[ 24422 27755 ] - [ 105928 ]
[ 24423 30691 44223 ] - [ 105929 ]
[ 24430 29935 38307 ] - [ 105933 ]
[ 24436 24607 42252 ] - [ 100878 ]
[ 24437 36329 63817 ] - [ 94192 ]
[ 24440 24442 ] - [ 105940 ]
[ 24452 43856 ] - [ 105949 ]
[ 24455 24456 ] - [ 105953 ]
[ 24455 24456 ] - [ 105954 ]
[ 24474 32725 ] - [ 98417 ]
[ 24480 27017 75872 ] - [ 105966 ]
[ 24517 24950 83244 ] - [ 105973 ]
[ 24537 24538 ] - [ 97570 ]
[ 24537 24538 ] - [ 97650 ]
[ 24537 24538 ] - [ 97735 ]
[ 24537 24538 ] - [ 97779 ]
[ 24552 37634 ] - [ 94781 ]
[ 24552 37634 ] - [ 106000 ]
[ 24552 37634 ] - [ 106001 ]
[ 24555 35638 ] - [ 97483 ]
[ 24555 35638 ] - [ 106002 ]
[ 24557 60807 ] - [ 106004 ]
[ 24558 48509 ] - [ 92950 ]
[ 24591 64566 ] - [ 96222 ]
[ 24596 30870 ] - [ 89430 ]
[ 24596 30870 ] - [ 91327 ]
[ 24597 43386 ] - [ 106020 ]
[ 24600 80938 ] - [ 106021 ]
[ 24610 49251 ] - [ 106025 106026 ]
[ 24616 46417 ] - [ 106033 ]
[ 24630 35561 48144 ] - [ 101730 101731 ]
[ 24630 35561 48144 ] - [ 106036 ]
[ 24653 39171 ] - [ 106052 ]
[ 24663 24949 53179 ] - [ 96628 ]
[ 24665 37411 ] - [ 106059 ]
[ 24669 64809 ] - [ 98009 ]
[ 24688 34573 34609 ] - [ 106070 ]
[ 24711 60507 ] - [ 106075 ]
[ 24730 24732 28152 ] - [ 106084 ]
[ 24733 68367 ] - [ 98923 ]
[ 24733 68367 ] - [ 106085 ]
[ 24754 63124 ] - [ 106096 ]
[ 24765 27706 ] - [ 106099 ]
[ 24776 28658 39701 ] - [ 93628 ]
[ 24776 28658 39701 ] - [ 99912 ]
[ 24776 28658 39701 ] - [ 101920 ]
[ 24776 28658 39701 ] - [ 106109 ]
[ 24782 25048 ] - [ 106111 ]
[ 24786 28154 ] - [ 90565 ]
[ 24786 28154 ] - [ 106053 106115 ]
[ 24810 32175 ] - [ 106130 ]
[ 24821 85694 ] - [ 106138 ]
[ 24824 55036 58673 ] - [ 106140 ]
[ 24824 55036 58673 ] - [ 106141 ]
[ 24837 50787 ] - [ 93141 ]
[ 24866 48142 ] - [ 98556 ]
[ 24866 48142 ] - [ 105366 ]
[ 24873 48308 49995 ] - [ 95929 ]
[ 24910 50063 ] - [ 106178 ]
[ 24916 79959 ] - [ 106181 ]
[ 24917 24938 ] - [ 94717 ]
[ 24917 24938 ] - [ 95429 ]
[ 24917 24938 ] - [ 100144 ]
[ 24921 24925 ] - [ 106182 ]
[ 24923 25534 ] - [ 101007 ]
[ 24923 25534 ] - [ 104390 ]
[ 24923 25534 ] - [ 106187 ]
[ 24923 25534 ] - [ 106188 ]
[ 24951 32571 ] - [ 106203 ]
[ 24958 24959 ] - [ 106211 ]
[ 24963 25200 32805 ] - [ 106213 ]
[ 24963 25200 32805 ] - [ 106214 ]
[ 24969 80761 ] - [ 94902 ]
[ 24969 80761 ] - [ 105019 ]
[ 24978 41401 48253 ] - [ 106228 ]
[ 25005 69514 ] - [ 106247 ]
[ 25009 25487 ] - [ 106250 ]
[ 25013 25461 27632 ] - [ 106253 106254 ]
[ 25028 29662 ] - [ 99643 ]
[ 25028 29662 ] - [ 103524 ]
[ 25042 25168 ] - [ 106268 ]
[ 25057 47454 ] - [ 106278 ]
[ 25061 63577 ] - [ 94139 ]
[ 25064 27067 60275 ] - [ 105747 ]
[ 25064 27067 60275 ] - [ 106281 ]
[ 25072 76234 89038 ] - [ 106284 ]
[ 25078 73806 ] - [ 106287 ]
[ 25083 56405 ] - [ 97137 ]
[ 25093 33075 ] - [ 91102 ]
[ 25105 85854 ] - [ 93407 ]
[ 25105 85854 ] - [ 96627 ]
[ 25113 59421 61945 ] - [ 92965 ]
[ 25133 59457 ] - [ 106314 ]
[ 25140 75661 ] - [ 105980 ]
[ 25144 76710 ] - [ 106323 ]
[ 25147 45798 45800 ] - [ 96013 ]
[ 25149 31698 ] - [ 93664 ]
[ 25149 31698 ] - [ 106326 ]
[ 25162 27037 ] - [ 106330 ]
[ 25171 50688 ] - [ 96960 96961 ]
[ 25171 50688 ] - [ 96963 ]
[ 25172 28686 ] - [ 106333 ]
[ 25188 26781 47375 ] - [ 106101 ]
[ 25192 55745 85531 ] - [ 106348 ]
[ 25196 54453 ] - [ 106351 ]
[ 25212 74088 ] - [ 106358 ]
[ 25218 25743 60913 ] - [ 103689 ]
[ 25218 25743 60913 ] - [ 106362 ]
[ 25238 25992 49629 ] - [ 106376 ]
[ 25253 25254 29781 ] - [ 94027 ]
[ 25253 25254 29781 ] - [ 106382 ]
[ 25265 25448 86055 ] - [ 106383 ]
[ 25268 43642 46890 ] - [ 106386 ]
[ 25274 53275 ] - [ 90204 ]
[ 25274 53275 ] - [ 101377 ]
[ 25277 73838 ] - [ 106393 ]
[ 25293 34209 65084 ] - [ 106398 106399 ]
[ 25308 32045 ] - [ 92743 ]
[ 25308 32045 ] - [ 94307 ]
[ 25308 32045 ] - [ 94308 ]
[ 25339 59151 ] - [ 102266 ]
[ 25349 85046 ] - [ 106422 ]
[ 25378 48738 ] - [ 106435 ]
[ 25402 42977 42978 ] - [ 106453 ]
[ 25413 57858 ] - [ 106458 106459 ]
[ 25424 25425 ] - [ 106466 106467 ]
[ 25432 61427 84701 ] - [ 106471 ]
[ 25439 62580 ] - [ 106477 ]
[ 25468 73658 ] - [ 104503 ]
[ 25502 42832 ] - [ 93130 ]
[ 25502 42832 ] - [ 99262 ]
[ 25537 47307 ] - [ 104905 ]
[ 25537 47307 ] - [ 106526 ]
[ 25559 25653 ] - [ 104905 ]
[ 25559 25653 ] - [ 106537 ]
[ 25638 28720 79687 ] - [ 93766 ]
[ 25645 26963 ] - [ 106576 ]
[ 25673 61936 89226 ] - [ 106595 ]
[ 25675 25678 ] - [ 99675 ]
[ 25675 25678 ] - [ 106597 ]
[ 25693 29170 ] - [ 106604 ]
[ 25701 44648 72187 ] - [ 106611 ]
[ 25709 45446 60894 ] - [ 103423 ]
[ 25709 45446 60894 ] - [ 106623 ]
[ 25715 66045 ] - [ 106632 ]
[ 25720 30120 ] - [ 106634 ]
[ 25735 42062 ] - [ 98308 ]
[ 25735 42062 ] - [ 106644 ]
[ 25747 25749 70196 ] - [ 106648 ]
[ 25792 29304 ] - [ 89850 ]
[ 25792 29304 ] - [ 106667 ]
[ 25792 29304 ] - [ 106668 ]
[ 25803 64121 ] - [ 106673 ]
[ 25809 34771 ] - [ 97580 ]
[ 25809 34771 ] - [ 101220 ]
[ 25818 63422 ] - [ 106675 ]
[ 25821 63584 71059 ] - [ 106677 ]
[ 25838 61825 ] - [ 106685 ]
[ 25843 29115 ] - [ 98810 ]
[ 25843 29115 ] - [ 106688 ]
[ 25844 26612 ] - [ 95659 ]
[ 25844 26612 ] - [ 95660 ]
[ 25844 26612 ] - [ 95661 ]
[ 25844 26612 ] - [ 96118 ]
[ 25844 26612 ] - [ 98407 ]
[ 25857 55218 ] - [ 106692 ]
[ 25860 47862 ] - [ 106696 ]
[ 25865 36275 ] - [ 106699 ]
[ 25874 41629 ] - [ 99171 ]
[ 25874 41629 ] - [ 106701 106702 106703 ]
[ 25879 25882 47494 ] - [ 106704 ]
[ 25905 85518 ] - [ 98158 ]
[ 25909 47840 73081 ] - [ 98952 ]
[ 25909 47840 73081 ] - [ 105922 ]
[ 25919 76061 ] - [ 106675 ]
[ 25919 76061 ] - [ 106731 ]
[ 25927 77215 ] - [ 106734 ]
[ 25936 46699 ] - [ 95972 ]
[ 25948 28397 88786 ] - [ 106232 ]
[ 25953 52153 ] - [ 102646 ]
[ 25958 39596 ] - [ 106757 ]
[ 25976 51991 ] - [ 106769 ]
[ 25979 32385 ] - [ 102210 ]
[ 25980 26039 ] - [ 94080 ]
[ 25996 44922 54043 ] - [ 106779 ]
[ 26002 26003 26006 ] - [ 92406 ]
[ 26002 26003 26006 ] - [ 93653 ]
[ 26004 35903 38770 ] - [ 106780 ]
[ 26017 29172 ] - [ 90176 ]
[ 26017 29172 ] - [ 96233 ]
[ 26017 29172 ] - [ 106787 ]
[ 26031 49302 ] - [ 106792 ]
[ 26034 69449 ] - [ 91698 ]
[ 26078 30438 ] - [ 106820 ]
[ 26090 84460 87133 ] - [ 105729 ]
[ 26090 84460 87133 ] - [ 106826 ]
[ 26093 42250 50582 ] - [ 89696 ]
[ 26093 42250 50582 ] - [ 89697 ]
[ 26097 32295 ] - [ 96876 ]
[ 26097 32295 ] - [ 106829 ]
[ 26154 26159 ] - [ 106855 106856 ]
[ 26154 26159 ] - [ 106857 ]
[ 26169 59123 ] - [ 106861 106862 ]
[ 26172 72833 ] - [ 106863 ]
[ 26174 37834 ] - [ 90390 ]
[ 26174 37834 ] - [ 99014 ]
[ 26183 63582 63588 ] - [ 106865 ]
[ 26210 73206 87041 ] - [ 106882 ]
[ 26213 28724 46368 ] - [ 106885 ]
[ 26244 72873 ] - [ 106906 ]
[ 26259 33589 ] - [ 95933 ]
[ 26261 81557 ] - [ 106920 ]
[ 26264 26265 ] - [ 94387 ]
[ 26264 26265 ] - [ 96593 ]
[ 26264 26265 ] - [ 99659 ]
[ 26302 66526 ] - [ 106944 ]
[ 26321 36137 54690 ] - [ 106954 ]
[ 26327 41128 ] - [ 106958 ]
[ 26329 26972 27736 ] - [ 106959 ]
[ 26333 45658 ] - [ 106961 ]
[ 26354 60540 ] - [ 106973 ]
[ 26364 80926 ] - [ 95637 ]
[ 26364 80926 ] - [ 97847 ]
[ 26375 35369 ] - [ 89527 ]
[ 26375 35369 ] - [ 90536 ]
[ 26378 29381 68622 ] - [ 106985 ]
[ 26381 26399 ] - [ 106988 ]
[ 26400 32245 ] - [ 107000 ]
[ 26402 27667 ] - [ 107001 ]
[ 26412 32055 ] - [ 107007 ]
[ 26416 29572 ] - [ 107008 ]
[ 26437 73873 ] - [ 107018 ]
[ 26439 82471 ] - [ 106215 ]
[ 26439 82471 ] - [ 107021 ]
[ 26451 59804 67486 ] - [ 90916 ]
[ 26451 59804 67486 ] - [ 105238 ]
[ 26465 56970 63921 ] - [ 107028 ]
[ 26474 26853 ] - [ 107031 ]
[ 26477 65160 ] - [ 107034 ]
[ 26480 31608 79063 ] - [ 91233 ]
[ 26486 32639 ] - [ 107041 ]
[ 26489 26514 ] - [ 107046 ]
[ 26490 65014 ] - [ 107047 107048 ]
[ 26499 27589 32517 ] - [ 107053 ]
[ 26508 55756 ] - [ 98561 ]
[ 26515 61362 ] - [ 104543 ]
[ 26521 45682 45807 ] - [ 89723 ]
[ 26529 30938 ] - [ 107057 ]
[ 26530 30936 ] - [ 107058 ]
[ 26532 30937 45169 ] - [ 107059 ]
[ 26537 84546 ] - [ 107062 ]
[ 26589 29253 ] - [ 107098 ]
[ 26598 56802 ] - [ 97967 ]
[ 26598 56802 ] - [ 107099 ]
[ 26602 56569 ] - [ 98385 ]
[ 26602 56569 ] - [ 98790 ]
[ 26618 26621 37482 ] - [ 95659 ]
[ 26618 26621 37482 ] - [ 95661 ]
[ 26618 26621 37482 ] - [ 98407 ]
[ 26622 50615 ] - [ 96572 ]
[ 26627 26628 46425 ] - [ 106341 ]
[ 26627 26628 46425 ] - [ 107113 ]
[ 26642 44301 ] - [ 107118 ]
[ 26660 32373 36980 ] - [ 107126 ]
[ 26669 59720 ] - [ 107131 ]
[ 26682 33286 ] - [ 99724 ]
[ 26682 33286 ] - [ 106626 ]
[ 26684 29145 ] - [ 107134 ]
[ 26705 27518 ] - [ 107141 ]
[ 26709 26713 ] - [ 91230 ]
[ 26709 26713 ] - [ 106289 ]
[ 26709 26713 ] - [ 107143 ]
[ 26718 53803 ] - [ 107144 ]
[ 26722 72576 ] - [ 107147 ]
[ 26725 72611 ] - [ 107148 ]
[ 26731 26801 ] - [ 96056 ]
[ 26731 26801 ] - [ 100144 ]
[ 26731 26801 ] - [ 107153 ]
[ 26731 26801 ] - [ 107154 ]
[ 26742 31491 32436 ] - [ 96382 ]
[ 26742 31491 32436 ] - [ 96788 ]
[ 26746 26747 ] - [ 107159 ]
[ 26748 26749 ] - [ 107160 ]
[ 26763 87999 ] - [ 107167 ]
[ 26764 57535 61438 ] - [ 107168 ]
[ 26766 41090 ] - [ 107171 107172 107173 ]
[ 26770 71429 ] - [ 92009 ]
[ 26770 71429 ] - [ 107174 ]
[ 26771 29188 85297 ] - [ 107175 ]
[ 26798 36165 40807 ] - [ 107186 ]
[ 26821 29081 37239 ] - [ 103453 ]
[ 26821 29081 37239 ] - [ 106683 ]
[ 26823 84128 ] - [ 103655 ]
[ 26825 54681 ] - [ 107204 ]
[ 26836 27127 ] - [ 90166 ]
[ 26836 27127 ] - [ 107210 ]
[ 26840 33158 ] - [ 101468 ]
[ 26840 33158 ] - [ 105436 ]
[ 26867 29321 31002 ] - [ 104159 ]
[ 26867 29321 31002 ] - [ 107225 ]
[ 26871 74181 ] - [ 97579 ]
[ 26892 46409 ] - [ 107230 ]
[ 26894 33563 ] - [ 90136 ]
[ 26894 33563 ] - [ 107089 ]
[ 26896 61914 82897 ] - [ 107233 ]
[ 26901 58559 59160 ] - [ 106123 ]
[ 26901 58559 59160 ] - [ 107236 ]
[ 26906 88482 ] - [ 107239 ]
[ 26911 34117 38097 ] - [ 107182 ]
[ 26911 34117 38097 ] - [ 107243 ]
[ 26914 27214 ] - [ 107245 ]
[ 26919 35177 ] - [ 100160 ]
[ 26928 82152 ] - [ 107258 ]
[ 26931 75986 ] - [ 107260 ]
[ 26932 35971 ] - [ 107261 ]
[ 26933 31993 ] - [ 107262 ]
[ 26944 30511 ] - [ 107266 ]
[ 26945 35253 ] - [ 107267 ]
[ 26962 34861 34951 ] - [ 107276 ]
[ 26965 74150 ] - [ 100937 ]
[ 26975 26976 ] - [ 93836 ]
[ 26975 26976 ] - [ 107284 ]
[ 26989 45600 ] - [ 100995 ]
[ 27014 42551 67420 ] - [ 101900 ]
[ 27015 31083 ] - [ 95663 ]
[ 27015 31083 ] - [ 98043 ]
[ 27019 36601 ] - [ 103293 ]
[ 27020 56159 ] - [ 107298 ]
[ 27035 43586 ] - [ 94027 ]
[ 27040 59744 ] - [ 91065 ]
[ 27040 59744 ] - [ 107308 ]
[ 27060 29979 39477 ] - [ 94730 ]
[ 27064 84495 ] - [ 95900 ]
[ 27064 84495 ] - [ 107323 ]
[ 27066 50132 ] - [ 90193 ]
[ 27071 64555 89348 ] - [ 107325 ]
[ 27078 76436 ] - [ 107330 ]
[ 27083 35330 ] - [ 99550 ]
[ 27084 27953 ] - [ 91380 ]
[ 27084 27953 ] - [ 91383 91384 ]
[ 27084 27953 ] - [ 93916 ]
[ 27084 27953 ] - [ 107331 ]
[ 27086 51460 89346 ] - [ 106681 ]
[ 27087 27090 27129 ] - [ 90166 ]
[ 27091 28051 ] - [ 100322 ]
[ 27091 28051 ] - [ 107335 ]
[ 27094 86127 ] - [ 107337 ]
[ 27131 42609 ] - [ 91491 ]
[ 27131 42609 ] - [ 91492 ]
[ 27132 62384 ] - [ 107358 ]
[ 27149 54170 79094 ] - [ 90445 ]
[ 27149 54170 79094 ] - [ 90446 ]
[ 27167 29287 ] - [ 107374 ]
[ 27169 73497 ] - [ 107375 ]
[ 27184 27536 70183 ] - [ 107378 ]
[ 27184 27536 70183 ] - [ 107379 ]
[ 27193 31049 ] - [ 107386 ]
[ 27197 34706 ] - [ 94892 ]
[ 27197 34706 ] - [ 97022 ]
[ 27202 46426 ] - [ 107390 ]
[ 27213 32070 ] - [ 89431 ]
[ 27228 61487 ] - [ 107406 ]
[ 27233 35191 ] - [ 91381 91382 ]
[ 27233 35191 ] - [ 91383 91384 ]
[ 27233 35191 ] - [ 107407 ]
[ 27239 71145 ] - [ 107408 ]
[ 27240 44465 84134 ] - [ 91964 ]
[ 27240 44465 84134 ] - [ 91965 ]
[ 27240 44465 84134 ] - [ 94002 ]
[ 27250 27829 27835 ] - [ 107410 ]
[ 27264 27559 ] - [ 91964 ]
[ 27264 27559 ] - [ 91965 ]
[ 27264 27559 ] - [ 102295 ]
[ 27278 71551 73602 ] - [ 107432 ]
[ 27288 64891 ] - [ 107442 ]
[ 27302 40258 ] - [ 93093 ]
[ 27302 40258 ] - [ 99598 ]
[ 27313 51034 52889 ] - [ 102224 ]
[ 27329 34826 83731 ] - [ 107462 ]
[ 27339 27373 ] - [ 107022 ]
[ 27339 27373 ] - [ 107468 ]
[ 27341 68526 ] - [ 91232 ]
[ 27359 63765 86570 ] - [ 107475 ]
[ 27367 46497 ] - [ 103878 ]
[ 27367 46497 ] - [ 107477 ]
[ 27384 27386 59082 ] - [ 103968 ]
[ 27404 81550 ] - [ 107500 ]
[ 27404 81550 ] - [ 107501 ]
[ 27413 27450 28307 ] - [ 107505 ]
[ 27420 49362 ] - [ 107509 ]
[ 27423 62944 ] - [ 107510 ]
[ 27452 27531 ] - [ 97748 ]
[ 27469 61587 ] - [ 107538 ]
[ 27484 49321 ] - [ 107545 ]
[ 27493 32906 ] - [ 107551 ]
[ 27498 71079 ] - [ 107554 ]
[ 27501 73127 ] - [ 93836 ]
[ 27501 73127 ] - [ 107558 ]
[ 27503 31309 33880 ] - [ 91964 ]
[ 27503 31309 33880 ] - [ 107560 ]
[ 27521 42020 ] - [ 107570 ]
[ 27526 68083 ] - [ 107578 ]
[ 27560 28965 32375 ] - [ 91964 ]
[ 27560 28965 32375 ] - [ 91965 ]
[ 27560 28965 32375 ] - [ 96256 ]
[ 27560 28965 32375 ] - [ 104420 ]
[ 27562 32366 ] - [ 91617 ]
[ 27562 32366 ] - [ 91964 ]
[ 27562 32366 ] - [ 91965 ]
[ 27566 27646 ] - [ 107590 ]
[ 27570 29839 ] - [ 100883 ]
[ 27570 29839 ] - [ 107591 ]
[ 27590 89342 ] - [ 107601 ]
[ 27591 43412 48196 ] - [ 98279 ]
[ 27609 67510 ] - [ 94905 ]
[ 27609 67510 ] - [ 95929 ]
[ 27609 67510 ] - [ 98012 ]
[ 27609 67510 ] - [ 99769 ]
[ 27618 57183 ] - [ 107619 ]
[ 27620 57193 ] - [ 107620 ]
[ 27621 44426 59750 ] - [ 102210 ]
[ 27621 44426 59750 ] - [ 107621 ]
[ 27636 60422 ] - [ 107628 ]
[ 27639 55548 ] - [ 105502 ]
[ 27639 55548 ] - [ 107632 ]
[ 27639 55548 ] - [ 107633 ]
[ 27644 56376 ] - [ 96264 ]
[ 27648 50020 86750 ] - [ 102953 ]
[ 27648 50020 86750 ] - [ 103106 ]
[ 27657 44760 ] - [ 90932 ]
[ 27657 44760 ] - [ 107641 ]
[ 27661 39398 ] - [ 98322 ]
[ 27661 39398 ] - [ 98323 ]
[ 27661 39398 ] - [ 103336 ]
[ 27664 39617 59730 ] - [ 107643 ]
[ 27665 65593 ] - [ 107644 ]
[ 27666 64796 ] - [ 107645 ]
[ 27677 54628 ] - [ 103990 ]
[ 27682 79957 88818 ] - [ 107652 ]
[ 27686 80687 ] - [ 90176 ]
[ 27686 80687 ] - [ 97808 ]
[ 27691 65106 ] - [ 93776 ]
[ 27693 48319 ] - [ 107658 ]
[ 27705 79898 ] - [ 97997 ]
[ 27713 73298 76864 ] - [ 107672 ]
[ 27722 68637 75795 ] - [ 95332 ]
[ 27730 28031 ] - [ 96888 ]
[ 27730 28031 ] - [ 99481 ]
[ 27747 27920 ] - [ 93513 ]
[ 27747 27920 ] - [ 93970 ]
[ 27747 27920 ] - [ 106858 ]
[ 27749 46173 52662 ] - [ 107688 ]
[ 27752 58399 ] - [ 107691 ]
[ 27760 37103 64569 ] - [ 107700 ]
[ 27769 52764 55571 ] - [ 89796 ]
[ 27777 65047 ] - [ 107708 ]
[ 27785 73783 ] - [ 107715 ]
[ 27788 27789 27790 ] - [ 107717 ]
[ 27804 72194 ] - [ 96016 ]
[ 27804 72194 ] - [ 102106 ]
[ 27804 72194 ] - [ 104600 ]
[ 27805 38330 47572 ] - [ 107727 ]
[ 27809 38188 40221 ] - [ 93514 ]
[ 27809 38188 40221 ] - [ 99629 ]
[ 27817 39650 ] - [ 90447 ]
[ 27819 28369 ] - [ 99643 ]
[ 27819 28369 ] - [ 107736 ]
[ 27825 44673 ] - [ 107737 ]
[ 27836 66264 ] - [ 107742 ]
[ 27846 29586 30272 ] - [ 93710 ]
[ 27870 39246 41460 ] - [ 107769 ]
[ 27877 27878 ] - [ 97526 ]
[ 27879 41566 45231 ] - [ 104282 ]
[ 27881 78252 ] - [ 107771 ]
[ 27884 68022 ] - [ 107773 ]
[ 27895 82001 ] - [ 99643 ]
[ 27895 82001 ] - [ 102745 ]
[ 27906 35156 ] - [ 99941 ]
[ 27908 76947 ] - [ 97887 ]
[ 27915 80917 ] - [ 93058 ]
[ 27917 28817 66726 ] - [ 106024 ]
[ 27927 33747 ] - [ 105398 ]
[ 27927 33747 ] - [ 105399 ]
[ 27927 33747 ] - [ 106659 ]
[ 27928 86005 ] - [ 107789 ]
[ 27950 54783 ] - [ 107799 ]
[ 27950 54783 ] - [ 107800 ]
[ 27958 29153 36366 ] - [ 107807 ]
[ 27984 31945 ] - [ 104614 ]
[ 27984 31945 ] - [ 107823 ]
[ 27984 31945 ] - [ 107824 ]
[ 27984 31945 ] - [ 107825 ]
[ 27987 38142 ] - [ 107827 ]
[ 28001 67045 ] - [ 91617 ]
[ 28001 67045 ] - [ 103975 ]
[ 28004 44524 75718 ] - [ 107838 ]
[ 28004 44524 75718 ] - [ 107839 ]
[ 28025 65574 ] - [ 107850 ]
[ 28027 38568 ] - [ 107852 ]
[ 28027 38568 ] - [ 107853 ]
[ 28048 72100 ] - [ 90901 ]
[ 28057 80173 ] - [ 107863 ]
[ 28077 56318 ] - [ 107876 ]
[ 28119 49419 57574 ] - [ 107887 ]
[ 28133 66682 ] - [ 96152 ]
[ 28133 66682 ] - [ 99767 ]
[ 28177 78331 ] - [ 89964 ]
[ 28184 36396 ] - [ 107934 ]
[ 28188 41238 ] - [ 107936 ]
[ 28234 80822 83463 ] - [ 107962 ]
[ 28235 28259 ] - [ 107963 ]
[ 28237 53985 ] - [ 103102 ]
[ 28237 53985 ] - [ 107964 ]
[ 28270 29228 ] - [ 107974 ]
[ 28275 62507 62515 ] - [ 107979 ]
[ 28279 69150 ] - [ 102570 ]
[ 28279 69150 ] - [ 105640 ]
[ 28297 81238 ] - [ 94892 ]
[ 28297 81238 ] - [ 95332 ]
[ 28297 81238 ] - [ 97575 ]
[ 28297 81238 ] - [ 99560 ]
[ 28297 ] - [ 107988 ]
[ 28297 81238 ] - [ 107989 ]
[ 28309 78848 78849 ] - [ 107994 ]
[ 28315 32002 ] - [ 107065 ]
[ 28315 32002 ] - [ 107998 ]
[ 28315 32002 ] - [ 107999 ]
[ 28316 28752 ] - [ 93514 ]
[ 28316 28752 ] - [ 108000 ]
[ 28318 32342 62451 ] - [ 108001 ]
[ 28342 68853 ] - [ 98348 ]
[ 28365 31705 ] - [ 102195 ]
[ 28373 87193 ] - [ 108030 ]
[ 28392 32019 ] - [ 95697 ]
[ 28392 32019 ] - [ 104886 ]
[ 28392 32019 ] - [ 107065 ]
[ 28426 28432 ] - [ 92202 ]
[ 28426 28432 ] - [ 92659 ]
[ 28426 28432 ] - [ 96444 ]
[ 28426 28432 ] - [ 101568 ]
[ 28426 ] - [ 105827 ]
[ 28432 28781 ] - [ 92202 ]
[ 28432 28781 ] - [ 92659 ]
[ 28432 28781 ] - [ 96444 ]
[ 28432 28781 ] - [ 101568 ]
[ 28437 53115 56636 ] - [ 108057 ]
[ 28457 28468 ] - [ 89834 ]
[ 28457 28468 ] - [ 89835 ]
[ 28457 28468 ] - [ 98436 ]
[ 28459 42110 ] - [ 108065 ]
[ 28473 60702 84553 ] - [ 108076 ]
[ 28480 29605 ] - [ 108082 ]
[ 28481 29000 ] - [ 108083 ]
[ 28481 29000 ] - [ 108084 ]
[ 28488 58787 ] - [ 108093 ]
[ 28494 51165 ] - [ 94765 ]
[ 28499 44159 ] - [ 108104 ]
[ 28500 69312 ] - [ 108105 ]
[ 28524 64557 87181 ] - [ 108116 ]
[ 28526 63392 ] - [ 108117 ]
[ 28526 63392 ] - [ 108118 ]
[ 28566 46716 50653 ] - [ 108147 ]
[ 28572 ] - [ 101331 ]
[ 28575 40369 ] - [ 108150 ]
[ 28587 34439 ] - [ 95335 ]
[ 28587 34439 ] - [ 95336 ]
[ 28587 34439 ] - [ 97691 ]
[ 28592 62923 ] - [ 108158 ]
[ 28600 59161 ] - [ 108164 ]
[ 28614 46361 87235 ] - [ 106992 ]
[ 28616 66072 ] - [ 108172 ]
[ 28620 60817 ] - [ 96284 ]
[ 28636 31982 ] - [ 108186 ]
[ 28642 47342 69834 ] - [ 98745 ]
[ 28650 29862 ] - [ 108197 ]
[ 28687 74519 ] - [ 108206 ]
[ 28691 29528 ] - [ 108210 ]
[ 28702 65548 ] - [ 97515 ]
[ 28702 65548 ] - [ 100025 ]
[ 28703 44185 ] - [ 108216 ]
[ 28705 59233 ] - [ 103717 ]
[ 28709 30649 ] - [ 108218 ]
[ 28713 52906 82629 ] - [ 108223 ]
[ 28722 73898 ] - [ 108228 ]
[ 28727 30388 36803 ] - [ 105500 ]
[ 28730 32029 ] - [ 106710 106711 ]
[ 28739 60881 ] - [ 98051 ]
[ 28740 28742 ] - [ 108234 ]
[ 28759 57509 ] - [ 108245 ]
[ 28763 53910 54892 ] - [ 108250 ]
[ 28764 34014 ] - [ 91232 ]
[ 28764 34014 ] - [ 95773 ]
[ 28769 79691 ] - [ 89835 ]
[ 28769 79691 ] - [ 100577 ]
[ 28776 54561 ] - [ 89862 ]
[ 28776 54561 ] - [ 89863 ]
[ 28776 54561 ] - [ 89864 ]
[ 28781 28795 ] - [ 92202 ]
[ 28781 28795 ] - [ 92659 ]
[ 28781 28795 ] - [ 96444 ]
[ 28781 28795 ] - [ 101568 ]
[ 28781 28795 ] - [ 108188 ]
[ 28795 ] - [ 108263 ]
[ 28799 28800 ] - [ 93393 ]
[ 28799 28801 ] - [ 93393 ]
[ 28799 28800 ] - [ 94782 ]
[ 28799 28801 ] - [ 94782 ]
[ 28799 28805 ] - [ 94782 ]
[ 28799 28800 ] - [ 96444 ]
[ 28799 28801 ] - [ 96444 ]
[ 28799 28805 ] - [ 96444 ]
[ 28799 28800 ] - [ 99653 ]
[ 28799 28801 ] - [ 99653 ]
[ 28799 28805 ] - [ 99653 ]
[ 28799 28800 ] - [ 108153 ]
[ 28799 28801 ] - [ 108153 ]
[ 28799 28805 ] - [ 108153 ]
[ 28800 ] - [ 108188 ]
[ 28801 ] - [ 108270 ]
[ 28804 ] - [ 89913 ]
[ 28804 28805 ] - [ 94782 ]
[ 28804 28805 ] - [ 96444 ]
[ 28804 28805 ] - [ 99653 ]
[ 28804 28805 ] - [ 108153 ]
[ 28815 29222 70716 ] - [ 108278 ]
[ 28831 28832 28833 ] - [ 89913 ]
[ 28831 28832 28833 ] - [ 92200 ]
[ 28831 28832 28833 ] - [ 92201 ]
[ 28831 ] - [ 105896 ]
[ 28831 28832 28833 ] - [ 108286 ]
[ 28841 28843 28844 ] - [ 92202 ]
[ 28841 28843 28844 ] - [ 94782 ]
[ 28841 28843 28844 ] - [ 108073 ]
[ 28870 31313 ] - [ 89594 ]
[ 28874 48204 ] - [ 108301 ]
[ 28877 29371 ] - [ 98709 ]
[ 28877 29371 ] - [ 101752 ]
[ 28881 39744 ] - [ 108308 ]
[ 28884 41648 ] - [ 108309 ]
[ 28888 51212 61581 ] - [ 106765 ]
[ 28901 40518 46879 ] - [ 108324 ]
[ 28903 39939 ] - [ 108327 ]
[ 28914 58356 ] - [ 108333 ]
[ 28914 58356 ] - [ 108334 ]
[ 28945 40039 ] - [ 108353 ]
[ 28949 77921 88240 ] - [ 108356 ]
[ 28951 57308 59074 ] - [ 96716 ]
[ 28959 37878 ] - [ 99340 ]
[ 28959 37878 ] - [ 99341 ]
[ 28959 37878 ] - [ 108360 ]
[ 28972 35444 40496 ] - [ 98472 ]
[ 28972 35444 40496 ] - [ 108367 ]
[ 28986 73899 83389 ] - [ 108377 ]
[ 28990 66975 ] - [ 106683 ]
[ 28997 38371 ] - [ 98346 ]
[ 28997 38371 ] - [ 108384 ]
[ 29009 58947 87986 ] - [ 108390 ]
[ 29011 37905 51990 ] - [ 108392 ]
[ 29029 30624 32322 ] - [ 108403 ]
[ 29047 77629 ] - [ 98819 ]
[ 29063 33958 88637 ] - [ 108424 ]
[ 29064 32457 33252 ] - [ 108425 ]
[ 29068 51366 ] - [ 91777 ]
[ 29068 51366 ] - [ 103191 ]
[ 29068 51366 ] - [ 108427 ]
[ 29075 60299 ] - [ 108429 ]
[ 29087 82800 ] - [ 106538 ]
[ 29119 32022 ] - [ 95027 ]
[ 29128 43746 73662 ] - [ 104224 ]
[ 29152 29175 29176 ] - [ 108478 ]
[ 29156 36527 75711 ] - [ 93182 ]
[ 29156 36527 75711 ] - [ 108483 ]
[ 29157 29338 ] - [ 108484 ]
[ 29162 43863 ] - [ 108491 ]
[ 29166 54680 ] - [ 94092 ]
[ 29166 54680 ] - [ 96270 ]
[ 29166 54680 ] - [ 100239 ]
[ 29166 54680 ] - [ 108493 ]
[ 29183 73378 ] - [ 108504 ]
[ 29187 48394 ] - [ 101435 ]
[ 29191 29192 ] - [ 108505 ]
[ 29200 30560 ] - [ 108515 ]
[ 29203 70444 89252 ] - [ 95338 ]
[ 29205 81452 ] - [ 94356 ]
[ 29209 30660 32651 ] - [ 108522 ]
[ 29233 84339 ] - [ 108536 ]
[ 29237 57166 ] - [ 98472 ]
[ 29237 57166 ] - [ 107275 ]
[ 29237 57166 ] - [ 107771 ]
[ 29245 65601 ] - [ 91526 ]
[ 29245 65601 ] - [ 108544 ]
[ 29258 ] - [ 97610 ]
[ 29267 58154 ] - [ 108552 ]
[ 29273 70617 ] - [ 108556 ]
[ 29286 46163 ] - [ 90821 ]
[ 29288 64808 ] - [ 108565 ]
[ 29325 31168 39559 ] - [ 108509 ]
[ 29358 48641 ] - [ 108601 ]
[ 29376 33183 ] - [ 108613 ]
[ 29385 39176 85296 ] - [ 98944 ]
[ 29396 75658 ] - [ 101329 ]
[ 29399 42963 ] - [ 90032 ]
[ 29399 42963 ] - [ 102461 ]
[ 29401 53191 56441 ] - [ 102463 ]
[ 29401 53191 56441 ] - [ 108622 ]
[ 29416 33861 ] - [ 108637 ]
[ 29427 49986 ] - [ 108650 ]
[ 29428 75671 ] - [ 108651 ]
[ 29442 30417 32716 ] - [ 108656 108657 108658 ]
[ 29442 30417 32716 ] - [ 108656 108657 108659 ]
[ 29442 30417 32716 ] - [ 108656 108658 108659 ]
[ 29442 30417 32716 ] - [ 108657 108658 108659 ]
[ 29442 30417 32716 ] - [ 108660 ]
[ 29460 49783 50100 ] - [ 97798 ]
[ 29470 87933 ] - [ 107370 ]
[ 29472 29474 ] - [ 108674 108675 108676 ]
[ 29481 30059 ] - [ 101380 ]
[ 29481 30059 ] - [ 101400 101401 ]
[ 29483 31859 ] - [ 108683 108685 108686 ]
[ 29483 31859 ] - [ 108684 ]
[ 29487 29784 ] - [ 104391 ]
[ 29487 29784 ] - [ 108688 ]
[ 29487 29784 ] - [ 108689 ]
[ 29489 53311 ] - [ 108690 ]
[ 29501 58078 ] - [ 107176 ]
[ 29501 58078 ] - [ 108212 ]
[ 29502 43443 ] - [ 102654 ]
[ 29508 35241 55607 ] - [ 102419 ]
[ 29513 73884 ] - [ 108700 ]
[ 29541 34278 ] - [ 100607 100608 ]
[ 29575 63376 81430 ] - [ 94530 ]
[ 29587 59581 ] - [ 91713 ]
[ 29590 76829 ] - [ 97219 ]
[ 29590 76829 ] - [ 100132 100133 100134 ]
[ 29590 ] - [ 108731 ]
[ 29591 40667 ] - [ 108732 ]
[ 29611 39356 39358 ] - [ 92743 ]
[ 29611 39356 39358 ] - [ 94307 ]
[ 29611 39356 39358 ] - [ 104040 ]
[ 29615 31321 ] - [ 101467 ]
[ 29615 31321 ] - [ 101468 ]
[ 29617 37466 ] - [ 106991 ]
[ 29620 59255 ] - [ 97764 ]
[ 29620 59255 ] - [ 103250 ]
[ 29632 83841 83849 ] - [ 89716 ]
[ 29633 41915 ] - [ 108747 ]
[ 29648 59869 59871 ] - [ 108755 ]
[ 29655 34080 37814 ] - [ 108760 ]
[ 29659 78040 ] - [ 108763 ]
[ 29671 57433 63937 ] - [ 108770 ]
[ 29674 50831 ] - [ 108773 ]
[ 29697 29994 ] - [ 108784 ]
[ 29697 29994 ] - [ 108785 ]
[ 29697 29994 ] - [ 108786 ]
[ 29715 56353 ] - [ 92221 ]
[ 29715 56353 ] - [ 92222 ]
[ 29715 56353 ] - [ 102923 ]
[ 29715 56353 ] - [ 103465 ]
[ 29716 43085 46120 ] - [ 101785 ]
[ 29716 43085 46120 ] - [ 108799 108800 108801 ]
[ 29717 32633 ] - [ 93513 ]
[ 29717 32633 ] - [ 97771 ]
[ 29717 32633 ] - [ 98131 ]
[ 29718 43758 ] - [ 108802 108803 ]
[ 29720 29740 ] - [ 92221 ]
[ 29720 29740 ] - [ 92222 ]
[ 29720 29740 ] - [ 108805 ]
[ 29722 34549 76354 ] - [ 90984 ]
[ 29737 43742 63727 ] - [ 99072 ]
[ 29744 49262 ] - [ 108819 ]
[ 29755 29761 ] - [ 96466 ]
[ 29755 29761 ] - [ 108823 ]
[ 29763 38241 44555 ] - [ 98661 ]
[ 29764 61523 65670 ] - [ 108833 ]
[ 29765 56850 64822 ] - [ 100185 ]
[ 29766 39257 ] - [ 108834 ]
[ 29767 29768 31738 ] - [ 101082 ]
[ 29770 65766 ] - [ 108835 ]
[ 29822 70727 ] - [ 93464 ]
[ 29822 70727 ] - [ 108855 ]
[ 29844 53306 ] - [ 108863 ]
[ 29848 30627 ] - [ 90004 ]
[ 29848 30627 ] - [ 99594 ]
[ 29867 59415 ] - [ 98054 ]
[ 29867 59415 ] - [ 108870 ]
[ 29901 45974 ] - [ 97012 ]
[ 29904 38571 ] - [ 103931 ]
[ 29904 38571 ] - [ 108885 ]
[ 29910 81237 ] - [ 108889 ]
[ 29912 30392 ] - [ 108892 ]
[ 29922 85544 ] - [ 96834 ]
[ 29922 85544 ] - [ 96835 ]
[ 29933 67766 80131 ] - [ 104729 ]
[ 29937 61579 63964 ] - [ 108904 ]
[ 29943 42445 71382 ] - [ 90419 ]
[ 29949 61160 74494 ] - [ 90021 ]
[ 29949 61160 74494 ] - [ 91856 ]
[ 29957 32902 ] - [ 108916 108917 ]
[ 29970 76640 76770 ] - [ 108924 ]
[ 29972 38474 ] - [ 96749 ]
[ 29972 38474 ] - [ 96750 ]
[ 29972 38474 ] - [ 108925 ]
[ 29978 32785 70465 ] - [ 99570 ]
[ 29992 29993 45583 ] - [ 105938 ]
[ 30018 33856 ] - [ 107312 ]
[ 30018 33856 ] - [ 108948 ]
[ 30027 51092 ] - [ 94714 ]
[ 30027 51092 ] - [ 95261 ]
[ 30028 30180 49608 ] - [ 108742 ]
[ 30028 30180 49608 ] - [ 108950 ]
[ 30046 58436 63804 ] - [ 108956 ]
[ 30049 80624 ] - [ 101991 ]
[ 30054 57600 ] - [ 108497 ]
[ 30057 36701 57442 ] - [ 108959 ]
[ 30065 66808 ] - [ 108815 ]
[ 30137 37358 ] - [ 94508 ]
[ 30137 37358 ] - [ 95273 ]
[ 30137 37358 ] - [ 95274 ]
[ 30137 37358 ] - [ 97753 ]
[ 30157 73973 ] - [ 103760 ]
[ 30157 73973 ] - [ 104369 ]
[ 30157 73973 ] - [ 109000 ]
[ 30166 63018 ] - [ 94002 ]
[ 30166 63018 ] - [ 94003 ]
[ 30166 63018 ] - [ 96118 ]
[ 30175 32049 38850 ] - [ 104997 ]
[ 30175 32049 38850 ] - [ 109013 ]
[ 30185 30512 30919 ] - [ 109021 ]
[ 30211 70755 ] - [ 109035 ]
[ 30217 72173 80716 ] - [ 109038 ]
[ 30220 87533 ] - [ 91043 ]
[ 30220 87533 ] - [ 96233 ]
[ 30259 49583 ] - [ 89767 ]
[ 30278 67310 ] - [ 104168 ]
[ 30278 67310 ] - [ 109081 ]
[ 30284 47850 ] - [ 109082 ]
[ 30289 38871 42559 ] - [ 91288 ]
[ 30289 38871 42559 ] - [ 93425 ]
[ 30297 69057 81162 ] - [ 98092 ]
[ 30297 69057 81162 ] - [ 109088 ]
[ 30303 31404 59066 ] - [ 109091 ]
[ 30315 58303 ] - [ 89538 ]
[ 30328 83098 ] - [ 109100 ]
[ 30340 59863 ] - [ 109103 ]
[ 30342 30374 ] - [ 109104 ]
[ 30343 46806 46807 ] - [ 109105 ]
[ 30344 30345 30346 ] - [ 93713 ]
[ 30344 30345 30346 ] - [ 102353 ]
[ 30349 38382 ] - [ 109110 ]
[ 30362 73433 ] - [ 109113 ]
[ 30364 48543 49436 ] - [ 109114 ]
[ 30372 30377 ] - [ 94031 ]
[ 30387 31445 32782 ] - [ 109125 ]
[ 30391 32847 ] - [ 108403 ]
[ 30391 32847 ] - [ 109128 ]
[ 30426 62450 71963 ] - [ 109157 ]
[ 30451 30654 ] - [ 109169 ]
[ 30452 32635 32641 ] - [ 109170 ]
[ 30475 48837 ] - [ 109191 ]
[ 30491 41119 ] - [ 109200 ]
[ 30506 30558 39846 ] - [ 98147 ]
[ 30520 58964 ] - [ 94037 ]
[ 30520 58964 ] - [ 106691 ]
[ 30541 30655 ] - [ 109227 ]
[ 30547 30562 69902 ] - [ 108722 ]
[ 30552 32780 ] - [ 109238 ]
[ 30552 32780 ] - [ 109239 ]
[ 30588 71902 ] - [ 105669 ]
[ 30592 30595 ] - [ 109264 ]
[ 30603 35464 ] - [ 97441 ]
[ 30615 32684 ] - [ 109273 ]
[ 30618 33207 ] - [ 109275 ]
[ 30631 75276 ] - [ 109283 ]
[ 30665 30668 35935 ] - [ 109306 109307 ]
[ 30690 47996 47997 ] - [ 109317 ]
[ 30710 47814 ] - [ 109328 ]
[ 30720 56855 58286 ] - [ 109331 ]
[ 30733 32395 ] - [ 98888 ]
[ 30733 32395 ] - [ 109333 ]
[ 30735 30736 ] - [ 106607 ]
[ 30739 71991 72093 ] - [ 96829 ]
[ 30740 33145 ] - [ 109337 ]
[ 30759 39415 ] - [ 109348 ]
[ 30761 31214 ] - [ 97219 ]
[ 30761 31214 ] - [ 109350 ]
[ 30765 83321 ] - [ 109352 ]
[ 30781 81507 ] - [ 103503 ]
[ 30783 88486 ] - [ 109368 ]
[ 30784 79586 79589 ] - [ 109369 ]
[ 30803 82503 ] - [ 98194 ]
[ 30815 41250 ] - [ 94893 ]
[ 30815 41250 ] - [ 95747 ]
[ 30840 56261 81868 ] - [ 109403 ]
[ 30842 73768 ] - [ 101423 ]
[ 30842 73768 ] - [ 109404 ]
[ 30847 62500 ] - [ 109409 ]
[ 30862 69245 ] - [ 109419 ]
[ 30864 45708 55129 ] - [ 106077 ]
[ 30864 45708 55129 ] - [ 106080 ]
[ 30873 54574 87464 ] - [ 109424 ]
[ 30877 79719 ] - [ 109426 ]
[ 30883 63956 ] - [ 95149 ]
[ 30883 63956 ] - [ 97469 ]
[ 30883 63956 ] - [ 97813 ]
[ 30889 67505 ] - [ 109432 ]
[ 30893 45431 ] - [ 109434 ]
[ 30895 45642 ] - [ 109436 ]
[ 30901 55112 ] - [ 109441 ]
[ 30906 40492 46292 ] - [ 109445 ]
[ 30926 37840 ] - [ 98459 ]
[ 30932 67491 ] - [ 109459 ]
[ 30939 47664 62850 ] - [ 109463 ]
[ 30940 31087 ] - [ 109464 ]
[ 30941 80453 ] - [ 109465 ]
[ 30945 42040 ] - [ 109467 ]
[ 30949 80075 ] - [ 109470 ]
[ 31003 81071 ] - [ 102238 ]
[ 31014 68092 ] - [ 89687 ]
[ 31014 68092 ] - [ 96018 ]
[ 31029 42749 ] - [ 109526 ]
[ 31034 44688 ] - [ 99557 ]
[ 31067 69473 ] - [ 90694 ]
[ 31099 70335 ] - [ 109559 ]
[ 31100 61276 ] - [ 109560 ]
[ 31109 31110 ] - [ 94023 ]
[ 31109 31110 ] - [ 96013 ]
[ 31109 31110 ] - [ 109564 ]
[ 31123 48457 ] - [ 109575 ]
[ 31159 33090 ] - [ 95132 ]
[ 31159 33090 ] - [ 109593 ]
[ 31179 36576 ] - [ 95145 ]
[ 31190 31657 ] - [ 109604 ]
[ 31194 31216 82066 ] - [ 109609 ]
[ 31195 61073 ] - [ 109610 ]
[ 31219 48899 83873 ] - [ 109623 ]
[ 31227 31231 ] - [ 89958 ]
[ 31227 31231 ] - [ 93968 ]
[ 31240 66046 ] - [ 93516 ]
[ 31243 43717 ] - [ 109636 ]
[ 31256 32014 ] - [ 108849 ]
[ 31256 32014 ] - [ 109647 ]
[ 31258 31385 ] - [ 109608 ]
[ 31263 50646 ] - [ 92291 ]
[ 31263 50646 ] - [ 103463 ]
[ 31263 50646 ] - [ 109653 ]
[ 31264 54346 67457 ] - [ 92642 ]
[ 31276 32319 32325 ] - [ 109619 ]
[ 31296 51711 51926 ] - [ 109669 ]
[ 31303 44198 ] - [ 104971 ]
[ 31303 44198 ] - [ 107182 ]
[ 31324 39982 80969 ] - [ 90013 ]
[ 31330 55089 ] - [ 109684 ]
[ 31339 32359 34153 ] - [ 91964 ]
[ 31339 32359 34153 ] - [ 91965 ]
[ 31339 32359 34153 ] - [ 98762 ]
[ 31340 36670 44923 ] - [ 105490 ]
[ 31340 36670 44923 ] - [ 109688 109689 ]
[ 31347 68574 73872 ] - [ 109694 ]
[ 31348 32609 40531 ] - [ 104929 ]
[ 31349 55990 62014 ] - [ 107368 ]
[ 31349 55990 62014 ] - [ 108772 ]
[ 31362 66211 ] - [ 109545 ]
[ 31375 88247 ] - [ 109710 ]
[ 31389 79312 ] - [ 109714 ]
[ 31394 32000 ] - [ 108730 ]
[ 31394 32000 ] - [ 109715 ]
[ 31403 47949 61841 ] - [ 109665 ]
[ 31413 83757 ] - [ 90112 ]
[ 31414 46463 ] - [ 101162 ]
[ 31425 36224 36242 ] - [ 109735 ]
[ 31431 34059 ] - [ 109736 ]
[ 31437 82875 ] - [ 105735 ]
[ 31446 76388 ] - [ 102339 ]
[ 31446 76388 ] - [ 104339 ]
[ 31449 56488 ] - [ 96256 ]
[ 31449 56488 ] - [ 104420 ]
[ 31449 56488 ] - [ 109746 ]
[ 31451 33639 ] - [ 95147 ]
[ 31451 33639 ] - [ 106314 ]
[ 31453 31454 ] - [ 109747 ]
[ 31464 81842 87233 ] - [ 109754 ]
[ 31467 31628 31629 ] - [ 109755 ]
[ 31470 31557 ] - [ 109759 ]
[ 31479 59632 ] - [ 109767 ]
[ 31483 68169 ] - [ 109769 ]
[ 31502 86201 ] - [ 109776 ]
[ 31509 58806 ] - [ 109777 ]
[ 31550 48063 ] - [ 109788 ]
[ 31552 85481 ] - [ 109789 ]
[ 31559 53937 56683 ] - [ 109791 ]
[ 31569 47487 ] - [ 109794 ]
[ 31579 64668 ] - [ 101987 ]
[ 31579 64668 ] - [ 109803 ]
[ 31588 65850 ] - [ 109807 ]
[ 31597 53177 ] - [ 106474 106475 ]
[ 31615 55578 ] - [ 109816 ]
[ 31619 74277 ] - [ 109817 ]
[ 31661 37176 39804 ] - [ 97377 ]
[ 31669 31673 ] - [ 109834 ]
[ 31678 33058 33059 ] - [ 92862 ]
[ 31678 33058 33059 ] - [ 109836 ]
[ 31697 83370 ] - [ 109841 ]
[ 31704 36683 37688 ] - [ 97747 ]
[ 31704 36683 37688 ] - [ 106517 ]
[ 31715 78971 ] - [ 109847 ]
[ 31715 78971 ] - [ 109848 ]
[ 31722 32041 ] - [ 109853 ]
[ 31735 31784 64014 ] - [ 109857 ]
[ 31753 36795 39010 ] - [ 109871 ]
[ 31774 77795 ] - [ 102593 ]
[ 31781 32058 36292 ] - [ 99257 ]
[ 31788 74052 ] - [ 109891 ]
[ 31789 84176 ] - [ 97490 97491 ]
[ 31789 ] - [ 99858 ]
[ 31789 84176 ] - [ 99859 ]
[ 31789 84176 ] - [ 99860 ]
[ 31802 31953 31954 ] - [ 109897 ]
[ 31806 71868 ] - [ 94033 ]
[ 31821 33392 ] - [ 101547 ]
[ 31824 47915 ] - [ 109913 ]
[ 31826 66568 ] - [ 101359 ]
[ 31832 31848 ] - [ 109919 ]
[ 31833 83643 ] - [ 109917 ]
[ 31843 52182 62889 ] - [ 109923 ]
[ 31864 31906 ] - [ 107646 107647 ]
[ 31864 31906 ] - [ 109936 ]
[ 31879 40564 ] - [ 109947 ]
[ 31879 40564 ] - [ 109948 ]
[ 31893 32037 ] - [ 93884 ]
[ 31893 32037 ] - [ 95669 ]
[ 31895 32601 ] - [ 109960 ]
[ 31900 31901 62147 ] - [ 97206 ]
[ 31919 31920 ] - [ 107646 107647 ]
[ 31923 64251 ] - [ 109225 ]
[ 31938 36770 55873 ] - [ 93844 ]
[ 31966 63267 63270 ] - [ 109988 ]
[ 31970 33213 ] - [ 109995 ]
[ 32018 72532 ] - [ 110017 ]
[ 32043 62042 64219 ] - [ 110020 ]
[ 32046 33460 ] - [ 109801 ]
[ 32052 32289 ] - [ 109294 ]
[ 32056 32873 ] - [ 110024 ]
[ 32078 32080 55722 ] - [ 110030 ]
[ 32091 81734 88492 ] - [ 110038 ]
[ 32092 64763 75557 ] - [ 110039 ]
[ 32096 43871 47857 ] - [ 95370 ]
[ 32098 32821 ] - [ 110042 ]
[ 32109 49004 ] - [ 110048 ]
[ 32110 71979 86605 ] - [ 110049 ]
[ 32123 45110 ] - [ 106277 ]
[ 32147 49446 ] - [ 110072 ]
[ 32147 49446 ] - [ 110073 ]
[ 32148 49504 ] - [ 110074 ]
[ 32153 82356 ] - [ 103379 ]
[ 32153 82356 ] - [ 110077 ]
[ 32155 56480 ] - [ 100387 ]
[ 32183 64527 ] - [ 110091 ]
[ 32188 46763 ] - [ 110093 ]
[ 32198 62387 ] - [ 95244 ]
[ 32218 33106 ] - [ 92476 ]
[ 32218 33106 ] - [ 110111 ]
[ 32220 53756 ] - [ 110112 ]
[ 32229 36919 ] - [ 110123 ]
[ 32249 68374 70573 ] - [ 110103 ]
[ 32258 32260 ] - [ 93394 ]
[ 32258 32260 ] - [ 110141 ]
[ 32258 32260 ] - [ 110143 ]
[ 32261 33695 47046 ] - [ 110144 ]
[ 32264 32266 ] - [ 93394 ]
[ 32264 32266 ] - [ 105895 ]
[ 32264 32266 ] - [ 110141 ]
[ 32277 63161 71471 ] - [ 97837 ]
[ 32284 68016 ] - [ 93003 ]
[ 32336 63626 ] - [ 91763 ]
[ 32338 34292 ] - [ 110180 ]
[ 32343 81434 ] - [ 110183 ]
[ 32347 67894 ] - [ 93739 ]
[ 32347 67894 ] - [ 106063 ]
[ 32350 57073 ] - [ 110185 ]
[ 32370 86316 ] - [ 110193 ]
[ 32423 73179 81894 ] - [ 100783 ]
[ 32434 55662 ] - [ 110227 110228 ]
[ 32437 75660 ] - [ 91625 ]
[ 32455 32462 ] - [ 108559 ]
[ 32455 32462 ] - [ 109170 ]
[ 32456 32490 32992 ] - [ 109127 ]
[ 32459 32539 ] - [ 110241 ]
[ 32459 32539 ] - [ 110242 ]
[ 32461 32646 88209 ] - [ 108893 ]
[ 32471 71270 ] - [ 91522 ]
[ 32471 71270 ] - [ 110249 ]
[ 32502 32555 ] - [ 93884 ]
[ 32514 36103 ] - [ 101700 ]
[ 32532 85010 85025 ] - [ 110251 ]
[ 32549 32553 ] - [ 99592 ]
[ 32554 54195 55286 ] - [ 110298 ]
[ 32558 70428 ] - [ 110299 ]
[ 32560 32750 50599 ] - [ 110300 ]
[ 32565 66678 73546 ] - [ 110303 ]
[ 32568 34710 ] - [ 91393 ]
[ 32576 53280 ] - [ 110307 ]
[ 32582 47856 ] - [ 110313 ]
[ 32596 32660 71617 ] - [ 110009 ]
[ 32598 67679 ] - [ 97100 ]
[ 32599 32720 ] - [ 95848 ]
[ 32623 78135 87118 ] - [ 110347 ]
[ 32665 33440 ] - [ 102953 ]
[ 32670 32689 ] - [ 108588 ]
[ 32670 32689 ] - [ 110290 ]
[ 32691 32853 45524 ] - [ 108588 ]
[ 32691 32853 45524 ] - [ 110291 ]
[ 32693 32778 32788 ] - [ 110290 ]
[ 32693 32778 32788 ] - [ 110378 ]
[ 32704 73250 ] - [ 94454 ]
[ 32723 32724 ] - [ 110389 ]
[ 32736 32738 ] - [ 110397 ]
[ 32736 32738 ] - [ 110399 ]
[ 32739 43922 ] - [ 110401 ]
[ 32747 32804 ] - [ 110408 ]
[ 32747 32804 ] - [ 110409 ]
[ 32753 79485 ] - [ 110412 ]
[ 32756 35221 ] - [ 110416 ]
[ 32756 35221 ] - [ 110417 ]
[ 32814 70544 ] - [ 108371 ]
[ 32830 32831 ] - [ 107151 ]
[ 32841 51164 ] - [ 108875 ]
[ 32846 33248 ] - [ 89913 ]
[ 32846 33248 ] - [ 89915 ]
[ 32846 33248 ] - [ 102244 ]
[ 32846 ] - [ 105897 ]
[ 32846 33248 ] - [ 110472 ]
[ 32866 73474 ] - [ 110485 ]
[ 32877 33618 33620 ] - [ 100240 ]
[ 32877 33618 33620 ] - [ 107547 ]
[ 32887 83891 ] - [ 110490 ]
[ 32918 41270 ] - [ 110508 ]
[ 32928 77108 ] - [ 110520 ]
[ 32935 48896 68438 ] - [ 93404 ]
[ 32939 45740 83967 ] - [ 110527 ]
[ 32943 32972 ] - [ 110529 ]
[ 32946 84476 ] - [ 110532 ]
[ 32949 49435 ] - [ 103169 ]
[ 32949 49435 ] - [ 110533 ]
[ 32959 32960 ] - [ 92862 ]
[ 32959 32960 ] - [ 103668 ]
[ 32959 32960 ] - [ 103669 ]
[ 32961 32967 ] - [ 110539 ]
[ 32964 69079 ] - [ 110534 ]
[ 32964 69079 ] - [ 110536 ]
[ 32974 32975 ] - [ 110534 ]
[ 32986 34922 ] - [ 94892 ]
[ 32986 34922 ] - [ 95331 ]
[ 32986 34922 ] - [ 95820 ]
[ 32997 55529 ] - [ 110291 ]
[ 33028 68007 79664 ] - [ 107532 ]
[ 33043 33044 33057 ] - [ 92862 ]
[ 33043 33044 33057 ] - [ 103668 ]
[ 33051 33091 86502 ] - [ 110111 ]
[ 33063 35313 ] - [ 99594 ]
[ 33063 35313 ] - [ 110589 ]
[ 33066 89296 ] - [ 110592 ]
[ 33069 35091 35879 ] - [ 93463 ]
[ 33069 35091 35879 ] - [ 108169 ]
[ 33098 76521 ] - [ 97252 ]
[ 33109 40668 ] - [ 107292 ]
[ 33109 40668 ] - [ 107293 ]
[ 33123 82138 ] - [ 110616 ]
[ 33125 71580 ] - [ 110619 110620 ]
[ 33127 53381 84900 ] - [ 110622 ]
[ 33133 41853 ] - [ 110623 ]
[ 33144 64353 ] - [ 110627 ]
[ 33148 35073 ] - [ 110630 ]
[ 33151 37059 51209 ] - [ 98174 ]
[ 33155 33295 ] - [ 110636 ]
[ 33178 46900 ] - [ 110650 ]
[ 33184 57611 ] - [ 92691 ]
[ 33184 57611 ] - [ 110656 ]
[ 33184 57611 ] - [ 110657 ]
[ 33255 34151 40809 ] - [ 110690 ]
[ 33264 36335 ] - [ 110693 ]
[ 33266 38248 ] - [ 105954 ]
[ 33266 38248 ] - [ 110694 ]
[ 33275 42648 ] - [ 97797 ]
[ 33275 42648 ] - [ 98486 ]
[ 33285 55091 ] - [ 110711 ]
[ 33296 36930 ] - [ 110721 ]
[ 33296 36930 ] - [ 110722 ]
[ 33299 89100 ] - [ 110725 ]
[ 33306 46727 74684 ] - [ 93461 ]
[ 33317 63915 ] - [ 110736 ]
[ 33332 42804 ] - [ 95565 ]
[ 33332 42804 ] - [ 110748 ]
[ 33340 48363 74075 ] - [ 110753 ]
[ 33351 47153 ] - [ 110757 ]
[ 33353 33354 ] - [ 110758 ]
[ 33357 43992 ] - [ 94451 ]
[ 33357 48343 ] - [ 94451 ]
[ 33357 43992 ] - [ 99999 ]
[ 33357 48343 ] - [ 99999 ]
[ 33357 43992 ] - [ 103672 ]
[ 33357 48343 ] - [ 103672 ]
[ 33357 43992 ] - [ 110759 ]
[ 33357 48343 ] - [ 110759 ]
[ 33359 84049 ] - [ 110760 ]
[ 33369 34699 ] - [ 94479 ]
[ 33372 52503 ] - [ 110770 ]
[ 33389 60072 60358 ] - [ 96668 ]
[ 33390 66265 ] - [ 110778 ]
[ 33402 42381 ] - [ 110789 110790 ]
[ 33421 33568 36793 ] - [ 102171 ]
[ 33455 77652 ] - [ 96437 ]
[ 33467 36097 67560 ] - [ 99475 ]
[ 33469 33470 38329 ] - [ 94430 ]
[ 33483 36937 ] - [ 95661 ]
[ 33483 37480 ] - [ 95661 ]
[ 33483 36937 ] - [ 98406 ]
[ 33483 37480 ] - [ 98406 ]
[ 33483 36937 ] - [ 98407 ]
[ 33483 37480 ] - [ 98407 ]
[ 33483 36937 ] - [ 103669 ]
[ 33483 37480 ] - [ 103669 ]
[ 33483 37480 ] - [ 110829 ]
[ 33501 42355 ] - [ 90108 ]
[ 33501 42355 ] - [ 96399 ]
[ 33502 48861 ] - [ 110841 ]
[ 33542 51669 ] - [ 110857 ]
[ 33543 33918 33919 ] - [ 110858 ]
[ 33567 37816 ] - [ 98453 ]
[ 33576 60156 ] - [ 90055 ]
[ 33577 58534 ] - [ 103533 ]
[ 33585 77959 ] - [ 95662 ]
[ 33590 36128 43089 ] - [ 89688 ]
[ 33594 43777 ] - [ 110875 ]
[ 33594 43777 ] - [ 110876 ]
[ 33647 33648 ] - [ 100862 ]
[ 33660 52571 ] - [ 96836 ]
[ 33662 58818 ] - [ 110906 ]
[ 33672 69032 ] - [ 109493 109494 109495 ]
[ 33672 69032 ] - [ 110910 ]
[ 33672 69032 ] - [ 110911 ]
[ 33685 47824 ] - [ 110921 ]
[ 33699 33848 ] - [ 110902 ]
[ 33699 33848 ] - [ 110903 ]
[ 33699 33848 ] - [ 110925 ]
[ 33711 33772 37024 ] - [ 110934 ]
[ 33722 36904 38768 ] - [ 95207 ]
[ 33725 47149 55697 ] - [ 110944 ]
[ 33726 82238 86488 ] - [ 105827 ]
[ 33734 80788 ] - [ 110953 ]
[ 33745 34179 ] - [ 104695 ]
[ 33745 34179 ] - [ 104696 ]
[ 33745 34179 ] - [ 110957 ]
[ 33749 54960 55132 ] - [ 89776 ]
[ 33749 54960 55132 ] - [ 110960 ]
[ 33761 42954 ] - [ 110966 ]
[ 33761 42954 ] - [ 110967 ]
[ 33761 ] - [ 110968 ]
[ 33761 42954 ] - [ 110969 ]
[ 33761 42954 ] - [ 110970 ]
[ 33766 36101 ] - [ 89595 ]
[ 33771 65050 ] - [ 89709 ]
[ 33771 65050 ] - [ 92454 ]
[ 33775 83866 ] - [ 89608 ]
[ 33779 34717 ] - [ 89752 ]
[ 33779 34717 ] - [ 110977 ]
[ 33795 70441 ] - [ 110990 ]
[ 33812 45352 ] - [ 89696 ]
[ 33829 41424 ] - [ 111010 ]
[ 33843 37534 ] - [ 111013 ]
[ 33844 49914 ] - [ 102143 ]
[ 33868 75681 ] - [ 111021 ]
[ 33876 40478 ] - [ 111024 ]
[ 33879 33888 ] - [ 111025 ]
[ 33881 80485 ] - [ 98814 ]
[ 33881 80485 ] - [ 98815 ]
[ 33882 45308 ] - [ 107443 ]
[ 33884 53077 ] - [ 111027 ]
[ 33887 78676 ] - [ 94597 ]
[ 33893 45753 ] - [ 92014 ]
[ 33893 45753 ] - [ 111037 ]
[ 33894 34680 ] - [ 96749 ]
[ 33894 34680 ] - [ 98576 ]
[ 33896 68161 ] - [ 90650 ]
[ 33896 68161 ] - [ 93695 ]
[ 33896 68161 ] - [ 101125 ]
[ 33906 42815 ] - [ 111041 ]
[ 33910 53870 54146 ] - [ 102079 102080 ]
[ 33917 64702 ] - [ 93789 ]
[ 33917 64702 ] - [ 111044 ]
[ 33923 66023 ] - [ 111049 ]
[ 33938 33940 40976 ] - [ 92487 ]
[ 33938 33940 40976 ] - [ 96475 ]
[ 33938 33940 40976 ] - [ 98323 ]
[ 33964 77578 ] - [ 111069 ]
[ 33965 46626 ] - [ 111070 ]
[ 33968 61874 ] - [ 91154 ]
[ 33979 35981 ] - [ 111078 ]
[ 33987 69597 ] - [ 111080 ]
[ 33994 34035 49837 ] - [ 100826 ]
[ 33996 36054 61400 ] - [ 94281 ]
[ 34006 34139 41828 ] - [ 109005 ]
[ 34006 34139 41828 ] - [ 111095 ]
[ 34011 61860 ] - [ 101939 ]
[ 34011 61860 ] - [ 111098 ]
[ 34015 42523 48604 ] - [ 107458 ]
[ 34016 34167 ] - [ 110957 ]
[ 34016 34167 ] - [ 111100 ]
[ 34029 64915 ] - [ 89577 ]
[ 34032 50074 70882 ] - [ 100235 ]
[ 34062 35290 39976 ] - [ 110903 ]
[ 34062 35290 39976 ] - [ 110925 ]
[ 34062 35290 39976 ] - [ 111129 ]
[ 34085 34086 ] - [ 111141 ]
[ 34087 51858 ] - [ 111142 ]
[ 34102 49748 ] - [ 111149 ]
[ 34137 78114 86927 ] - [ 111161 ]
[ 34144 48054 ] - [ 111166 ]
[ 34144 48054 ] - [ 111167 ]
[ 34156 50203 ] - [ 111178 ]
[ 34171 36269 ] - [ 107196 ]
[ 34199 34200 34223 ] - [ 111193 ]
[ 34202 ] - [ 106965 ]
[ 34218 49733 ] - [ 91584 ]
[ 34218 49733 ] - [ 94328 ]
[ 34237 48977 ] - [ 101168 ]
[ 34239 89264 ] - [ 111211 ]
[ 34250 34788 ] - [ 95149 ]
[ 34250 34788 ] - [ 96093 ]
[ 34250 34788 ] - [ 96098 ]
[ 34255 46765 ] - [ 106446 ]
[ 34255 46765 ] - [ 111220 ]
[ 34268 34270 ] - [ 101852 ]
[ 34268 34270 ] - [ 110174 ]
[ 34268 34270 ] - [ 110175 ]
[ 34285 71512 76739 ] - [ 97856 ]
[ 34291 58539 ] - [ 111243 ]
[ 34299 36136 ] - [ 111248 ]
[ 34307 43365 ] - [ 94342 ]
[ 34307 43365 ] - [ 95354 ]
[ 34307 43365 ] - [ 95355 ]
[ 34312 34354 40954 ] - [ 94806 ]
[ 34312 34354 40954 ] - [ 111255 ]
[ 34316 83391 ] - [ 111258 ]
[ 34319 59558 ] - [ 111260 ]
[ 34331 35460 ] - [ 111264 ]
[ 34332 34333 ] - [ 104436 ]
[ 34332 34333 ] - [ 111265 ]
[ 34337 64276 ] - [ 102993 ]
[ 34355 66121 ] - [ 111272 ]
[ 34356 73913 ] - [ 111273 ]
[ 34382 63642 ] - [ 111283 ]
[ 34413 43399 ] - [ 111300 ]
[ 34448 34449 ] - [ 111318 ]
[ 34490 34492 86155 ] - [ 111340 ]
[ 34503 34534 ] - [ 95335 ]
[ 34503 34534 ] - [ 111343 ]
[ 34510 35485 ] - [ 105355 ]
[ 34510 35485 ] - [ 105356 ]
[ 34523 40337 ] - [ 109285 ]
[ 34528 54575 ] - [ 93074 ]
[ 34531 39341 ] - [ 98769 ]
[ 34537 34735 ] - [ 102385 ]
[ 34537 34735 ] - [ 111352 ]
[ 34550 53773 ] - [ 111359 ]
[ 34557 87980 ] - [ 92375 ]
[ 34557 87980 ] - [ 93223 ]
[ 34562 39536 ] - [ 111363 ]
[ 34622 71271 ] - [ 111383 ]
[ 34631 34635 68359 ] - [ 109204 ]
[ 34660 61243 ] - [ 89834 ]
[ 34660 61243 ] - [ 98436 ]
[ 34682 58954 ] - [ 111406 ]
[ 34686 74800 79940 ] - [ 107675 ]
[ 34692 40454 44684 ] - [ 90019 ]
[ 34692 40454 44684 ] - [ 90020 ]
[ 34692 40454 44684 ] - [ 90031 ]
[ 34694 34695 37784 ] - [ 97114 ]
[ 34694 34695 37784 ] - [ 98759 ]
[ 34704 56794 ] - [ 90535 ]
[ 34704 56794 ] - [ 90536 ]
[ 34704 56794 ] - [ 91651 ]
[ 34711 60193 ] - [ 111415 ]
[ 34712 34720 64755 ] - [ 111416 ]
[ 34719 45692 ] - [ 111419 ]
[ 34722 72552 79913 ] - [ 111420 ]
[ 34731 78268 ] - [ 111334 ]
[ 34740 83102 ] - [ 105039 ]
[ 34741 75118 80668 ] - [ 111428 ]
[ 34747 78990 ] - [ 91453 ]
[ 34763 50520 51828 ] - [ 94266 ]
[ 34799 34800 ] - [ 111458 ]
[ 34806 67616 69376 ] - [ 111463 ]
[ 34834 79267 85293 ] - [ 89378 ]
[ 34834 79267 85293 ] - [ 94761 ]
[ 34838 34968 ] - [ 111477 ]
[ 34860 79466 ] - [ 111488 ]
[ 34864 42848 ] - [ 111490 ]
[ 34868 61654 ] - [ 111491 ]
[ 34873 35176 ] - [ 111494 ]
[ 34885 55559 ] - [ 111501 ]
[ 34925 68760 ] - [ 94444 ]
[ 34925 68760 ] - [ 97441 ]
[ 34929 43991 ] - [ 107058 ]
[ 34929 43991 ] - [ 107809 ]
[ 34930 36657 ] - [ 90511 ]
[ 34930 36657 ] - [ 90855 ]
[ 34930 36657 ] - [ 90856 ]
[ 34930 36657 ] - [ 91272 ]
[ 34933 86043 87028 ] - [ 91991 ]
[ 34933 86043 87028 ] - [ 95319 ]
[ 34936 36992 73503 ] - [ 111523 ]
[ 34941 47449 67528 ] - [ 111526 ]
[ 34946 62548 ] - [ 111527 ]
[ 34963 50919 79447 ] - [ 111535 ]
[ 34966 58611 62422 ] - [ 111536 ]
[ 34998 40702 40723 ] - [ 111554 ]
[ 35014 35015 ] - [ 105732 ]
[ 35014 35015 ] - [ 111559 ]
[ 35018 35117 ] - [ 105732 ]
[ 35018 35117 ] - [ 111561 ]
[ 35025 75454 ] - [ 99905 ]
[ 35026 67978 ] - [ 111569 ]
[ 35033 78782 ] - [ 106077 ]
[ 35033 78782 ] - [ 106080 ]
[ 35033 78782 ] - [ 106081 ]
[ 35046 49149 ] - [ 106883 ]
[ 35052 77997 77998 ] - [ 98713 ]
[ 35053 65587 ] - [ 111586 111587 ]
[ 35069 57749 ] - [ 111599 ]
[ 35075 66511 ] - [ 111604 ]
[ 35081 37492 ] - [ 111606 ]
[ 35085 47152 70039 ] - [ 104601 110929 ]
[ 35085 ] - [ 106394 ]
[ 35085 47152 70039 ] - [ 110757 ]
[ 35085 47152 70039 ] - [ 111608 ]
[ 35090 65082 ] - [ 111611 ]
[ 35107 75735 ] - [ 111620 ]
[ 35115 44420 47879 ] - [ 111624 ]
[ 35122 64307 ] - [ 111626 ]
[ 35149 36801 ] - [ 110925 ]
[ 35175 59746 66256 ] - [ 107846 ]
[ 35180 57187 ] - [ 96115 ]
[ 35197 35399 88790 ] - [ 105355 ]
[ 35200 46714 ] - [ 111662 ]
[ 35203 73867 ] - [ 94092 ]
[ 35203 73867 ] - [ 97059 ]
[ 35203 73867 ] - [ 97996 ]
[ 35213 85693 ] - [ 90535 ]
[ 35213 85693 ] - [ 90536 ]
[ 35213 85693 ] - [ 111668 ]
[ 35222 44177 ] - [ 90058 ]
[ 35222 44177 ] - [ 111679 ]
[ 35236 52371 ] - [ 102583 ]
[ 35259 43653 ] - [ 111693 ]
[ 35267 53333 ] - [ 108333 ]
[ 35302 57565 66375 ] - [ 95179 ]
[ 35307 35806 ] - [ 111723 111724 ]
[ 35308 51621 ] - [ 111725 ]
[ 35324 60505 ] - [ 97136 ]
[ 35359 62720 ] - [ 92404 ]
[ 35359 62720 ] - [ 111750 ]
[ 35363 67824 89330 ] - [ 111752 ]
[ 35365 86265 ] - [ 111753 ]
[ 35385 46744 ] - [ 90364 ]
[ 35385 46744 ] - [ 94492 ]
[ 35385 46744 ] - [ 94494 ]
[ 35400 54645 ] - [ 100096 ]
[ 35420 56070 ] - [ 111781 ]
[ 35427 48958 ] - [ 111783 ]
[ 35435 44295 ] - [ 111788 ]
[ 35448 88602 ] - [ 111795 ]
[ 35451 ] - [ 111798 ]
[ 35458 35463 ] - [ 111801 ]
[ 35458 35463 ] - [ 111802 ]
[ 35481 89120 ] - [ 111815 ]
[ 35498 69539 ] - [ 111828 ]
[ 35509 82790 ] - [ 111833 ]
[ 35519 47569 ] - [ 93086 ]
[ 35519 47569 ] - [ 98623 ]
[ 35522 79204 ] - [ 110130 ]
[ 35522 79204 ] - [ 111839 ]
[ 35529 80216 ] - [ 100693 ]
[ 35570 40926 72842 ] - [ 100427 ]
[ 35574 47837 ] - [ 95001 ]
[ 35574 47837 ] - [ 100643 ]
[ 35574 47837 ] - [ 100645 ]
[ 35653 35654 ] - [ 95275 ]
[ 35653 35654 ] - [ 95276 ]
[ 35669 59855 60915 ] - [ 111902 ]
[ 35687 53169 ] - [ 111914 ]
[ 35712 62156 83933 ] - [ 111926 ]
[ 35719 88571 ] - [ 111930 ]
[ 35720 58911 ] - [ 111931 ]
[ 35721 35745 35827 ] - [ 111807 ]
[ 35723 35744 ] - [ 111807 ]
[ 35723 35744 ] - [ 111932 ]
[ 35730 35803 70438 ] - [ 96278 ]
[ 35733 35734 ] - [ 110899 ]
[ 35733 35734 ] - [ 110903 ]
[ 35733 35734 ] - [ 110925 ]
[ 35733 35734 ] - [ 111129 ]
[ 35739 80141 ] - [ 111942 ]
[ 35761 41576 ] - [ 111952 ]
[ 35762 73362 ] - [ 102795 ]
[ 35762 73362 ] - [ 111953 ]
[ 35776 ] - [ 97772 ]
[ 35795 37628 48433 ] - [ 111964 ]
[ 35815 45396 81081 ] - [ 111969 ]
[ 35824 38851 ] - [ 110899 ]
[ 35824 38851 ] - [ 110925 ]
[ 35824 38851 ] - [ 111129 ]
[ 35829 40089 ] - [ 97817 ]
[ 35829 40089 ] - [ 111555 ]
[ 35829 40089 ] - [ 111977 ]
[ 35832 44551 ] - [ 111979 111980 ]
[ 35847 54302 ] - [ 111993 ]
[ 35850 73557 74284 ] - [ 103283 ]
[ 35864 72875 ] - [ 111999 112000 112001 ]
[ 35867 43862 ] - [ 95374 ]
[ 35896 37548 ] - [ 95213 ]
[ 35899 39906 ] - [ 97733 ]
[ 35899 39906 ] - [ 102302 ]
[ 35917 72829 ] - [ 111999 112000 112001 ]
[ 35917 72829 ] - [ 112022 112023 ]
[ 35937 65425 69847 ] - [ 112030 ]
[ 35956 35957 ] - [ 112038 ]
[ 35962 38620 ] - [ 112040 ]
[ 35966 52725 ] - [ 112042 ]
[ 35987 35989 35992 ] - [ 112046 112050 ]
[ 35987 35989 35992 ] - [ 112051 ]
[ 35987 35989 35992 ] - [ 112052 ]
[ 35987 35989 ] - [ 112053 ]
[ 35999 48346 67468 ] - [ 112059 ]
[ 36023 78714 ] - [ 112070 112071 ]
[ 36039 48882 ] - [ 112076 ]
[ 36046 56387 ] - [ 102734 ]
[ 36062 79441 ] - [ 112085 ]
[ 36066 37165 82637 ] - [ 98587 ]
[ 36079 54578 ] - [ 112100 ]
[ 36088 69226 ] - [ 94117 ]
[ 36089 72927 ] - [ 112103 ]
[ 36091 58722 ] - [ 112104 ]
[ 36093 38095 70934 ] - [ 112106 ]
[ 36104 54801 77461 ] - [ 112109 ]
[ 36106 48378 78503 ] - [ 112111 ]
[ 36127 53475 64865 ] - [ 112125 ]
[ 36138 36139 58276 ] - [ 100237 ]
[ 36141 53099 ] - [ 93314 ]
[ 36142 36144 ] - [ 112126 ]
[ 36154 80752 ] - [ 112130 112132 112133 ]
[ 36154 80752 ] - [ 112131 ]
[ 36158 39447 ] - [ 112138 ]
[ 36167 64348 ] - [ 101905 ]
[ 36172 62865 69361 ] - [ 100617 ]
[ 36183 58853 60425 ] - [ 112153 ]
[ 36202 40959 45156 ] - [ 112162 ]
[ 36218 42985 57024 ] - [ 112171 ]
[ 36241 85086 ] - [ 100185 ]
[ 36241 85086 ] - [ 112181 ]
[ 36256 36457 82340 ] - [ 92630 ]
[ 36265 40395 ] - [ 112195 ]
[ 36271 36272 36273 ] - [ 96947 ]
[ 36289 59736 ] - [ 112206 ]
[ 36298 59621 ] - [ 96016 ]
[ 36298 59621 ] - [ 104600 ]
[ 36298 59621 ] - [ 104795 ]
[ 36299 76982 ] - [ 108761 ]
[ 36300 87153 ] - [ 112213 ]
[ 36310 41094 ] - [ 89609 ]
[ 36310 41094 ] - [ 104171 ]
[ 36313 45864 ] - [ 112220 ]
[ 36323 39926 ] - [ 112226 ]
[ 36332 44300 63241 ] - [ 112237 ]
[ 36350 58199 ] - [ 112240 ]
[ 36370 50850 ] - [ 99208 ]
[ 36391 72495 ] - [ 103875 ]
[ 36397 36399 ] - [ 100122 ]
[ 36406 53420 59495 ] - [ 100122 ]
[ 36406 53420 59495 ] - [ 100123 ]
[ 36409 55308 ] - [ 96410 ]
[ 36411 56085 ] - [ 108836 108837 ]
[ 36420 79176 ] - [ 112268 ]
[ 36421 88779 ] - [ 112269 ]
[ 36437 52422 ] - [ 112275 ]
[ 36456 39977 ] - [ 97733 ]
[ 36456 39977 ] - [ 99649 ]
[ 36458 84609 ] - [ 112282 ]
[ 36511 73770 ] - [ 112300 112301 112302 ]
[ 36511 73770 ] - [ 112300 112301 112304 ]
[ 36511 73770 ] - [ 112300 112301 112305 ]
[ 36511 73770 ] - [ 112300 112301 112306 ]
[ 36511 73770 ] - [ 112300 112302 112304 ]
[ 36511 73770 ] - [ 112300 112302 112305 ]
[ 36511 73770 ] - [ 112300 112302 112306 ]
[ 36511 73770 ] - [ 112300 112304 112305 ]
[ 36514 41509 ] - [ 98738 ]
[ 36511 73770 ] - [ 112300 112304 112306 ]
[ 36514 41509 ] - [ 112309 ]
[ 36511 73770 ] - [ 112300 112305 112306 ]
[ 36511 73770 ] - [ 112301 112302 112304 ]
[ 36511 73770 ] - [ 112301 112302 112305 ]
[ 36511 73770 ] - [ 112301 112302 112306 ]
[ 36511 73770 ] - [ 112301 112304 112305 ]
[ 36511 73770 ] - [ 112301 112304 112306 ]
[ 36511 73770 ] - [ 112301 112305 112306 ]
[ 36511 73770 ] - [ 112302 112304 112305 ]
[ 36511 73770 ] - [ 112302 112304 112306 ]
[ 36511 73770 ] - [ 112302 112305 112306 ]
[ 36511 73770 ] - [ 112303 112307 ]
[ 36511 73770 ] - [ 112304 112305 112306 ]
[ 36533 68901 ] - [ 94508 ]
[ 36533 68901 ] - [ 95216 ]
[ 36533 68901 ] - [ 95274 ]
[ 36536 45140 ] - [ 89715 ]
[ 36554 42211 54515 ] - [ 112336 ]
[ 36608 79594 ] - [ 89412 ]
[ 36613 ] - [ 112360 ]
[ 36618 38236 ] - [ 94061 ]
[ 36618 38236 ] - [ 94062 ]
[ 36618 38236 ] - [ 112362 ]
[ 36621 43070 ] - [ 109511 ]
[ 36627 38238 ] - [ 94062 ]
[ 36627 38238 ] - [ 110315 ]
[ 36627 38238 ] - [ 112362 ]
[ 36628 36688 ] - [ 112365 ]
[ 36644 38661 38868 ] - [ 94397 ]
[ 36644 38661 38868 ] - [ 94398 ]
[ 36656 43262 ] - [ 90156 ]
[ 36656 43262 ] - [ 90157 ]
[ 36664 66052 ] - [ 112391 ]
[ 36667 36668 45164 ] - [ 112392 ]
[ 36679 54048 ] - [ 90605 ]
[ 36680 54041 ] - [ 94367 ]
[ 36680 54041 ] - [ 112395 ]
[ 36684 50136 ] - [ 99276 ]
[ 36696 37866 85264 ] - [ 97515 ]
[ 36699 38399 54577 ] - [ 103931 ]
[ 36699 38399 54577 ] - [ 112406 ]
[ 36707 ] - [ 100909 ]
[ 36714 79074 ] - [ 112414 ]
[ 36717 62333 62526 ] - [ 91108 ]
[ 36758 80292 ] - [ 112438 ]
[ 36773 64994 ] - [ 112447 ]
[ 36785 59592 ] - [ 112454 ]
[ 36789 42808 ] - [ 112455 ]
[ 36799 47827 55320 ] - [ 96889 ]
[ 36799 47827 55320 ] - [ 103878 ]
[ 36807 55695 ] - [ 112464 ]
[ 36811 74487 ] - [ 98393 ]
[ 36815 44951 51677 ] - [ 93616 ]
[ 36816 46041 46045 ] - [ 93513 ]
[ 36816 46041 46045 ] - [ 95372 ]
[ 36816 46041 46045 ] - [ 100779 ]
[ 36818 41363 48756 ] - [ 112466 ]
[ 36847 42590 ] - [ 112475 ]
[ 36854 38016 ] - [ 112479 ]
[ 36861 58458 66482 ] - [ 112484 ]
[ 36872 61649 ] - [ 94878 ]
[ 36872 61649 ] - [ 94881 ]
[ 36882 39229 ] - [ 112498 ]
[ 36883 85538 ] - [ 112499 ]
[ 36888 37194 81354 ] - [ 93729 ]
[ 36888 37194 81354 ] - [ 110771 ]
[ 36889 49116 ] - [ 97157 ]
[ 36889 49116 ] - [ 97158 ]
[ 36889 49116 ] - [ 105375 ]
[ 36895 39132 56550 ] - [ 112506 ]
[ 36895 39132 56550 ] - [ 112507 ]
[ 36913 48650 50385 ] - [ 106644 ]
[ 36913 48650 50385 ] - [ 112517 ]
[ 36916 50044 ] - [ 90536 ]
[ 36922 79038 ] - [ 112518 ]
[ 36922 79038 ] - [ 112519 ]
[ 36923 57672 ] - [ 103066 ]
[ 36923 57672 ] - [ 107823 ]
[ 36937 45388 ] - [ 95661 ]
[ 36937 45388 ] - [ 98406 ]
[ 36937 45388 ] - [ 98407 ]
[ 36937 45388 ] - [ 103669 ]
[ 36938 39128 ] - [ 112523 ]
[ 36949 60353 ] - [ 112533 ]
[ 36949 60353 ] - [ 112534 ]
[ 36957 62363 ] - [ 112538 ]
[ 36963 65474 72676 ] - [ 102937 ]
[ 36963 65474 72676 ] - [ 112543 ]
[ 36970 81516 ] - [ 90513 ]
[ 36970 81516 ] - [ 90536 ]
[ 36970 81516 ] - [ 91651 ]
[ 37007 54880 59068 ] - [ 112564 ]
[ 37018 39666 40624 ] - [ 90609 ]
[ 37018 39666 40624 ] - [ 101485 ]
[ 37018 39666 40624 ] - [ 112572 ]
[ 37029 45137 76464 ] - [ 112578 ]
[ 37030 68329 ] - [ 90429 ]
[ 37032 74525 ] - [ 104491 ]
[ 37032 74525 ] - [ 107425 ]
[ 37032 74525 ] - [ 107456 ]
[ 37047 64949 84116 ] - [ 110628 ]
[ 37049 59194 ] - [ 112581 ]
[ 37079 37080 60559 ] - [ 112590 ]
[ 37093 86765 ] - [ 94160 ]
[ 37106 37107 ] - [ 112595 ]
[ 37113 37114 ] - [ 110072 ]
[ 37117 37142 37268 ] - [ 112597 ]
[ 37133 39710 51839 ] - [ 112599 ]
[ 37143 37168 ] - [ 112601 ]
[ 37146 60218 ] - [ 93513 ]
[ 37146 60218 ] - [ 93970 ]
[ 37156 70078 ] - [ 112608 ]
[ 37161 71663 ] - [ 103102 ]
[ 37161 71663 ] - [ 112609 ]
[ 37166 87591 ] - [ 112610 ]
[ 37167 59430 ] - [ 112611 ]
[ 37172 38710 38712 ] - [ 100164 ]
[ 37174 38131 67225 ] - [ 94907 ]
[ 37175 37471 77205 ] - [ 95661 ]
[ 37177 83556 ] - [ 100230 ]
[ 37183 62715 ] - [ 91234 ]
[ 37183 62715 ] - [ 99107 ]
[ 37186 37389 ] - [ 100868 ]
[ 37198 58862 77459 ] - [ 112616 ]
[ 37204 37205 87158 ] - [ 92272 ]
[ 37204 37205 87158 ] - [ 112618 ]
[ 37224 55820 87431 ] - [ 94840 ]
[ 37240 54236 ] - [ 112636 ]
[ 37241 45541 ] - [ 112637 ]
[ 37242 72750 ] - [ 112638 ]
[ 37245 38249 51701 ] - [ 112643 ]
[ 37276 74543 ] - [ 102420 ]
[ 37287 66965 ] - [ 93315 ]
[ 37287 66965 ] - [ 93811 ]
[ 37310 45393 70447 ] - [ 112659 ]
[ 37315 74433 ] - [ 91604 ]
[ 37315 74433 ] - [ 112662 ]
[ 37319 44517 82498 ] - [ 98474 ]
[ 37320 49216 ] - [ 94723 ]
[ 37320 49216 ] - [ 95866 ]
[ 37328 37329 ] - [ 92834 ]
[ 37328 37329 ] - [ 93686 ]
[ 37328 37329 ] - [ 93688 ]
[ 37335 75527 ] - [ 112678 ]
[ 37350 69419 ] - [ 112686 ]
[ 37373 37374 ] - [ 112598 ]
[ 37380 51299 ] - [ 112700 ]
[ 37388 54737 55811 ] - [ 112708 ]
[ 37404 57923 ] - [ 112717 ]
[ 37429 46159 ] - [ 112565 ]
[ 37438 46205 ] - [ 112731 ]
[ 37451 37452 ] - [ 101428 ]
[ 37476 44636 ] - [ 112750 ]
[ 37476 44636 ] - [ 112751 112752 112753 ]
[ 37480 ] - [ 98762 ]
[ 37481 40072 ] - [ 92493 ]
[ 37481 40072 ] - [ 95697 ]
[ 37489 37864 85917 ] - [ 101466 ]
[ 37494 48632 ] - [ 92741 ]
[ 37504 60875 ] - [ 91220 ]
[ 37513 37514 ] - [ 112773 ]
[ 37515 65299 ] - [ 112774 ]
[ 37516 68795 ] - [ 112775 112776 112777 ]
[ 37533 52924 ] - [ 112781 ]
[ 37540 72278 79117 ] - [ 108665 ]
[ 37540 72278 79117 ] - [ 112785 ]
[ 37563 37574 37687 ] - [ 97747 ]
[ 37563 37574 37687 ] - [ 103069 ]
[ 37563 37574 37687 ] - [ 106517 ]
[ 37580 39579 ] - [ 110925 ]
[ 37580 39579 ] - [ 111129 ]
[ 37594 40052 45611 ] - [ 108080 ]
[ 37598 61754 ] - [ 112806 ]
[ 37598 61754 ] - [ 112807 ]
[ 37600 52592 52600 ] - [ 112808 ]
[ 37609 37610 37611 ] - [ 95028 ]
[ 37609 37610 37611 ] - [ 107672 ]
[ 37630 40651 ] - [ 112820 ]
[ 37656 43893 ] - [ 98186 ]
[ 37656 43893 ] - [ 112088 ]
[ 37661 54445 ] - [ 101565 ]
[ 37661 54445 ] - [ 101566 ]
[ 37661 54445 ] - [ 112830 ]
[ 37676 54310 ] - [ 112810 ]
[ 37678 68973 ] - [ 112837 ]
[ 37679 47481 ] - [ 98186 ]
[ 37679 47481 ] - [ 112838 ]
[ 37684 38852 61485 ] - [ 112843 ]
[ 37691 80750 ] - [ 100420 ]
[ 37711 76032 ] - [ 112855 112856 ]
[ 37712 73500 ] - [ 112857 ]
[ 37715 80949 ] - [ 96118 ]
[ 37715 80949 ] - [ 104594 ]
[ 37719 47180 ] - [ 94207 ]
[ 37722 47690 ] - [ 112859 ]
[ 37727 37906 37961 ] - [ 112862 ]
[ 37737 43953 ] - [ 105554 ]
[ 37737 43953 ] - [ 108110 ]
[ 37737 43953 ] - [ 112866 ]
[ 37739 48994 79245 ] - [ 102170 ]
[ 37741 69491 82991 ] - [ 112867 ]
[ 37744 55997 ] - [ 92465 ]
[ 37744 55997 ] - [ 112869 ]
[ 37754 40713 ] - [ 112875 ]
[ 37762 37763 ] - [ 112881 ]
[ 37797 43687 88274 ] - [ 112518 ]
[ 37797 43687 88274 ] - [ 112519 ]
[ 37797 43687 88274 ] - [ 112899 ]
[ 37801 80936 ] - [ 94677 ]
[ 37802 37836 37918 ] - [ 94893 ]
[ 37802 37836 37918 ] - [ 99276 ]
[ 37819 53093 ] - [ 104594 ]
[ 37853 45626 ] - [ 112929 ]
[ 37854 37855 ] - [ 108110 ]
[ 37854 37855 ] - [ 112930 ]
[ 37954 49142 ] - [ 112965 ]
[ 37955 67843 68027 ] - [ 112966 ]
[ 37956 68262 ] - [ 112967 ]
[ 37958 43451 44894 ] - [ 97793 ]
[ 37958 43451 44894 ] - [ 105423 ]
[ 37958 43451 44894 ] - [ 112968 112969 ]
[ 37973 83056 ] - [ 112978 ]
[ 37976 66344 ] - [ 112981 ]
[ 37986 63907 ] - [ 112984 ]
[ 37987 48485 62386 ] - [ 91476 ]
[ 38001 38004 ] - [ 112988 ]
[ 38006 73661 74173 ] - [ 97427 ]
[ 38008 48643 ] - [ 103815 ]
[ 38009 55685 83729 ] - [ 112991 ]
[ 38011 38028 ] - [ 112992 ]
[ 38013 45297 53387 ] - [ 112994 ]
[ 38033 74268 ] - [ 113002 ]
[ 38062 49046 ] - [ 113015 ]
[ 38064 38087 48717 ] - [ 100004 ]
[ 38064 38087 48717 ] - [ 100005 ]
[ 38073 38551 73521 ] - [ 110317 110318 ]
[ 38080 41081 ] - [ 101007 ]
[ 38084 48718 ] - [ 100004 ]
[ 38084 48718 ] - [ 103291 ]
[ 38084 48718 ] - [ 113024 ]
[ 38085 72106 ] - [ 113025 ]
[ 38101 52775 ] - [ 98599 ]
[ 38107 44356 ] - [ 98308 ]
[ 38107 44356 ] - [ 103102 ]
[ 38130 80294 ] - [ 113042 ]
[ 38140 78352 78715 ] - [ 113047 ]
[ 38151 38154 ] - [ 113056 113057 ]
[ 38156 46011 ] - [ 95149 ]
[ 38156 46011 ] - [ 101352 ]
[ 38156 46011 ] - [ 101363 ]
[ 38157 66825 ] - [ 110331 ]
[ 38162 52175 ] - [ 113064 ]
[ 38169 53591 ] - [ 113070 ]
[ 38185 56919 80268 ] - [ 99622 ]
[ 38185 56919 80268 ] - [ 113023 ]
[ 38193 86799 ] - [ 113077 ]
[ 38193 86799 ] - [ 113078 ]
[ 38201 74160 ] - [ 113087 ]
[ 38205 83063 ] - [ 97995 ]
[ 38207 48040 ] - [ 113090 ]
[ 38208 61533 ] - [ 113091 ]
[ 38214 38218 ] - [ 102136 ]
[ 38214 38218 ] - [ 106518 ]
[ 38247 56049 ] - [ 106117 ]
[ 38253 59584 ] - [ 113110 113111 ]
[ 38300 63854 ] - [ 102967 ]
[ 38318 74765 76760 ] - [ 113133 ]
[ 38319 80239 ] - [ 113134 ]
[ 38325 76247 ] - [ 89360 ]
[ 38326 71674 ] - [ 113136 ]
[ 38327 51462 ] - [ 113137 ]
[ 38328 38353 84252 ] - [ 113138 ]
[ 38346 60384 ] - [ 113144 ]
[ 38354 83288 85215 ] - [ 113147 ]
[ 38361 38362 ] - [ 98385 ]
[ 38361 38362 ] - [ 99332 ]
[ 38361 38362 ] - [ 113152 ]
[ 38367 48687 ] - [ 113156 ]
[ 38373 81572 ] - [ 97617 ]
[ 38373 81572 ] - [ 110888 ]
[ 38388 56783 ] - [ 98078 ]
[ 38388 56783 ] - [ 106484 ]
[ 38388 56783 ] - [ 113162 ]
[ 38393 73229 ] - [ 97714 ]
[ 38393 73229 ] - [ 113167 ]
[ 38414 66514 ] - [ 113180 ]
[ 38419 61157 78432 ] - [ 113182 ]
[ 38459 50926 ] - [ 101751 ]
[ 38480 63259 ] - [ 91604 ]
[ 38480 63259 ] - [ 113213 ]
[ 38483 44362 ] - [ 103290 ]
[ 38487 38488 68657 ] - [ 113215 ]
[ 38511 47148 ] - [ 113231 ]
[ 38511 47148 ] - [ 113232 ]
[ 38517 63661 ] - [ 113235 ]
[ 38520 44887 ] - [ 94806 ]
[ 38520 44887 ] - [ 94808 ]
[ 38533 87956 ] - [ 108744 ]
[ 38533 87956 ] - [ 113244 ]
[ 38555 38592 38593 ] - [ 113262 ]
[ 38569 67341 ] - [ 113270 ]
[ 38575 57132 ] - [ 113272 ]
[ 38582 77054 ] - [ 104818 ]
[ 38582 77054 ] - [ 108100 ]
[ 38584 56502 ] - [ 104565 ]
[ 38584 56502 ] - [ 113276 ]
[ 38596 44573 51993 ] - [ 92816 ]
[ 38596 44573 51993 ] - [ 94814 ]
[ 38601 85448 ] - [ 113285 ]
[ 38604 65101 ] - [ 113277 ]
[ 38607 65907 ] - [ 113288 ]
[ 38629 84501 ] - [ 91135 ]
[ 38629 84501 ] - [ 93861 ]
[ 38632 71348 ] - [ 105335 ]
[ 38632 71348 ] - [ 113302 ]
[ 38640 75992 ] - [ 103102 ]
[ 38640 75992 ] - [ 113018 ]
[ 38641 55107 74505 ] - [ 102672 ]
[ 38647 63156 ] - [ 113306 ]
[ 38650 81918 ] - [ 113308 ]
[ 38653 72378 ] - [ 98737 ]
[ 38662 52196 ] - [ 104345 ]
[ 38662 52196 ] - [ 113102 ]
[ 38662 52196 ] - [ 113311 ]
[ 38665 67038 ] - [ 113314 ]
[ 38673 46047 ] - [ 99620 ]
[ 38673 46047 ] - [ 113319 ]
[ 38673 46047 ] - [ 113320 ]
[ 38678 51219 ] - [ 113323 ]
[ 38684 43163 ] - [ 96914 ]
[ 38684 43163 ] - [ 98305 ]
[ 38698 38700 ] - [ 113334 ]
[ 38705 40002 ] - [ 111129 ]
[ 38719 39126 ] - [ 94806 ]
[ 38719 39126 ] - [ 113176 ]
[ 38722 59029 67005 ] - [ 103760 ]
[ 38722 59029 67005 ] - [ 109000 ]
[ 38728 69868 ] - [ 113338 ]
[ 38738 82948 ] - [ 113346 ]
[ 38739 69895 ] - [ 90855 ]
[ 38739 69895 ] - [ 90856 ]
[ 38739 69895 ] - [ 113334 ]
[ 38739 69895 ] - [ 113347 ]
[ 38773 71225 ] - [ 113371 ]
[ 38775 50493 ] - [ 97853 ]
[ 38783 38802 38816 ] - [ 113373 ]
[ 38786 38831 ] - [ 113374 ]
[ 38833 83420 ] - [ 109535 ]
[ 38874 39964 ] - [ 91220 ]
[ 38874 39964 ] - [ 113414 ]
[ 38895 49366 ] - [ 93885 ]
[ 38895 49366 ] - [ 100173 ]
[ 38910 38912 ] - [ 89539 ]
[ 38910 38912 ] - [ 107725 ]
[ 38911 38918 41108 ] - [ 113425 ]
[ 38929 45256 45349 ] - [ 113432 ]
[ 38931 40993 ] - [ 105755 ]
[ 38947 70293 72832 ] - [ 102747 ]
[ 38965 55432 ] - [ 101611 ]
[ 38965 55432 ] - [ 103761 ]
[ 38989 39236 ] - [ 110247 ]
[ 38989 39236 ] - [ 113461 ]
[ 39003 76667 ] - [ 96407 ]
[ 39007 55533 ] - [ 113467 ]
[ 39048 66430 ] - [ 100270 ]
[ 39054 64893 ] - [ 113494 ]
[ 39055 63759 ] - [ 113495 ]
[ 39061 39825 81108 ] - [ 113498 ]
[ 39065 39421 ] - [ 89850 ]
[ 39065 39421 ] - [ 89851 ]
[ 39069 50331 76465 ] - [ 113315 ]
[ 39074 56994 76510 ] - [ 113507 ]
[ 39088 42565 45451 ] - [ 101191 ]
[ 39088 42565 45451 ] - [ 113516 ]
[ 39091 83728 ] - [ 113517 ]
[ 39100 39101 ] - [ 113518 ]
[ 39120 39122 82620 ] - [ 113531 ]
[ 39121 63473 ] - [ 98958 ]
[ 39138 87207 ] - [ 113536 ]
[ 39145 47655 ] - [ 98810 ]
[ 39145 47655 ] - [ 113538 ]
[ 39151 83456 ] - [ 113539 ]
[ 39155 85571 ] - [ 113543 ]
[ 39156 41500 51653 ] - [ 100533 ]
[ 39178 44067 ] - [ 113553 ]
[ 39179 42318 ] - [ 95787 ]
[ 39179 42318 ] - [ 112372 ]
[ 39193 44042 ] - [ 94892 ]
[ 39193 44042 ] - [ 94894 ]
[ 39193 44042 ] - [ 113562 ]
[ 39196 39803 43367 ] - [ 99680 ]
[ 39196 39803 43367 ] - [ 102353 ]
[ 39196 39803 43367 ] - [ 109719 ]
[ 39202 55426 ] - [ 113566 ]
[ 39204 84916 ] - [ 109712 ]
[ 39250 46845 86877 ] - [ 113583 ]
[ 39263 61275 ] - [ 95391 ]
[ 39263 61275 ] - [ 113586 ]
[ 39269 54223 ] - [ 92181 ]
[ 39269 54223 ] - [ 94153 ]
[ 39273 53165 ] - [ 113591 ]
[ 39317 48982 ] - [ 98322 ]
[ 39317 48982 ] - [ 103336 ]
[ 39337 62361 62426 ] - [ 113625 ]
[ 39344 39345 ] - [ 113632 ]
[ 39348 84746 ] - [ 113633 ]
[ 39354 69759 ] - [ 94903 ]
[ 39354 69759 ] - [ 95929 ]
[ 39359 39360 ] - [ 113636 ]
[ 39364 40528 ] - [ 113638 ]
[ 39365 69075 77321 ] - [ 104168 ]
[ 39369 58135 74118 ] - [ 96113 ]
[ 39379 85023 ] - [ 113642 ]
[ 39386 54927 ] - [ 107021 ]
[ 39387 55351 ] - [ 113644 ]
[ 39388 40225 58903 ] - [ 113645 ]
[ 39463 40001 ] - [ 92143 ]
[ 39464 39560 61213 ] - [ 113686 ]
[ 39474 51206 ] - [ 113692 ]
[ 39476 59244 ] - [ 113693 ]
[ 39480 40647 ] - [ 94892 ]
[ 39480 40647 ] - [ 97219 ]
[ 39506 39507 39509 ] - [ 93466 ]
[ 39506 39507 39509 ] - [ 97422 ]
[ 39514 63089 67380 ] - [ 94062 ]
[ 39514 63089 67380 ] - [ 112362 ]
[ 39514 63089 67380 ] - [ 113709 ]
[ 39529 77076 ] - [ 113718 113719 ]
[ 39539 66608 ] - [ 113724 ]
[ 39553 50251 ] - [ 113730 ]
[ 39556 49047 65444 ] - [ 100786 ]
[ 39572 40349 ] - [ 113741 ]
[ 39590 67669 ] - [ 112048 ]
[ 39595 68104 ] - [ 113753 ]
[ 39612 73514 86681 ] - [ 113764 ]
[ 39621 55163 ] - [ 107211 ]
[ 39657 68422 ] - [ 113783 ]
[ 39664 60321 ] - [ 111275 ]
[ 39692 41434 77197 ] - [ 105934 ]
[ 39723 52842 ] - [ 113809 ]
[ 39725 73263 80831 ] - [ 101574 ]
[ 39734 39755 ] - [ 113815 ]
[ 39741 62953 ] - [ 96308 ]
[ 39741 62953 ] - [ 113818 ]
[ 39763 42852 78259 ] - [ 113837 ]
[ 39763 42852 78259 ] - [ 113838 ]
[ 39768 43504 ] - [ 100124 ]
[ 39768 43504 ] - [ 113841 ]
[ 39774 44474 ] - [ 107830 ]
[ 39774 44474 ] - [ 113844 ]
[ 39775 76716 80759 ] - [ 96135 ]
[ 39775 76716 80759 ] - [ 113845 ]
[ 39778 43110 58896 ] - [ 113846 ]
[ 39783 40763 41259 ] - [ 97603 ]
[ 39783 40763 41259 ] - [ 108249 ]
[ 39789 40030 ] - [ 113849 113850 ]
[ 39805 81886 ] - [ 113853 ]
[ 39815 42196 ] - [ 103953 ]
[ 39821 40967 81367 ] - [ 98220 ]
[ 39834 40656 ] - [ 92748 ]
[ 39865 68275 71080 ] - [ 96798 ]
[ 39866 51177 63469 ] - [ 113874 ]
[ 39867 83258 ] - [ 94579 ]
[ 39880 88246 ] - [ 102179 ]
[ 39880 88246 ] - [ 102180 ]
[ 39880 88246 ] - [ 111668 ]
[ 39885 39892 ] - [ 93413 ]
[ 39885 39892 ] - [ 99261 ]
[ 39904 42753 72172 ] - [ 101748 ]
[ 39912 39916 ] - [ 95994 ]
[ 39927 39928 ] - [ 99261 ]
[ 39927 39928 ] - [ 113858 ]
[ 39956 ] - [ 113898 ]
[ 39967 52498 79211 ] - [ 113900 ]
[ 39971 62706 ] - [ 110096 ]
[ 39978 54551 ] - [ 113903 ]
[ 39981 39984 ] - [ 113905 ]
[ 39992 76784 ] - [ 113910 ]
[ 40004 40025 ] - [ 113326 ]
[ 40011 84885 ] - [ 89527 ]
[ 40011 84885 ] - [ 99792 ]
[ 40028 50016 60000 ] - [ 90535 ]
[ 40028 50016 60000 ] - [ 90536 ]
[ 40033 56379 81451 ] - [ 113929 ]
[ 40045 71440 ] - [ 113015 ]
[ 40045 71440 ] - [ 113098 ]
[ 40047 40049 40050 ] - [ 112293 ]
[ 40047 40049 40050 ] - [ 113934 ]
[ 40060 68226 77446 ] - [ 113939 ]
[ 40062 75957 79315 ] - [ 113276 ]
[ 40063 40080 57361 ] - [ 103102 ]
[ 40063 40080 57361 ] - [ 113940 ]
[ 40070 55993 69852 ] - [ 99622 ]
[ 40082 40120 51282 ] - [ 89984 ]
[ 40082 40120 51282 ] - [ 113947 ]
[ 40092 40094 ] - [ 113951 ]
[ 40099 60093 88248 ] - [ 90510 ]
[ 40099 60093 88248 ] - [ 111668 ]
[ 40104 78999 ] - [ 113959 ]
[ 40105 60563 60859 ] - [ 113960 ]
[ 40136 71268 ] - [ 104263 ]
[ 40136 71268 ] - [ 113979 ]
[ 40143 40145 49174 ] - [ 113981 113982 ]
[ 40180 72704 86135 ] - [ 114007 114008 ]
[ 40188 41130 ] - [ 101468 ]
[ 40188 41130 ] - [ 105413 ]
[ 40193 42996 ] - [ 98308 ]
[ 40193 42996 ] - [ 114013 ]
[ 40195 51025 ] - [ 108337 ]
[ 40195 51025 ] - [ 110231 ]
[ 40223 43232 67530 ] - [ 114026 ]
[ 40226 65748 ] - [ 95483 ]
[ 40244 57460 ] - [ 100032 ]
[ 40248 53525 ] - [ 114035 ]
[ 40266 62697 ] - [ 97644 ]
[ 40266 62697 ] - [ 97645 ]
[ 40274 64042 ] - [ 114042 ]
[ 40328 40332 40384 ] - [ 106331 ]
[ 40347 40381 54279 ] - [ 114066 ]
[ 40355 59009 ] - [ 95198 ]
[ 40356 72295 75448 ] - [ 114069 ]
[ 40359 50620 67352 ] - [ 90615 ]
[ 40396 41513 56012 ] - [ 114080 ]
[ 40397 54254 ] - [ 114081 114082 ]
[ 40400 40425 ] - [ 107152 ]
[ 40402 51009 ] - [ 95264 ]
[ 40402 51009 ] - [ 114084 ]
[ 40404 48416 ] - [ 105293 ]
[ 40404 48416 ] - [ 114085 ]
[ 40409 65373 ] - [ 114087 ]
[ 40432 65551 82159 ] - [ 111555 ]
[ 40432 65551 82159 ] - [ 114098 ]
[ 40473 43544 ] - [ 114112 ]
[ 40477 43965 ] - [ 94321 ]
[ 40477 43965 ] - [ 109144 ]
[ 40489 44424 ] - [ 111242 ]
[ 40504 63984 71748 ] - [ 104379 ]
[ 40523 50612 65848 ] - [ 92762 ]
[ 40530 41860 52651 ] - [ 114139 ]
[ 40545 49456 49469 ] - [ 91783 ]
[ 40545 49456 49469 ] - [ 97577 ]
[ 40572 40634 ] - [ 114160 ]
[ 40575 51274 ] - [ 114161 ]
[ 40577 41317 ] - [ 114162 ]
[ 40578 41413 41446 ] - [ 114163 ]
[ 40584 40611 56018 ] - [ 97638 ]
[ 40584 40611 56018 ] - [ 114164 ]
[ 40625 40629 67222 ] - [ 114178 114179 ]
[ 40626 70219 ] - [ 97217 ]
[ 40628 72935 73775 ] - [ 114181 ]
[ 40630 58706 ] - [ 99202 ]
[ 40630 58706 ] - [ 114182 ]
[ 40653 40655 ] - [ 114189 ]
[ 40658 48343 ] - [ 94451 ]
[ 40658 48343 ] - [ 99999 ]
[ 40658 48343 ] - [ 103672 ]
[ 40658 48343 ] - [ 114192 ]
[ 40666 70649 ] - [ 108908 ]
[ 40675 62332 ] - [ 110967 ]
[ 40691 40692 41191 ] - [ 114207 ]
[ 40709 64654 68951 ] - [ 114214 ]
[ 40711 48126 66024 ] - [ 114215 ]
[ 40721 45037 ] - [ 114224 ]
[ 40722 63470 78304 ] - [ 89365 ]
[ 40729 80862 ] - [ 114226 ]
[ 40732 58582 86471 ] - [ 103888 ]
[ 40732 58582 86471 ] - [ 114227 ]
[ 40749 60750 ] - [ 101985 ]
[ 40753 45816 ] - [ 114235 ]
[ 40753 45816 ] - [ 114236 ]
[ 40777 44218 ] - [ 93695 ]
[ 40777 44218 ] - [ 112652 ]
[ 40778 70686 ] - [ 112406 ]
[ 40778 70686 ] - [ 113462 ]
[ 40778 70686 ] - [ 114248 ]
[ 40788 55057 ] - [ 114252 114253 ]
[ 40794 40795 ] - [ 114256 ]
[ 40801 73287 ] - [ 104426 ]
[ 40806 42821 ] - [ 114260 ]
[ 40814 40816 40818 ] - [ 114177 ]
[ 40814 40816 40818 ] - [ 114262 ]
[ 40820 40821 ] - [ 114262 ]
[ 40829 70684 ] - [ 99340 ]
[ 40829 70684 ] - [ 99341 ]
[ 40829 70684 ] - [ 99622 ]
[ 40861 40865 40871 ] - [ 100184 ]
[ 40861 40865 40871 ] - [ 114177 ]
[ 40901 42822 ] - [ 91247 ]
[ 40901 42822 ] - [ 114292 ]
[ 40915 40918 44220 ] - [ 104174 ]
[ 40915 40918 44220 ] - [ 114296 ]
[ 40921 42273 42277 ] - [ 110317 110318 ]
[ 40921 42273 42277 ] - [ 114299 ]
[ 40930 70869 81967 ] - [ 114305 ]
[ 40930 70869 81967 ] - [ 114306 ]
[ 40937 41141 ] - [ 114100 ]
[ 40937 41141 ] - [ 114310 ]
[ 40984 50921 ] - [ 114318 ]
[ 41009 60574 ] - [ 114329 ]
[ 41011 61662 ] - [ 114330 ]
[ 41013 74881 ] - [ 100527 ]
[ 41013 74881 ] - [ 114332 ]
[ 41031 82439 ] - [ 107373 ]
[ 41035 43662 ] - [ 111352 ]
[ 41036 72013 ] - [ 114341 ]
[ 41067 44032 44108 ] - [ 110598 ]
[ 41084 47032 84877 ] - [ 100833 ]
[ 41087 62629 84545 ] - [ 107216 ]
[ 41092 73334 83410 ] - [ 114362 ]
[ 41114 63130 ] - [ 114374 ]
[ 41117 64304 75457 ] - [ 114376 ]
[ 41122 79157 ] - [ 112517 ]
[ 41143 41145 ] - [ 114393 ]
[ 41144 41146 ] - [ 114394 ]
[ 41144 41146 ] - [ 114395 ]
[ 41182 53051 ] - [ 102924 ]
[ 41185 60973 72090 ] - [ 94398 ]
[ 41187 66770 ] - [ 114093 ]
[ 41195 41468 ] - [ 104807 ]
[ 41195 41468 ] - [ 114415 ]
[ 41212 49460 ] - [ 114421 ]
[ 41232 46022 ] - [ 109957 ]
[ 41240 75370 ] - [ 114429 ]
[ 41248 46214 48135 ] - [ 113843 ]
[ 41248 46214 48135 ] - [ 113940 ]
[ 41303 43035 ] - [ 94614 ]
[ 41319 77992 ] - [ 102914 ]
[ 41319 77992 ] - [ 111997 ]
[ 41337 43138 60624 ] - [ 114465 ]
[ 41340 61828 ] - [ 114465 ]
[ 41340 61828 ] - [ 114467 ]
[ 41377 72358 ] - [ 91598 ]
[ 41400 41416 ] - [ 114225 ]
[ 41400 41416 ] - [ 114494 ]
[ 41405 41415 ] - [ 114494 ]
[ 41444 41445 ] - [ 107292 ]
[ 41451 65062 75416 ] - [ 112785 ]
[ 41470 41600 ] - [ 95286 ]
[ 41470 41600 ] - [ 96788 ]
[ 41475 57138 ] - [ 89942 ]
[ 41479 83576 ] - [ 114528 ]
[ 41483 83336 ] - [ 95676 ]
[ 41483 83336 ] - [ 109288 ]
[ 41484 ] - [ 95331 ]
[ 41484 44960 49828 ] - [ 98137 ]
[ 41484 44960 49828 ] - [ 98900 ]
[ 41484 44960 49828 ] - [ 114530 114531 114532 ]
[ 41484 44960 49828 ] - [ 114530 114531 114533 ]
[ 41484 44960 49828 ] - [ 114530 114532 114533 ]
[ 41484 44960 49828 ] - [ 114531 114532 114533 ]
[ 41485 67981 87090 ] - [ 114534 ]
[ 41487 41727 72141 ] - [ 92458 ]
[ 41487 41727 72141 ] - [ 105199 ]
[ 41492 56774 ] - [ 114539 ]
[ 41498 52187 ] - [ 114543 ]
[ 41525 41574 45264 ] - [ 114566 ]
[ 41527 43465 ] - [ 114568 ]
[ 41539 86501 ] - [ 114578 ]
[ 41550 47279 ] - [ 114581 ]
[ 41562 46759 ] - [ 114584 ]
[ 41579 62811 ] - [ 114592 ]
[ 41588 44480 84653 ] - [ 114598 ]
[ 41588 44480 84653 ] - [ 114599 ]
[ 41606 82580 84062 ] - [ 114604 ]
[ 41619 49130 ] - [ 114610 ]
[ 41622 41651 ] - [ 114613 ]
[ 41634 42879 ] - [ 114627 ]
[ 41642 41655 ] - [ 114637 ]
[ 41652 41653 ] - [ 114643 ]
[ 41668 41979 42429 ] - [ 114649 ]
[ 41694 46472 ] - [ 99787 ]
[ 41694 46472 ] - [ 101247 ]
[ 41694 46472 ] - [ 112461 ]
[ 41699 55441 ] - [ 105676 ]
[ 41704 44631 83727 ] - [ 98738 ]
[ 41715 44149 ] - [ 114664 ]
[ 41749 55384 61365 ] - [ 114675 ]
[ 41756 79557 ] - [ 114676 ]
[ 41799 41800 ] - [ 99956 ]
[ 41799 41800 ] - [ 114684 ]
[ 41804 86666 ] - [ 114687 ]
[ 41810 59735 ] - [ 114690 ]
[ 41813 56615 ] - [ 99620 ]
[ 41813 56615 ] - [ 101007 ]
[ 41813 56615 ] - [ 104390 ]
[ 41837 41838 42334 ] - [ 112403 112404 ]
[ 41848 49587 52463 ] - [ 101776 ]
[ 41848 49587 52463 ] - [ 114706 ]
[ 41914 65207 80434 ] - [ 110396 ]
[ 41923 41924 ] - [ 114734 ]
[ 41929 60751 86668 ] - [ 101370 ]
[ 41930 47206 47207 ] - [ 91939 ]
[ 41930 47206 47207 ] - [ 99570 ]
[ 41930 47206 47207 ] - [ 105700 ]
[ 41930 47206 47207 ] - [ 107963 ]
[ 41937 41976 41987 ] - [ 109001 ]
[ 41945 41946 41947 ] - [ 114745 ]
[ 41993 80505 ] - [ 97947 ]
[ 41993 80505 ] - [ 108284 ]
[ 42005 42397 ] - [ 114771 ]
[ 42006 42008 ] - [ 109519 ]
[ 42022 54832 ] - [ 114781 ]
[ 42031 49667 ] - [ 114787 ]
[ 42035 87126 ] - [ 114791 ]
[ 42046 42516 ] - [ 93465 ]
[ 42046 42516 ] - [ 95360 ]
[ 42056 59755 ] - [ 114803 ]
[ 42059 50843 54248 ] - [ 114805 ]
[ 42111 72094 ] - [ 114823 ]
[ 42113 64830 ] - [ 114824 ]
[ 42126 79824 ] - [ 114832 ]
[ 42148 61637 ] - [ 99651 ]
[ 42148 61637 ] - [ 100273 ]
[ 42149 42150 ] - [ 89915 ]
[ 42149 42150 ] - [ 110891 ]
[ 42154 42157 ] - [ 89915 ]
[ 42154 42157 ] - [ 99653 ]
[ 42154 ] - [ 104095 ]
[ 42154 42157 ] - [ 110832 ]
[ 42154 42157 ] - [ 113493 ]
[ 42184 42185 88982 ] - [ 90382 ]
[ 42204 43679 ] - [ 114866 ]
[ 42214 42215 ] - [ 90107 ]
[ 42214 42215 ] - [ 114871 ]
[ 42240 51638 55366 ] - [ 114883 ]
[ 42256 59468 ] - [ 114878 ]
[ 42257 42261 ] - [ 114889 ]
[ 42276 42385 ] - [ 114894 ]
[ 42280 44100 ] - [ 98585 ]
[ 42282 56290 85408 ] - [ 114896 ]
[ 42287 57466 ] - [ 112422 ]
[ 42287 57466 ] - [ 113026 ]
[ 42287 57466 ] - [ 114404 ]
[ 42292 83418 83419 ] - [ 109447 ]
[ 42308 42309 ] - [ 114911 ]
[ 42331 84987 ] - [ 92211 ]
[ 42344 51318 60586 ] - [ 114924 ]
[ 42346 70717 ] - [ 114926 ]
[ 42376 77094 ] - [ 114932 ]
[ 42383 63088 ] - [ 114933 ]
[ 42384 80642 86789 ] - [ 90908 ]
[ 42407 42415 ] - [ 100983 ]
[ 42424 43118 ] - [ 96391 ]
[ 42424 43118 ] - [ 114953 ]
[ 42428 49803 88261 ] - [ 93887 ]
[ 42444 52746 ] - [ 114772 ]
[ 42454 45324 48125 ] - [ 114969 ]
[ 42456 85796 ] - [ 114971 ]
[ 42457 69272 ] - [ 107887 ]
[ 42457 69272 ] - [ 114972 ]
[ 42461 81115 ] - [ 114976 114977 ]
[ 42463 45804 ] - [ 95373 ]
[ 42468 59325 ] - [ 107839 ]
[ 42470 43888 ] - [ 103475 ]
[ 42470 43888 ] - [ 108789 ]
[ 42470 43888 ] - [ 113019 ]
[ 42478 77580 ] - [ 95376 ]
[ 42481 86416 ] - [ 114983 ]
[ 42505 59277 ] - [ 96749 ]
[ 42524 56490 ] - [ 96221 ]
[ 42524 56490 ] - [ 99622 ]
[ 42524 56490 ] - [ 101007 ]
[ 42524 56490 ] - [ 104390 ]
[ 42532 78274 ] - [ 93217 ]
[ 42532 78274 ] - [ 105376 ]
[ 42533 82845 ] - [ 115006 ]
[ 42539 50668 ] - [ 115009 ]
[ 42547 43470 ] - [ 94957 ]
[ 42547 43470 ] - [ 95566 ]
[ 42562 86181 ] - [ 102075 ]
[ 42562 86181 ] - [ 106479 ]
[ 42566 78712 ] - [ 115014 ]
[ 42581 42583 ] - [ 115024 ]
[ 42581 42583 ] - [ 115025 ]
[ 42594 57983 ] - [ 115033 ]
[ 42596 49121 ] - [ 115035 ]
[ 42605 44402 48458 ] - [ 100195 ]
[ 42605 44402 48458 ] - [ 109312 109313 109314 ]
[ 42627 51748 51753 ] - [ 115055 ]
[ 42636 49605 ] - [ 115064 ]
[ 42636 49605 ] - [ 115065 ]
[ 42641 55459 ] - [ 109241 ]
[ 42641 55459 ] - [ 109654 ]
[ 42641 55459 ] - [ 115068 ]
[ 42662 43896 45782 ] - [ 96013 ]
[ 42662 43896 45782 ] - [ 115089 ]
[ 42674 62818 ] - [ 94328 ]
[ 42674 62818 ] - [ 115091 ]
[ 42679 86897 ] - [ 115095 ]
[ 42688 87624 ] - [ 111802 ]
[ 42688 87624 ] - [ 115100 ]
[ 42709 63272 ] - [ 100456 ]
[ 42730 51304 ] - [ 94579 ]
[ 42730 51304 ] - [ 115126 ]
[ 42731 54749 ] - [ 100584 ]
[ 42737 79942 81424 ] - [ 115130 ]
[ 42738 82282 ] - [ 94370 ]
[ 42738 82282 ] - [ 115131 ]
[ 42744 44418 ] - [ 104876 ]
[ 42744 44418 ] - [ 114025 ]
[ 42773 79161 ] - [ 115150 ]
[ 42778 59098 65592 ] - [ 94322 ]
[ 42800 43273 43467 ] - [ 95565 ]
[ 42800 43273 43467 ] - [ 107912 ]
[ 42806 42807 ] - [ 95565 ]
[ 42806 42807 ] - [ 106668 ]
[ 42814 61946 ] - [ 115171 ]
[ 42824 44050 77827 ] - [ 115176 ]
[ 42836 43461 43463 ] - [ 89850 ]
[ 42836 43461 43463 ] - [ 107912 ]
[ 42854 42855 ] - [ 107912 ]
[ 42854 42855 ] - [ 115186 ]
[ 42882 76625 78247 ] - [ 114118 ]
[ 42906 56681 ] - [ 115209 ]
[ 42924 43014 43187 ] - [ 95565 ]
[ 42924 43014 43187 ] - [ 115214 ]
[ 42928 58108 ] - [ 94370 ]
[ 42928 58108 ] - [ 115215 ]
[ 42943 43060 43160 ] - [ 115223 ]
[ 42943 43060 43160 ] - [ 115224 ]
[ 42946 52704 ] - [ 98762 ]
[ 42946 52704 ] - [ 105214 105215 ]
[ 42949 52937 ] - [ 115226 ]
[ 42949 52937 ] - [ 115227 ]
[ 42966 55378 ] - [ 115238 ]
[ 42987 87413 ] - [ 115242 ]
[ 42995 42998 43000 ] - [ 115244 ]
[ 43006 48041 ] - [ 96094 ]
[ 43006 48041 ] - [ 97813 ]
[ 43006 48041 ] - [ 99680 ]
[ 43021 86241 ] - [ 95676 ]
[ 43055 88282 ] - [ 89564 ]
[ 43055 88282 ] - [ 89613 ]
[ 43065 43066 ] - [ 115252 ]
[ 43082 81641 ] - [ 95676 ]
[ 43082 81641 ] - [ 114953 ]
[ 43097 52697 ] - [ 100880 ]
[ 43097 52697 ] - [ 115284 ]
[ 43099 51287 ] - [ 115285 ]
[ 43100 46495 ] - [ 94199 ]
[ 43101 43102 ] - [ 115214 ]
[ 43128 43133 71231 ] - [ 115297 ]
[ 43134 80888 ] - [ 115300 ]
[ 43161 43162 43164 ] - [ 115310 ]
[ 43169 43207 ] - [ 89884 ]
[ 43169 43207 ] - [ 115297 ]
[ 43177 73904 76558 ] - [ 115317 ]
[ 43178 60663 ] - [ 115318 ]
[ 43183 54687 ] - [ 103659 ]
[ 43188 43189 ] - [ 95257 95588 ]
[ 43188 43189 ] - [ 95588 95589 ]
[ 43188 43189 ] - [ 99779 ]
[ 43192 56087 56402 ] - [ 115324 ]
[ 43194 57360 ] - [ 115325 ]
[ 43195 84176 ] - [ 97490 97491 ]
[ 43195 ] - [ 97492 ]
[ 43195 84176 ] - [ 99859 ]
[ 43195 84176 ] - [ 99860 ]
[ 43223 45320 ] - [ 89979 ]
[ 43235 64155 64218 ] - [ 115340 ]
[ 43238 80782 ] - [ 111538 ]
[ 43238 80782 ] - [ 115341 ]
[ 43268 85030 ] - [ 100005 ]
[ 43268 85030 ] - [ 102122 ]
[ 43268 85030 ] - [ 113319 ]
[ 43287 43289 ] - [ 115355 ]
[ 43295 43296 ] - [ 104564 ]
[ 43295 43296 ] - [ 104565 ]
[ 43295 43296 ] - [ 113276 ]
[ 43318 73994 ] - [ 114301 ]
[ 43318 73994 ] - [ 115366 ]
[ 43336 80228 ] - [ 107234 ]
[ 43351 71377 ] - [ 104263 ]
[ 43351 71377 ] - [ 115348 ]
[ 43377 60305 ] - [ 95555 ]
[ 43377 60305 ] - [ 97590 ]
[ 43452 47975 ] - [ 91313 ]
[ 43452 47975 ] - [ 94892 ]
[ 43452 47975 ] - [ 95331 ]
[ 43452 47975 ] - [ 97219 ]
[ 43473 74818 ] - [ 113888 ]
[ 43495 44576 ] - [ 115414 ]
[ 43502 43535 ] - [ 115418 ]
[ 43523 45815 ] - [ 94023 ]
[ 43523 45815 ] - [ 96013 ]
[ 43565 51156 ] - [ 109699 ]
[ 43565 51156 ] - [ 115450 ]
[ 43582 49131 ] - [ 100005 ]
[ 43582 49131 ] - [ 100006 ]
[ 43613 44663 ] - [ 115462 ]
[ 43626 43627 ] - [ 113635 ]
[ 43626 43627 ] - [ 115469 115470 ]
[ 43626 43627 ] - [ 115471 ]
[ 43646 81345 ] - [ 89372 ]
[ 43646 81345 ] - [ 97577 ]
[ 43698 82101 87174 ] - [ 115502 ]
[ 43703 67281 ] - [ 115504 ]
[ 43725 87150 ] - [ 115514 ]
[ 43737 47849 ] - [ 115523 ]
[ 43740 44658 ] - [ 115524 ]
[ 43755 52835 55944 ] - [ 115526 ]
[ 43757 65477 ] - [ 115527 115528 ]
[ 43762 69591 ] - [ 115529 ]
[ 43771 44552 79740 ] - [ 115025 ]
[ 43773 43774 ] - [ 115534 ]
[ 43789 59776 ] - [ 115538 ]
[ 43792 46902 ] - [ 115539 ]
[ 43815 47301 ] - [ 115551 ]
[ 43823 43828 ] - [ 115554 ]
[ 43825 45438 ] - [ 90140 ]
[ 43825 45438 ] - [ 95521 ]
[ 43826 44214 ] - [ 115555 ]
[ 43842 70331 ] - [ 95252 ]
[ 43850 43851 ] - [ 115562 ]
[ 43854 56548 73177 ] - [ 112387 ]
[ 43861 63566 ] - [ 115564 ]
[ 43873 50842 ] - [ 115569 ]
[ 43874 53170 ] - [ 113807 ]
[ 43877 80663 80664 ] - [ 99583 ]
[ 43877 80663 80664 ] - [ 108426 ]
[ 43881 43883 59906 ] - [ 115572 ]
[ 43900 54993 60547 ] - [ 89776 ]
[ 43900 54993 60547 ] - [ 111064 ]
[ 43928 58446 84058 ] - [ 115593 ]
[ 43947 43975 ] - [ 93968 ]
[ 43950 51605 ] - [ 115601 ]
[ 43952 52961 53246 ] - [ 100607 ]
[ 43955 43957 ] - [ 97908 ]
[ 43955 43957 ] - [ 97909 ]
[ 43955 43957 ] - [ 97912 ]
[ 43955 43957 ] - [ 115602 ]
[ 43962 55087 ] - [ 115604 ]
[ 43980 58544 ] - [ 96118 ]
[ 43980 58544 ] - [ 115607 ]
[ 43980 58544 ] - [ 115608 ]
[ 43992 ] - [ 115611 ]
[ 44003 79197 ] - [ 115616 ]
[ 44025 62754 ] - [ 115623 ]
[ 44044 56849 ] - [ 99892 ]
[ 44044 56849 ] - [ 115634 ]
[ 44103 71515 ] - [ 115677 ]
[ 44110 44138 ] - [ 105897 ]
[ 44110 44138 ] - [ 110141 ]
[ 44118 59423 ] - [ 115683 ]
[ 44128 48301 ] - [ 115686 ]
[ 44132 48979 ] - [ 115688 ]
[ 44136 59994 ] - [ 91657 ]
[ 44136 59994 ] - [ 96078 ]
[ 44139 45052 ] - [ 105897 ]
[ 44139 45052 ] - [ 107468 ]
[ 44148 59211 ] - [ 92187 ]
[ 44148 59211 ] - [ 105163 ]
[ 44148 59211 ] - [ 115697 ]
[ 44162 51449 ] - [ 89879 ]
[ 44160 44594 44597 ] - [ 89984 ]
[ 44162 51449 ] - [ 89984 ]
[ 44160 44594 44597 ] - [ 90019 ]
[ 44160 44594 44597 ] - [ 115703 ]
[ 44162 51449 ] - [ 90019 ]
[ 44188 67004 ] - [ 98952 ]
[ 44188 67004 ] - [ 102999 ]
[ 44188 67004 ] - [ 105922 ]
[ 44188 67004 ] - [ 107757 ]
[ 44188 67004 ] - [ 115719 ]
[ 44219 83633 ] - [ 91616 ]
[ 44219 83633 ] - [ 96982 ]
[ 44230 88501 ] - [ 90854 ]
[ 44238 63510 86203 ] - [ 98467 ]
[ 44264 54034 ] - [ 102079 102080 ]
[ 44264 54034 ] - [ 115751 ]
[ 44308 80303 82401 ] - [ 95199 ]
[ 44313 44405 ] - [ 89706 ]
[ 44313 44405 ] - [ 91234 ]
[ 44313 44405 ] - [ 115690 ]
[ 44319 52264 ] - [ 99425 ]
[ 44337 86463 ] - [ 115781 ]
[ 44337 86463 ] - [ 115782 ]
[ 44354 44380 ] - [ 115797 ]
[ 44368 74236 ] - [ 93630 ]
[ 44368 74236 ] - [ 96130 ]
[ 44376 50637 61840 ] - [ 110062 ]
[ 44409 63808 ] - [ 100298 ]
[ 44409 63808 ] - [ 115836 ]
[ 44413 72027 76753 ] - [ 115838 ]
[ 44414 65326 70484 ] - [ 101013 ]
[ 44416 74743 76512 ] - [ 115840 ]
[ 44422 59562 62006 ] - [ 114363 ]
[ 44433 69546 ] - [ 115846 ]
[ 44455 47473 ] - [ 100445 ]
[ 44455 47473 ] - [ 115859 ]
[ 44457 60284 ] - [ 115860 ]
[ 44467 44468 ] - [ 106430 ]
[ 44488 87541 ] - [ 115870 ]
[ 44503 44504 44506 ] - [ 115884 ]
[ 44564 61713 ] - [ 115913 ]
[ 44567 57296 74879 ] - [ 104493 ]
[ 44575 44820 ] - [ 115916 ]
[ 44589 59985 86310 ] - [ 90855 ]
[ 44589 59985 86310 ] - [ 90856 ]
[ 44598 88435 ] - [ 107044 ]
[ 44598 88435 ] - [ 115927 ]
[ 44608 79043 ] - [ 115933 ]
[ 44608 79043 ] - [ 115934 115935 ]
[ 44609 46362 54823 ] - [ 115936 ]
[ 44635 44655 44656 ] - [ 100146 ]
[ 44635 44655 44656 ] - [ 115943 ]
[ 44668 57619 ] - [ 115873 ]
[ 44668 57619 ] - [ 115954 ]
[ 44678 59220 ] - [ 100731 ]
[ 44687 68889 ] - [ 113409 ]
[ 44695 76695 ] - [ 114237 ]
[ 44709 61182 ] - [ 91235 ]
[ 44709 61182 ] - [ 95532 ]
[ 44709 61182 ] - [ 103684 ]
[ 44709 61182 ] - [ 115961 ]
[ 44741 56983 68325 ] - [ 115981 ]
[ 44744 46297 ] - [ 115982 ]
[ 44788 48996 ] - [ 104657 ]
[ 44809 45022 ] - [ 116008 116009 ]
[ 44811 61062 ] - [ 115606 ]
[ 44818 67804 ] - [ 116014 ]
[ 44825 44833 ] - [ 93959 ]
[ 44825 44833 ] - [ 114057 ]
[ 44826 75034 ] - [ 93322 ]
[ 44845 46849 ] - [ 95667 ]
[ 44845 46849 ] - [ 101077 ]
[ 44847 44864 ] - [ 103541 ]
[ 44847 44864 ] - [ 116025 ]
[ 44856 85577 ] - [ 114236 ]
[ 44871 45049 ] - [ 116042 ]
[ 44880 73728 ] - [ 116046 ]
[ 44890 74986 76799 ] - [ 116050 ]
[ 44893 50746 ] - [ 111555 ]
[ 44893 50746 ] - [ 111977 ]
[ 44896 67952 ] - [ 109027 ]
[ 44899 59226 ] - [ 116051 ]
[ 44939 56798 75616 ] - [ 116067 ]
[ 44944 44945 ] - [ 107468 ]
[ 44944 44945 ] - [ 114175 ]
[ 44960 49828 76198 ] - [ 98900 ]
[ 44960 49828 76198 ] - [ 114530 114531 114532 ]
[ 44960 49828 76198 ] - [ 114530 114531 114533 ]
[ 44960 49828 76198 ] - [ 114530 114532 114533 ]
[ 44960 49828 76198 ] - [ 114531 114532 114533 ]
[ 44965 84391 ] - [ 116082 ]
[ 45002 45456 45458 ] - [ 116105 ]
[ 45041 85853 ] - [ 111131 ]
[ 45065 56907 ] - [ 116130 ]
[ 45077 45089 ] - [ 110471 ]
[ 45094 45095 45096 ] - [ 106352 ]
[ 45094 45095 45096 ] - [ 116148 ]
[ 45105 45138 ] - [ 94597 ]
[ 45105 45138 ] - [ 95338 ]
[ 45117 45118 ] - [ 116152 ]
[ 45124 55423 86957 ] - [ 116160 ]
[ 45126 47723 66575 ] - [ 115791 ]
[ 45146 78215 ] - [ 116166 ]
[ 45146 78215 ] - [ 116167 ]
[ 45149 60181 ] - [ 116169 ]
[ 45166 70849 ] - [ 103761 ]
[ 45166 70849 ] - [ 105493 ]
[ 45168 73709 ] - [ 116178 ]
[ 45175 51179 59602 ] - [ 115450 ]
[ 45196 47120 ] - [ 116196 ]
[ 45202 79194 ] - [ 115984 ]
[ 45216 46959 ] - [ 116207 ]
[ 45216 46959 ] - [ 116208 ]
[ 45218 88974 ] - [ 116210 ]
[ 45228 60498 ] - [ 116220 116221 ]
[ 45230 52511 ] - [ 95815 ]
[ 45230 52511 ] - [ 116200 ]
[ 45248 74161 ] - [ 116237 ]
[ 45267 66819 ] - [ 116250 ]
[ 45294 56592 ] - [ 93039 ]
[ 45294 56592 ] - [ 101976 ]
[ 45329 75369 ] - [ 90965 ]
[ 45329 75369 ] - [ 116273 ]
[ 45332 83525 ] - [ 116276 ]
[ 45333 67365 72813 ] - [ 111917 ]
[ 45356 56354 ] - [ 96763 ]
[ 45356 56354 ] - [ 98625 ]
[ 45358 45359 ] - [ 116285 ]
[ 45361 83907 ] - [ 101565 ]
[ 45361 83907 ] - [ 101566 ]
[ 45361 83907 ] - [ 115226 ]
[ 45381 57159 58870 ] - [ 94597 ]
[ 45381 57159 58870 ] - [ 98139 ]
[ 45385 65723 ] - [ 116298 ]
[ 45388 ] - [ 116300 ]
[ 45395 63004 85125 ] - [ 105141 ]
[ 45404 52777 ] - [ 116306 ]
[ 45417 59912 59914 ] - [ 116314 ]
[ 45422 86664 ] - [ 105393 ]
[ 45422 86664 ] - [ 116315 ]
[ 45445 45474 ] - [ 96991 ]
[ 45454 68381 ] - [ 102961 ]
[ 45454 68381 ] - [ 116332 ]
[ 45485 71405 ] - [ 116350 ]
[ 45486 84998 ] - [ 116351 ]
[ 45496 60674 ] - [ 93311 ]
[ 45499 58633 ] - [ 96601 ]
[ 45539 49283 67772 ] - [ 116371 ]
[ 45551 53704 ] - [ 116381 ]
[ 45557 45558 76022 ] - [ 112313 ]
[ 45559 86937 ] - [ 112662 ]
[ 45577 59794 71543 ] - [ 101810 ]
[ 45588 45589 ] - [ 116397 ]
[ 45595 49593 ] - [ 114100 ]
[ 45595 49593 ] - [ 116402 ]
[ 45603 63061 76474 ] - [ 116407 ]
[ 45603 63061 76474 ] - [ 116408 ]
[ 45637 45756 49512 ] - [ 102742 ]
[ 45637 45756 49512 ] - [ 116418 ]
[ 45646 77887 ] - [ 97049 ]
[ 45707 78708 78832 ] - [ 106077 ]
[ 45707 78708 78832 ] - [ 106081 ]
[ 45738 55934 ] - [ 106172 ]
[ 45738 55934 ] - [ 107585 ]
[ 45746 49649 ] - [ 102055 ]
[ 45754 65222 ] - [ 94167 ]
[ 45755 45785 64342 ] - [ 96013 ]
[ 45755 45785 64342 ] - [ 101769 ]
[ 45758 85475 ] - [ 99659 ]
[ 45762 56139 ] - [ 89725 ]
[ 45762 56139 ] - [ 94273 ]
[ 45770 62090 ] - [ 116464 ]
[ 45781 56642 56643 ] - [ 116475 ]
[ 45790 75656 ] - [ 116479 ]
[ 45803 45828 46448 ] - [ 113155 ]
[ 45824 84912 ] - [ 116493 ]
[ 45836 48343 ] - [ 94451 ]
[ 45836 48343 ] - [ 99999 ]
[ 45836 48343 ] - [ 103672 ]
[ 45836 48343 ] - [ 110759 ]
[ 45836 48343 ] - [ 114192 ]
[ 45836 ] - [ 116502 ]
[ 45837 49552 ] - [ 116503 116504 ]
[ 45842 45843 ] - [ 114089 ]
[ 45877 53053 ] - [ 98625 ]
[ 45887 47567 ] - [ 116522 ]
[ 45891 84428 87521 ] - [ 116523 ]
[ 45892 75267 87520 ] - [ 116524 ]
[ 45894 79109 ] - [ 116525 ]
[ 45912 48816 ] - [ 91865 ]
[ 45912 48816 ] - [ 116540 ]
[ 45919 70591 ] - [ 116547 ]
[ 45923 81800 ] - [ 116551 ]
[ 45929 62774 78957 ] - [ 116552 ]
[ 45955 45959 ] - [ 99644 ]
[ 45955 45959 ] - [ 100779 ]
[ 45958 75095 ] - [ 105079 ]
[ 45958 75095 ] - [ 116568 ]
[ 45965 70184 ] - [ 100986 ]
[ 45965 70184 ] - [ 100987 ]
[ 45965 70184 ] - [ 116576 ]
[ 45982 87749 ] - [ 106728 ]
[ 45998 66901 ] - [ 116593 ]
[ 46020 62856 85628 ] - [ 116607 ]
[ 46029 60102 ] - [ 90221 ]
[ 46029 60102 ] - [ 100967 ]
[ 46034 81998 ] - [ 95161 ]
[ 46056 49016 ] - [ 116627 ]
[ 46066 46068 ] - [ 107255 ]
[ 46070 ] - [ 116628 ]
[ 46083 84452 ] - [ 116633 ]
[ 46094 50566 ] - [ 113231 ]
[ 46098 89263 ] - [ 92832 ]
[ 46098 89263 ] - [ 94293 ]
[ 46103 52491 54905 ] - [ 116642 ]
[ 46107 60343 ] - [ 98664 98665 98666 ]
[ 46107 60343 ] - [ 116644 ]
[ 46125 59087 ] - [ 113039 ]
[ 46142 58234 60723 ] - [ 116651 ]
[ 46151 68488 ] - [ 116657 ]
[ 46157 76562 81944 ] - [ 94842 ]
[ 46168 72306 ] - [ 102549 ]
[ 46196 61210 ] - [ 116677 ]
[ 46196 61210 ] - [ 116678 ]
[ 46198 49851 49927 ] - [ 108605 ]
[ 46198 49851 49927 ] - [ 116679 ]
[ 46212 78339 ] - [ 116684 ]
[ 46236 86647 87897 ] - [ 116694 ]
[ 46238 76346 ] - [ 116696 ]
[ 46240 46258 ] - [ 116697 ]
[ 46251 56591 ] - [ 116706 ]
[ 46252 65859 ] - [ 116707 ]
[ 46257 72608 ] - [ 116710 ]
[ 46261 56065 ] - [ 97710 ]
[ 46261 56065 ] - [ 109625 ]
[ 46269 46281 ] - [ 116713 ]
[ 46305 46308 54740 ] - [ 97674 ]
[ 46312 50250 ] - [ 116731 ]
[ 46312 50250 ] - [ 116732 ]
[ 46320 72440 ] - [ 116737 ]
[ 46327 48109 ] - [ 116743 ]
[ 46330 66100 ] - [ 116745 ]
[ 46333 84161 ] - [ 116746 ]
[ 46353 46414 ] - [ 116731 ]
[ 46357 77566 ] - [ 97447 ]
[ 46364 79614 ] - [ 116756 ]
[ 46366 49275 ] - [ 92454 ]
[ 46369 64231 68588 ] - [ 114312 ]
[ 46370 78434 ] - [ 96000 ]
[ 46375 48821 ] - [ 97490 97491 ]
[ 46375 48821 ] - [ 101541 ]
[ 46375 48821 ] - [ 116761 ]
[ 46391 46393 ] - [ 89689 ]
[ 46391 46393 ] - [ 91548 ]
[ 46397 87921 ] - [ 100219 ]
[ 46404 64285 73930 ] - [ 116522 ]
[ 46404 64285 73930 ] - [ 116770 ]
[ 46433 62703 ] - [ 110875 ]
[ 46436 46437 ] - [ 116784 116785 ]
[ 46438 69478 ] - [ 116786 ]
[ 46443 70237 ] - [ 116789 ]
[ 46446 59072 69279 ] - [ 116791 ]
[ 46459 56177 ] - [ 116799 ]
[ 46474 71042 ] - [ 116804 ]
[ 46474 71042 ] - [ 116805 ]
[ 46487 47812 ] - [ 116776 ]
[ 46487 47812 ] - [ 116814 ]
[ 46487 47812 ] - [ 116815 ]
[ 46498 69247 ] - [ 93244 ]
[ 46498 69247 ] - [ 94774 ]
[ 46498 69247 ] - [ 106627 ]
[ 46520 73710 ] - [ 116829 ]
[ 46534 76172 87295 ] - [ 116842 ]
[ 46547 48902 ] - [ 116849 ]
[ 46549 50076 ] - [ 94508 ]
[ 46549 50076 ] - [ 95274 ]
[ 46563 81221 ] - [ 102954 ]
[ 46579 47159 ] - [ 110969 ]
[ 46581 85988 87872 ] - [ 116873 ]
[ 46587 46588 47005 ] - [ 116877 116878 ]
[ 46590 83787 ] - [ 102106 ]
[ 46590 83787 ] - [ 104600 ]
[ 46590 83787 ] - [ 104728 ]
[ 46598 49907 50972 ] - [ 96334 ]
[ 46598 49907 50972 ] - [ 105821 ]
[ 46611 85346 ] - [ 104944 ]
[ 46628 67770 ] - [ 116893 ]
[ 46630 61201 82415 ] - [ 116894 ]
[ 46660 86981 ] - [ 116904 ]
[ 46661 47518 47519 ] - [ 116815 ]
[ 46685 67159 67160 ] - [ 116920 ]
[ 46689 56102 ] - [ 116884 ]
[ 46689 56102 ] - [ 116921 ]
[ 46706 79056 ] - [ 94813 ]
[ 46706 79056 ] - [ 112314 ]
[ 46724 75607 ] - [ 116940 ]
[ 46773 46774 46777 ] - [ 116956 ]
[ 46773 46774 46777 ] - [ 116957 ]
[ 46792 69256 74153 ] - [ 106285 ]
[ 46798 46865 ] - [ 115954 ]
[ 46805 48080 ] - [ 116976 ]
[ 46815 71085 ] - [ 116980 ]
[ 46831 69407 ] - [ 116985 ]
[ 46843 50137 ] - [ 95149 ]
[ 46843 50137 ] - [ 102339 ]
[ 46844 58413 ] - [ 116994 ]
[ 46859 56355 ] - [ 117002 ]
[ 46862 55472 ] - [ 101976 ]
[ 46862 55472 ] - [ 117003 ]
[ 46869 58121 70758 ] - [ 113941 ]
[ 46869 58121 70758 ] - [ 117006 ]
[ 46875 76460 ] - [ 117011 ]
[ 46893 88028 ] - [ 94065 ]
[ 46893 88028 ] - [ 95066 ]
[ 46952 59050 ] - [ 117044 ]
[ 46964 55680 ] - [ 96349 ]
[ 46964 55680 ] - [ 97747 ]
[ 46972 51457 ] - [ 117055 ]
[ 46983 57139 ] - [ 92999 ]
[ 47013 52847 ] - [ 117074 ]
[ 47017 47018 ] - [ 91492 ]
[ 47017 47018 ] - [ 91493 ]
[ 47017 47018 ] - [ 102692 ]
[ 47017 47018 ] - [ 117076 ]
[ 47024 54536 54537 ] - [ 99864 ]
[ 47031 47095 47097 ] - [ 117086 ]
[ 47054 48101 ] - [ 117101 ]
[ 47093 47171 ] - [ 101322 ]
[ 47099 66205 ] - [ 117117 ]
[ 47107 47108 51528 ] - [ 93887 ]
[ 47107 47108 51528 ] - [ 117119 ]
[ 47118 59627 ] - [ 117122 ]
[ 47127 80864 83970 ] - [ 97968 ]
[ 47131 63334 63335 ] - [ 117127 ]
[ 47134 47136 ] - [ 117129 ]
[ 47191 73960 ] - [ 114736 ]
[ 47200 50219 80931 ] - [ 98999 ]
[ 47202 49145 ] - [ 104971 ]
[ 47202 49145 ] - [ 104972 ]
[ 47214 72982 ] - [ 117169 ]
[ 47224 71305 ] - [ 89758 ]
[ 47224 71305 ] - [ 89772 ]
[ 47237 47238 ] - [ 117180 ]
[ 47241 48639 ] - [ 117181 ]
[ 47262 68400 ] - [ 117195 ]
[ 47263 68906 ] - [ 105634 ]
[ 47272 57357 ] - [ 101402 ]
[ 47272 57357 ] - [ 101422 ]
[ 47277 53241 ] - [ 117201 ]
[ 47280 50365 77522 ] - [ 117202 ]
[ 47283 76895 83366 ] - [ 117204 ]
[ 47291 47502 ] - [ 90753 ]
[ 47291 47502 ] - [ 117206 ]
[ 47320 47500 83717 ] - [ 93224 ]
[ 47325 47334 ] - [ 117221 ]
[ 47331 60645 ] - [ 117222 ]
[ 47362 55208 ] - [ 95409 ]
[ 47374 64635 ] - [ 117243 ]
[ 47377 58150 73498 ] - [ 114804 ]
[ 47391 47394 ] - [ 111008 ]
[ 47391 47394 ] - [ 117247 ]
[ 47399 48377 86788 ] - [ 102670 ]
[ 47401 65034 77545 ] - [ 108910 ]
[ 47406 82941 ] - [ 117249 ]
[ 47426 64175 ] - [ 96111 ]
[ 47427 47428 ] - [ 93464 ]
[ 47427 47428 ] - [ 95814 ]
[ 47434 84015 ] - [ 97747 ]
[ 47434 84015 ] - [ 104358 ]
[ 47440 63464 ] - [ 117266 ]
[ 47457 50413 ] - [ 117272 ]
[ 47458 47603 ] - [ 117273 ]
[ 47461 47488 ] - [ 117275 ]
[ 47475 65600 ] - [ 107379 ]
[ 47475 65600 ] - [ 113277 ]
[ 47479 66073 ] - [ 100728 ]
[ 47491 74156 ] - [ 117288 ]
[ 47527 47564 80755 ] - [ 90767 ]
[ 47544 48462 50041 ] - [ 117310 ]
[ 47577 60297 ] - [ 117318 ]
[ 47580 58111 ] - [ 109718 ]
[ 47580 58111 ] - [ 113019 ]
[ 47588 58744 ] - [ 113148 ]
[ 47636 81124 ] - [ 113277 ]
[ 47636 81124 ] - [ 117335 ]
[ 47642 74721 79474 ] - [ 117341 ]
[ 47646 86102 ] - [ 117343 117344 ]
[ 47652 76466 85654 ] - [ 117345 ]
[ 47675 48268 ] - [ 117333 ]
[ 47692 62096 ] - [ 117359 ]
[ 47714 69587 80605 ] - [ 92406 ]
[ 47714 69587 80605 ] - [ 117367 ]
[ 47725 75645 ] - [ 94711 ]
[ 47727 54972 ] - [ 117372 ]
[ 47761 71366 ] - [ 93073 ]
[ 47761 71366 ] - [ 107157 ]
[ 47774 48214 ] - [ 117390 ]
[ 47799 64693 ] - [ 117403 ]
[ 47804 77437 ] - [ 113832 ]
[ 47804 77437 ] - [ 114745 ]
[ 47815 61980 83480 ] - [ 117405 ]
[ 47823 47826 47828 ] - [ 117407 ]
[ 47875 62151 ] - [ 117426 ]
[ 47880 47925 61584 ] - [ 117428 ]
[ 47882 47971 ] - [ 97595 ]
[ 47882 47971 ] - [ 103250 ]
[ 47919 47920 74040 ] - [ 117447 ]
[ 47923 84892 ] - [ 117449 ]
[ 47926 47932 ] - [ 117451 ]
[ 47927 73112 ] - [ 89742 ]
[ 47933 55114 55385 ] - [ 117456 ]
[ 47956 57665 ] - [ 89975 ]
[ 47959 48021 ] - [ 93398 ]
[ 47988 71702 ] - [ 93344 ]
[ 47988 71702 ] - [ 117480 ]
[ 48007 49723 56714 ] - [ 117483 ]
[ 48026 48028 66313 ] - [ 117499 ]
[ 48031 61100 ] - [ 117504 ]
[ 48084 57656 58789 ] - [ 117529 ]
[ 48085 51492 ] - [ 117393 ]
[ 48085 51492 ] - [ 117530 ]
[ 48113 69528 ] - [ 117549 ]
[ 48134 89019 ] - [ 115270 ]
[ 48158 48177 51636 ] - [ 117578 ]
[ 48160 53605 ] - [ 117579 ]
[ 48169 60335 ] - [ 117582 ]
[ 48171 60216 ] - [ 109085 ]
[ 48179 48180 ] - [ 117587 ]
[ 48190 55042 ] - [ 117593 117594 ]
[ 48193 78659 ] - [ 95462 ]
[ 48193 78659 ] - [ 100240 ]
[ 48212 53346 53742 ] - [ 117610 ]
[ 48217 48226 ] - [ 117608 ]
[ 48217 48226 ] - [ 117615 ]
[ 48218 70628 ] - [ 117616 ]
[ 48224 48225 ] - [ 117620 ]
[ 48240 49893 ] - [ 116679 ]
[ 48243 84980 ] - [ 117632 ]
[ 48252 48254 ] - [ 89378 ]
[ 48252 48254 ] - [ 112500 ]
[ 48309 75676 ] - [ 117662 ]
[ 48333 48336 ] - [ 114077 ]
[ 48347 61542 64930 ] - [ 103551 103553 ]
[ 48347 61542 64930 ] - [ 103552 ]
[ 48347 61542 64930 ] - [ 117677 ]
[ 48351 48353 ] - [ 107086 107087 ]
[ 48355 48356 ] - [ 90418 ]
[ 48355 48356 ] - [ 96668 ]
[ 48364 81387 88573 ] - [ 117688 ]
[ 48396 87323 ] - [ 117710 ]
[ 48408 68249 ] - [ 102799 ]
[ 48421 48424 53337 ] - [ 117714 ]
[ 48427 77497 ] - [ 117721 ]
[ 48459 73794 ] - [ 104016 ]
[ 48459 73794 ] - [ 117731 ]
[ 48491 52563 ] - [ 89621 ]
[ 48503 79119 ] - [ 90062 ]
[ 48505 48515 ] - [ 89760 ]
[ 48505 48515 ] - [ 93887 ]
[ 48511 84660 ] - [ 117747 ]
[ 48513 51527 ] - [ 117748 ]
[ 48534 48537 ] - [ 111235 ]
[ 48534 48537 ] - [ 117756 ]
[ 48542 57105 ] - [ 117759 ]
[ 48544 56472 80519 ] - [ 95781 ]
[ 48544 56472 80519 ] - [ 117760 ]
[ 48549 81695 84249 ] - [ 98923 ]
[ 48549 81695 84249 ] - [ 100449 ]
[ 48549 81695 84249 ] - [ 117765 117766 ]
[ 48585 81785 ] - [ 117785 ]
[ 48615 56997 69277 ] - [ 92186 ]
[ 48615 56997 69277 ] - [ 109101 ]
[ 48629 64549 83609 ] - [ 117816 ]
[ 48637 65290 ] - [ 95689 ]
[ 48647 83785 ] - [ 117828 ]
[ 48653 48656 48658 ] - [ 117838 ]
[ 48697 72196 ] - [ 117853 ]
[ 48740 71592 ] - [ 117860 ]
[ 48740 71592 ] - [ 117861 ]
[ 48739 50949 ] - [ 111209 ]
[ 48746 53150 ] - [ 117863 ]
[ 48774 56385 ] - [ 117876 ]
[ 48779 54869 ] - [ 117880 ]
[ 48781 55786 ] - [ 117881 ]
[ 48791 48919 48946 ] - [ 113698 ]
[ 48823 48824 48913 ] - [ 117895 ]
[ 48829 80706 ] - [ 96797 ]
[ 48829 80706 ] - [ 117898 ]
[ 48833 52507 52508 ] - [ 115541 ]
[ 48833 52507 52508 ] - [ 116200 ]
[ 48863 71671 ] - [ 117917 ]
[ 48870 50704 ] - [ 117924 ]
[ 48875 59530 ] - [ 115850 ]
[ 48875 59530 ] - [ 117929 ]
[ 48901 66850 ] - [ 117935 ]
[ 48916 61726 ] - [ 96249 ]
[ 48920 48922 48924 ] - [ 89711 ]
[ 48920 48922 48924 ] - [ 117878 ]
[ 48921 48957 ] - [ 117944 ]
[ 48930 86680 ] - [ 117946 ]
[ 48973 48974 ] - [ 113635 ]
[ 48973 48974 ] - [ 115469 115470 ]
[ 48973 48974 ] - [ 117955 ]
[ 48975 83474 ] - [ 117956 ]
[ 48984 50350 ] - [ 109733 ]
[ 48985 54767 60947 ] - [ 106141 ]
[ 49011 49968 ] - [ 117970 ]
[ 49036 67786 ] - [ 89977 ]
[ 49040 71615 ] - [ 117979 ]
[ 49135 54512 ] - [ 118019 ]
[ 49138 57095 ] - [ 106123 ]
[ 49138 57095 ] - [ 112598 ]
[ 49139 81546 87009 ] - [ 118020 ]
[ 49152 49155 ] - [ 104167 ]
[ 49156 86347 ] - [ 118027 ]
[ 49160 82534 87700 ] - [ 118029 ]
[ 49161 83910 ] - [ 118030 ]
[ 49163 62103 ] - [ 118031 ]
[ 49180 52408 ] - [ 96254 ]
[ 49180 52408 ] - [ 105775 ]
[ 49202 71948 ] - [ 118055 ]
[ 49208 85391 ] - [ 118058 ]
[ 49222 59294 77922 ] - [ 118066 ]
[ 49233 73429 80472 ] - [ 118070 ]
[ 49282 49457 ] - [ 118087 ]
[ 49304 49305 ] - [ 91270 ]
[ 49304 49305 ] - [ 118098 ]
[ 49306 57271 ] - [ 90323 ]
[ 49314 54016 58042 ] - [ 92223 ]
[ 49332 49340 49381 ] - [ 118117 ]
[ 49335 78019 ] - [ 118118 ]
[ 49356 54916 ] - [ 118131 ]
[ 49358 70569 ] - [ 118133 ]
[ 49361 52541 ] - [ 101109 ]
[ 49376 57688 ] - [ 118137 ]
[ 49405 49406 ] - [ 91067 91069 91070 ]
[ 49405 49406 ] - [ 91381 ]
[ 49407 60446 77515 ] - [ 118145 ]
[ 49411 49493 ] - [ 118148 ]
[ 49421 56165 57432 ] - [ 109101 ]
[ 49444 49567 ] - [ 92277 ]
[ 49444 49567 ] - [ 97980 ]
[ 49471 49973 ] - [ 118173 118174 ]
[ 49474 69423 ] - [ 113754 ]
[ 49476 63955 ] - [ 118176 ]
[ 49479 63866 ] - [ 94065 ]
[ 49479 63866 ] - [ 102342 ]
[ 49492 82094 ] - [ 113275 ]
[ 49492 82094 ] - [ 118187 ]
[ 49503 56717 ] - [ 118193 ]
[ 49520 51019 57430 ] - [ 92185 ]
[ 49520 51019 57430 ] - [ 105729 ]
[ 49520 51019 57430 ] - [ 106826 ]
[ 49528 75420 ] - [ 118199 ]
[ 49531 54225 ] - [ 98472 ]
[ 49531 54225 ] - [ 117388 ]
[ 49531 54225 ] - [ 117389 ]
[ 49546 81370 ] - [ 95112 ]
[ 49550 75230 ] - [ 93577 ]
[ 49550 75230 ] - [ 96827 ]
[ 49562 86929 ] - [ 118210 ]
[ 49610 67895 ] - [ 97521 ]
[ 49610 67895 ] - [ 111938 ]
[ 49631 89136 ] - [ 118237 ]
[ 49633 58829 ] - [ 118238 ]
[ 49669 85768 ] - [ 118254 ]
[ 49676 56740 70914 ] - [ 118261 ]
[ 49680 62654 ] - [ 118264 ]
[ 49702 70654 ] - [ 118278 ]
[ 49703 58089 82551 ] - [ 118279 ]
[ 49704 72468 73648 ] - [ 118280 ]
[ 49760 83607 ] - [ 118302 ]
[ 49770 78327 ] - [ 118303 ]
[ 49781 53738 70646 ] - [ 102102 ]
[ 49794 87320 ] - [ 118320 ]
[ 49799 87293 ] - [ 95358 ]
[ 49802 58510 ] - [ 118324 ]
[ 49806 61121 ] - [ 118326 ]
[ 49824 56648 65282 ] - [ 118334 ]
[ 49859 49894 ] - [ 116679 ]
[ 49859 49894 ] - [ 118350 ]
[ 49880 88697 ] - [ 95900 ]
[ 49880 88697 ] - [ 118362 ]
[ 49886 84276 ] - [ 118366 ]
[ 49915 85268 ] - [ 118383 ]
[ 49916 80078 ] - [ 99455 ]
[ 49921 71766 ] - [ 118385 ]
[ 49926 57168 ] - [ 118387 ]
[ 49938 56583 ] - [ 113276 ]
[ 49938 56583 ] - [ 115873 ]
[ 49940 73402 ] - [ 103516 ]
[ 49959 59135 ] - [ 118406 ]
[ 49960 83005 ] - [ 103125 103126 103127 ]
[ 49960 83005 ] - [ 118407 ]
[ 49966 54580 56836 ] - [ 118410 ]
[ 49972 86692 ] - [ 118413 ]
[ 49991 56211 ] - [ 94093 ]
[ 49991 56211 ] - [ 117945 ]
[ 50004 ] - [ 118425 ]
[ 50013 50015 ] - [ 90535 ]
[ 50013 50015 ] - [ 99792 ]
[ 50013 50015 ] - [ 100209 ]
[ 50013 50015 ] - [ 118426 ]
[ 50031 50057 50058 ] - [ 118439 ]
[ 50036 65048 ] - [ 90445 ]
[ 50036 65048 ] - [ 113049 ]
[ 50087 50111 ] - [ 118466 ]
[ 50113 83049 ] - [ 107188 ]
[ 50113 83049 ] - [ 118479 ]
[ 50115 79183 ] - [ 95149 ]
[ 50115 79183 ] - [ 95150 ]
[ 50115 79183 ] - [ 117367 ]
[ 50130 52186 ] - [ 118489 ]
[ 50139 53095 73125 ] - [ 113018 ]
[ 50163 89307 ] - [ 118517 ]
[ 50187 53566 ] - [ 105495 ]
[ 50187 53566 ] - [ 110224 ]
[ 50196 67845 ] - [ 118541 ]
[ 50228 56503 ] - [ 118560 ]
[ 50234 50387 ] - [ 118564 ]
[ 50234 50387 ] - [ 118565 ]
[ 50236 63586 77256 ] - [ 118566 ]
[ 50273 50274 ] - [ 116604 ]
[ 50281 58278 ] - [ 90473 ]
[ 50286 50860 85115 ] - [ 93326 ]
[ 50290 50500 ] - [ 118586 ]
[ 50295 55632 ] - [ 118588 ]
[ 50307 75102 ] - [ 118593 ]
[ 50388 50391 65306 ] - [ 118565 ]
[ 50397 62008 70754 ] - [ 118626 ]
[ 50416 69558 70419 ] - [ 109606 ]
[ 50422 50596 ] - [ 118640 118641 118642 ]
[ 50433 60771 ] - [ 118648 ]
[ 50437 61497 ] - [ 94361 ]
[ 50443 67835 ] - [ 118652 ]
[ 50443 67835 ] - [ 118653 ]
[ 50450 51634 ] - [ 118658 118659 ]
[ 50457 64320 ] - [ 118662 ]
[ 50458 82772 ] - [ 90803 ]
[ 50458 82772 ] - [ 118663 ]
[ 50485 82607 ] - [ 90195 ]
[ 50489 70145 75987 ] - [ 118683 ]
[ 50490 51047 ] - [ 116576 ]
[ 50506 75356 ] - [ 118689 ]
[ 50541 59506 72308 ] - [ 115215 ]
[ 50567 58655 58778 ] - [ 118715 ]
[ 50600 81581 ] - [ 106265 ]
[ 50600 81581 ] - [ 118741 ]
[ 50631 79884 ] - [ 89607 ]
[ 50632 72427 ] - [ 106499 ]
[ 50632 72427 ] - [ 113586 ]
[ 50652 56216 ] - [ 98818 ]
[ 50652 56216 ] - [ 118767 ]
[ 50665 78049 ] - [ 118774 ]
[ 50686 63093 ] - [ 103925 ]
[ 50686 63093 ] - [ 104833 ]
[ 50692 80802 ] - [ 118788 118789 ]
[ 50734 53026 ] - [ 117858 ]
[ 50737 50886 ] - [ 118818 ]
[ 50747 69894 ] - [ 93313 ]
[ 50752 57984 ] - [ 118829 ]
[ 50775 51452 ] - [ 118839 ]
[ 50802 82406 89062 ] - [ 118853 ]
[ 50829 52423 52435 ] - [ 118863 ]
[ 50846 58300 ] - [ 118870 ]
[ 50846 58300 ] - [ 118871 ]
[ 50853 58921 75697 ] - [ 115077 ]
[ 50858 50956 ] - [ 118876 ]
[ 50865 70065 ] - [ 118881 ]
[ 50866 62101 ] - [ 104055 ]
[ 50877 50982 56708 ] - [ 115236 ]
[ 50889 82504 ] - [ 90886 ]
[ 50900 69619 75685 ] - [ 103751 ]
[ 50908 58395 ] - [ 100711 ]
[ 50927 62528 ] - [ 118923 ]
[ 51000 51004 ] - [ 89482 ]
[ 51002 86257 ] - [ 118973 ]
[ 51020 51026 ] - [ 93688 ]
[ 51020 51026 ] - [ 118974 ]
[ 51036 71847 ] - [ 118982 ]
[ 51053 61517 76961 ] - [ 118988 ]
[ 51058 54469 66047 ] - [ 94107 ]
[ 51078 76338 ] - [ 118220 ]
[ 51077 51081 ] - [ 100728 ]
[ 51077 51081 ] - [ 118998 ]
[ 51101 70319 87899 ] - [ 91171 ]
[ 51107 51113 ] - [ 119013 ]
[ 51107 51113 ] - [ 119027 ]
[ 51136 80058 ] - [ 101847 ]
[ 51136 80058 ] - [ 110171 ]
[ 51149 56832 ] - [ 119044 ]
[ 51169 78987 ] - [ 116321 ]
[ 51183 66985 ] - [ 110072 ]
[ 51183 66985 ] - [ 110073 ]
[ 51183 66985 ] - [ 119058 ]
[ 51210 62798 76979 ] - [ 119074 ]
[ 51227 79456 83440 ] - [ 119084 ]
[ 51242 67750 ] - [ 116072 ]
[ 51243 66919 87504 ] - [ 113329 ]
[ 51245 61335 ] - [ 119095 ]
[ 51246 53692 ] - [ 117284 ]
[ 51252 51257 ] - [ 119013 ]
[ 51252 51257 ] - [ 119023 ]
[ 51256 71215 ] - [ 119013 ]
[ 51280 61501 ] - [ 102627 ]
[ 51280 61501 ] - [ 111049 ]
[ 51328 66639 ] - [ 119131 ]
[ 51328 66639 ] - [ 119132 ]
[ 51342 52863 ] - [ 119136 ]
[ 51344 51346 ] - [ 89688 ]
[ 51344 51346 ] - [ 89984 ]
[ 51344 51346 ] - [ 90019 ]
[ 51370 60878 ] - [ 119138 ]
[ 51391 51392 51409 ] - [ 93553 ]
[ 51391 51392 51409 ] - [ 94970 ]
[ 51438 52404 ] - [ 119154 ]
[ 51439 71481 71874 ] - [ 119155 ]
[ 51440 73440 ] - [ 100240 ]
[ 51440 73440 ] - [ 103397 ]
[ 51454 63236 ] - [ 119157 ]
[ 51468 51469 ] - [ 94970 ]
[ 51525 71256 ] - [ 92493 ]
[ 51525 71256 ] - [ 101906 ]
[ 51525 71256 ] - [ 112369 ]
[ 51525 71256 ] - [ 118205 ]
[ 51533 79370 79371 ] - [ 94216 ]
[ 51545 82124 ] - [ 119188 ]
[ 51547 56710 58785 ] - [ 119191 ]
[ 51552 72639 ] - [ 119192 ]
[ 51553 51632 ] - [ 106229 ]
[ 51562 77096 ] - [ 119197 ]
[ 51594 75762 ] - [ 119209 ]
[ 51614 76617 ] - [ 119228 ]
[ 51615 82775 ] - [ 119229 ]
[ 51623 56952 56953 ] - [ 119233 ]
[ 51628 60380 74533 ] - [ 119238 ]
[ 51637 51654 ] - [ 119242 ]
[ 51652 78814 ] - [ 119248 ]
[ 51658 65215 ] - [ 116626 ]
[ 51658 65215 ] - [ 119251 ]
[ 51660 73894 ] - [ 103137 ]
[ 51662 74178 ] - [ 119253 ]
[ 51663 56986 ] - [ 119254 ]
[ 51668 77583 ] - [ 92280 ]
[ 51668 77583 ] - [ 119256 ]
[ 51670 74259 86961 ] - [ 119257 ]
[ 51691 85319 ] - [ 119267 ]
[ 51692 51693 ] - [ 112157 ]
[ 51692 51693 ] - [ 112158 ]
[ 51692 51693 ] - [ 112159 ]
[ 51706 60941 88217 ] - [ 119275 ]
[ 51710 70620 72525 ] - [ 101247 ]
[ 51723 51730 51741 ] - [ 119266 ]
[ 51750 51953 52191 ] - [ 113978 ]
[ 51756 51757 51784 ] - [ 117528 ]
[ 51756 51757 51784 ] - [ 117847 ]
[ 51776 81313 ] - [ 100005 ]
[ 51776 81313 ] - [ 102122 ]
[ 51776 81313 ] - [ 112906 ]
[ 51782 74655 ] - [ 102791 ]
[ 51782 74655 ] - [ 113315 ]
[ 51788 51790 51792 ] - [ 112159 ]
[ 51788 51790 51792 ] - [ 117847 ]
[ 51789 51791 ] - [ 112159 ]
[ 51788 51790 51792 ] - [ 119303 ]
[ 51789 51791 ] - [ 119303 ]
[ 51799 51806 ] - [ 119311 ]
[ 51832 57190 ] - [ 119326 ]
[ 51843 51845 ] - [ 119320 ]
[ 51851 51872 ] - [ 111808 ]
[ 51851 51872 ] - [ 119320 ]
[ 51867 52631 ] - [ 119346 ]
[ 51870 52524 ] - [ 91619 ]
[ 51870 52524 ] - [ 101855 ]
[ 51873 51908 51925 ] - [ 117826 ]
[ 51918 52344 ] - [ 119338 ]
[ 51918 52344 ] - [ 119367 ]
[ 51930 81598 ] - [ 119373 ]
[ 51948 51976 ] - [ 119382 119383 ]
[ 51962 63173 ] - [ 119393 ]
[ 51970 70167 ] - [ 94002 ]
[ 51970 70167 ] - [ 94003 ]
[ 51970 70167 ] - [ 97665 ]
[ 51972 70475 ] - [ 119398 ]
[ 51973 89151 ] - [ 119399 ]
[ 51988 52006 ] - [ 111847 ]
[ 51988 52006 ] - [ 119359 ]
[ 52002 52015 ] - [ 119351 ]
[ 52008 63676 66658 ] - [ 106561 ]
[ 52008 63676 66658 ] - [ 119422 ]
[ 52019 52020 ] - [ 119428 ]
[ 52021 52024 ] - [ 119364 ]
[ 52032 52294 ] - [ 119435 ]
[ 52033 55155 ] - [ 119436 ]
[ 52040 56888 ] - [ 107411 ]
[ 52040 56888 ] - [ 116766 ]
[ 52056 52059 ] - [ 119453 ]
[ 52084 64700 ] - [ 119470 ]
[ 52086 60056 ] - [ 95706 ]
[ 52096 66333 67964 ] - [ 96578 ]
[ 52098 81824 ] - [ 95730 ]
[ 52104 84547 87197 ] - [ 119480 ]
[ 52110 56054 57273 ] - [ 119485 ]
[ 52116 81167 ] - [ 119489 ]
[ 52116 81167 ] - [ 119490 ]
[ 52134 52173 ] - [ 119500 ]
[ 52161 52207 52224 ] - [ 94970 ]
[ 52161 52207 52224 ] - [ 119513 ]
[ 52168 82838 87359 ] - [ 111127 ]
[ 52168 82838 87359 ] - [ 112611 ]
[ 52181 56987 ] - [ 119528 ]
[ 52195 52403 ] - [ 119535 ]
[ 52209 62866 ] - [ 90467 ]
[ 52221 57528 ] - [ 119551 ]
[ 52267 52998 ] - [ 119568 ]
[ 52313 53810 ] - [ 97838 ]
[ 52313 53810 ] - [ 119589 ]
[ 52318 69067 ] - [ 108815 ]
[ 52318 69067 ] - [ 108816 ]
[ 52318 69067 ] - [ 119591 ]
[ 52323 82829 ] - [ 94864 ]
[ 52324 83485 ] - [ 119594 ]
[ 52357 65812 66292 ] - [ 119608 ]
[ 52364 82869 ] - [ 119532 ]
[ 52366 59837 66671 ] - [ 117189 ]
[ 52366 59837 66671 ] - [ 119615 ]
[ 52368 62359 81031 ] - [ 119618 ]
[ 52387 60993 ] - [ 119627 ]
[ 52441 78091 ] - [ 92626 ]
[ 52441 78091 ] - [ 110960 ]
[ 52479 83755 ] - [ 99787 ]
[ 52479 83755 ] - [ 107892 ]
[ 52488 83997 ] - [ 100146 ]
[ 52488 83997 ] - [ 119668 ]
[ 52490 58398 ] - [ 105278 ]
[ 52499 76129 ] - [ 119681 ]
[ 52504 83415 ] - [ 119664 ]
[ 52523 56777 ] - [ 101815 ]
[ 52523 56777 ] - [ 119690 ]
[ 52530 52531 ] - [ 119692 ]
[ 52533 60570 60580 ] - [ 119694 ]
[ 52552 79904 ] - [ 108336 ]
[ 52562 84494 ] - [ 119712 ]
[ 52585 55692 ] - [ 119721 ]
[ 52642 60040 80655 ] - [ 104492 ]
[ 52650 52654 ] - [ 119760 ]
[ 52667 59988 ] - [ 114115 ]
[ 52677 52678 ] - [ 103185 ]
[ 52679 81340 ] - [ 119725 ]
[ 52732 81538 ] - [ 94442 ]
[ 52732 81538 ] - [ 111725 ]
[ 52767 75936 ] - [ 95979 ]
[ 52767 75936 ] - [ 102485 ]
[ 52780 65494 ] - [ 106975 ]
[ 52780 65494 ] - [ 119850 ]
[ 52796 53905 ] - [ 104364 ]
[ 52802 61772 ] - [ 93854 ]
[ 52811 52813 ] - [ 97639 ]
[ 52811 52813 ] - [ 105263 ]
[ 52830 70313 ] - [ 97146 ]
[ 52831 62353 ] - [ 95150 ]
[ 52831 62353 ] - [ 108546 ]
[ 52831 62353 ] - [ 119876 ]
[ 52836 61760 ] - [ 119878 ]
[ 52838 56553 60781 ] - [ 98150 ]
[ 52841 72152 ] - [ 92185 ]
[ 52841 72152 ] - [ 102961 ]
[ 52848 63190 ] - [ 119884 ]
[ 52867 59289 63000 ] - [ 119890 ]
[ 52869 74257 81294 ] - [ 99936 ]
[ 52877 55031 ] - [ 119892 ]
[ 52894 57676 77005 ] - [ 104345 ]
[ 52895 79107 ] - [ 119898 ]
[ 52894 57676 77005 ] - [ 113939 ]
[ 52911 53113 ] - [ 118974 ]
[ 52949 52958 ] - [ 102979 ]
[ 52949 52958 ] - [ 119916 ]
[ 52956 53809 ] - [ 102979 ]
[ 52956 53809 ] - [ 119919 ]
[ 52964 86561 ] - [ 119923 ]
[ 52967 67399 ] - [ 119924 ]
[ 53008 54622 ] - [ 119946 ]
[ 53037 55906 ] - [ 119965 ]
[ 53070 72112 ] - [ 91768 ]
[ 53082 85194 ] - [ 119991 ]
[ 53084 74454 ] - [ 119994 ]
[ 53101 72546 85896 ] - [ 120004 ]
[ 53112 54658 ] - [ 96024 96025 ]
[ 53112 54658 ] - [ 97490 97491 ]
[ 53112 54658 ] - [ 97492 ]
[ 53118 62302 74855 ] - [ 110224 ]
[ 53154 78845 ] - [ 96931 ]
[ 53157 71975 ] - [ 120031 ]
[ 53166 60650 ] - [ 95562 ]
[ 53166 60650 ] - [ 102420 ]
[ 53186 78591 ] - [ 99066 ]
[ 53186 78591 ] - [ 120041 ]
[ 53195 78549 ] - [ 119445 ]
[ 53195 78549 ] - [ 120045 ]
[ 53202 70771 ] - [ 113102 ]
[ 53202 70771 ] - [ 117045 ]
[ 53238 87613 ] - [ 120067 ]
[ 53259 53909 ] - [ 98972 ]
[ 53281 73712 ] - [ 113841 ]
[ 53305 74343 ] - [ 120104 ]
[ 53330 63493 ] - [ 99646 ]
[ 53330 63493 ] - [ 104886 ]
[ 53330 63493 ] - [ 114118 ]
[ 53342 61288 ] - [ 108696 ]
[ 53342 61288 ] - [ 120126 ]
[ 53368 53380 83955 ] - [ 120138 ]
[ 53393 68630 ] - [ 95719 ]
[ 53393 68630 ] - [ 96153 ]
[ 53413 53414 ] - [ 120164 ]
[ 53415 77095 ] - [ 120165 ]
[ 53440 53442 53472 ] - [ 120179 ]
[ 53445 61805 ] - [ 94431 ]
[ 53458 53460 58224 ] - [ 98468 ]
[ 53500 53584 ] - [ 120218 ]
[ 53511 53513 62118 ] - [ 120222 ]
[ 53535 54263 ] - [ 120239 ]
[ 53581 73069 87568 ] - [ 97444 ]
[ 53586 53612 ] - [ 120256 ]
[ 53601 65028 ] - [ 119396 ]
[ 53606 65825 74710 ] - [ 120266 ]
[ 53656 54514 ] - [ 108033 ]
[ 53662 63058 ] - [ 120293 ]
[ 53656 54514 ] - [ 120290 ]
[ 53690 88107 ] - [ 102302 ]
[ 53694 53695 ] - [ 90818 ]
[ 53694 53695 ] - [ 90819 ]
[ 53694 53695 ] - [ 116084 ]
[ 53694 53695 ] - [ 120305 ]
[ 53723 53724 ] - [ 100194 ]
[ 53723 53724 ] - [ 120316 ]
[ 53762 79309 ] - [ 120333 ]
[ 53807 61108 ] - [ 117033 ]
[ 53807 61108 ] - [ 119442 ]
[ 53815 68063 ] - [ 111438 ]
[ 53821 56107 ] - [ 120352 ]
[ 53839 60652 ] - [ 119646 ]
[ 53847 79143 ] - [ 120357 ]
[ 53877 81642 ] - [ 120371 ]
[ 53893 80763 ] - [ 90048 ]
[ 53911 57441 ] - [ 93285 ]
[ 53911 57441 ] - [ 101976 ]
[ 53954 77841 ] - [ 91342 ]
[ 53966 59349 ] - [ 96618 ]
[ 53966 59349 ] - [ 98342 ]
[ 53966 59349 ] - [ 120399 ]
[ 54000 ] - [ 120414 ]
[ 54009 59437 ] - [ 115717 ]
[ 54010 71633 ] - [ 120418 ]
[ 54017 70231 85347 ] - [ 110090 ]
[ 54022 83023 ] - [ 120422 ]
[ 54051 54073 ] - [ 120436 ]
[ 54056 ] - [ 93370 ]
[ 54082 55969 63383 ] - [ 120451 ]
[ 54083 54143 ] - [ 120452 ]
[ 54084 70884 ] - [ 94625 ]
[ 54104 54105 54107 ] - [ 102944 ]
[ 54112 89058 ] - [ 120468 ]
[ 54116 78377 ] - [ 120471 ]
[ 54126 54397 ] - [ 106365 ]
[ 54132 56134 75837 ] - [ 120478 ]
[ 54133 57208 ] - [ 120479 ]
[ 54133 57208 ] - [ 120480 ]
[ 54153 68868 ] - [ 120485 ]
[ 54160 61833 ] - [ 105168 ]
[ 54162 88660 ] - [ 100587 ]
[ 54162 88660 ] - [ 120491 ]
[ 54176 54340 78903 ] - [ 120494 ]
[ 54190 68929 69712 ] - [ 120498 ]
[ 54191 88266 ] - [ 91711 ]
[ 54192 85490 ] - [ 120499 ]
[ 54193 72981 ] - [ 103802 ]
[ 54193 72981 ] - [ 109959 ]
[ 54238 78631 ] - [ 120514 ]
[ 54241 74690 ] - [ 112451 ]
[ 54241 74690 ] - [ 112452 ]
[ 54243 55796 ] - [ 120520 ]
[ 54259 59889 ] - [ 120529 ]
[ 54306 88661 ] - [ 120491 ]
[ 54335 78185 ] - [ 99223 ]
[ 54335 78185 ] - [ 120567 ]
[ 54341 82495 86366 ] - [ 120571 ]
[ 54344 61493 ] - [ 92954 ]
[ 54347 66875 ] - [ 102128 ]
[ 54347 66875 ] - [ 120574 ]
[ 54373 55465 89353 ] - [ 115378 ]
[ 54386 56732 65011 ] - [ 120589 ]
[ 54408 54409 ] - [ 120605 ]
[ 54422 73203 ] - [ 120613 ]
[ 54443 69502 89248 ] - [ 101565 ]
[ 54457 67771 ] - [ 97538 ]
[ 54478 72283 ] - [ 120639 ]
[ 54487 63302 ] - [ 120640 ]
[ 54492 63090 79536 ] - [ 105213 ]
[ 54499 55018 ] - [ 120652 ]
[ 54527 85690 ] - [ 120662 ]
[ 54531 67730 ] - [ 98472 ]
[ 54531 67730 ] - [ 117389 ]
[ 54566 65503 ] - [ 120689 ]
[ 54572 ] - [ 91939 ]
[ 54593 77645 ] - [ 120702 ]
[ 54639 61511 ] - [ 93539 ]
[ 54639 61511 ] - [ 104572 ]
[ 54640 54799 ] - [ 120714 ]
[ 54640 54799 ] - [ 120715 ]
[ 54656 77947 80742 ] - [ 114766 ]
[ 54673 55410 68518 ] - [ 102128 ]
[ 54673 55410 68518 ] - [ 115781 ]
[ 54680 ] - [ 97996 ]
[ 54683 54713 ] - [ 120738 ]
[ 54691 85781 ] - [ 103925 ]
[ 54698 75438 75595 ] - [ 120747 ]
[ 54699 65763 ] - [ 120748 ]
[ 54750 72384 ] - [ 120769 ]
[ 54753 54755 ] - [ 119792 ]
[ 54753 54755 ] - [ 120771 ]
[ 54764 60347 ] - [ 106532 ]
[ 54764 60347 ] - [ 120777 ]
[ 54768 83786 ] - [ 120784 ]
[ 54775 63898 ] - [ 120789 ]
[ 54776 84288 85188 ] - [ 119641 ]
[ 54782 65952 ] - [ 120794 ]
[ 54809 78018 ] - [ 120808 ]
[ 54810 62613 ] - [ 119792 ]
[ 54810 62613 ] - [ 120809 ]
[ 54820 54821 ] - [ 120821 ]
[ 54829 76224 ] - [ 120827 ]
[ 54840 54884 ] - [ 120831 ]
[ 54845 63484 ] - [ 120833 ]
[ 54849 57389 ] - [ 97809 ]
[ 54849 57389 ] - [ 117389 ]
[ 54866 58873 72237 ] - [ 120845 ]
[ 54870 72429 ] - [ 120847 ]
[ 54907 88452 ] - [ 92826 ]
[ 54924 87216 88285 ] - [ 96800 ]
[ 54986 83902 ] - [ 120917 ]
[ 54995 55717 ] - [ 120924 ]
[ 54997 71379 71380 ] - [ 119678 ]
[ 55013 58145 73328 ] - [ 90269 ]
[ 55027 79440 ] - [ 120942 ]
[ 55074 80694 ] - [ 97308 ]
[ 55083 74169 ] - [ 111200 ]
[ 55102 55103 ] - [ 120983 ]
[ 55109 55156 87981 ] - [ 120985 ]
[ 55117 55118 ] - [ 120990 ]
[ 55123 69430 ] - [ 120992 ]
[ 55138 71731 81258 ] - [ 105670 ]
[ 55148 55858 ] - [ 121009 ]
[ 55166 55808 ] - [ 121018 ]
[ 55172 56463 ] - [ 102179 ]
[ 55172 56463 ] - [ 102180 ]
[ 55196 57270 82130 ] - [ 121039 ]
[ 55201 83584 ] - [ 99088 ]
[ 55211 64072 ] - [ 121049 ]
[ 55213 55838 ] - [ 121051 ]
[ 55221 87503 ] - [ 115380 ]
[ 55224 55556 75659 ] - [ 121061 ]
[ 55235 69969 69971 ] - [ 121065 ]
[ 55270 71827 ] - [ 98043 ]
[ 55270 71827 ] - [ 118853 ]
[ 55289 55611 88333 ] - [ 121105 ]
[ 55293 84582 ] - [ 91715 ]
[ 55293 84582 ] - [ 91718 ]
[ 55296 55563 ] - [ 121114 ]
[ 55298 60772 ] - [ 121116 ]
[ 55341 55344 55393 ] - [ 108500 ]
[ 55341 55344 55393 ] - [ 121145 ]
[ 55345 55358 55418 ] - [ 108500 ]
[ 55345 55358 55418 ] - [ 108501 ]
[ 55345 55358 55418 ] - [ 108502 ]
[ 55382 55580 81743 ] - [ 121160 ]
[ 55422 55737 ] - [ 110487 ]
[ 55424 55473 ] - [ 108500 ]
[ 55424 55473 ] - [ 108503 ]
[ 55429 62463 62466 ] - [ 103762 ]
[ 55429 62463 62466 ] - [ 121179 ]
[ 55433 55434 ] - [ 106303 ]
[ 55433 55434 ] - [ 113885 ]
[ 55433 55434 ] - [ 121180 ]
[ 55477 79146 ] - [ 121204 ]
[ 55492 64478 65291 ] - [ 121214 ]
[ 55574 60760 80366 ] - [ 121266 ]
[ 55574 60760 80366 ] - [ 121267 ]
[ 55584 57075 ] - [ 101566 ]
[ 55584 57075 ] - [ 115226 ]
[ 55600 69743 ] - [ 121280 ]
[ 55602 67276 ] - [ 121282 ]
[ 55634 61318 ] - [ 96776 ]
[ 55645 59251 ] - [ 121308 ]
[ 55650 55797 ] - [ 121278 ]
[ 55664 75462 ] - [ 121319 ]
[ 55665 58365 ] - [ 92313 ]
[ 55665 58365 ] - [ 121320 ]
[ 55666 55667 ] - [ 121321 ]
[ 55676 63022 ] - [ 114121 ]
[ 55676 63022 ] - [ 114123 ]
[ 55676 63022 ] - [ 121327 ]
[ 55728 55729 ] - [ 121355 ]
[ 55734 72861 ] - [ 94976 ]
[ 55734 72861 ] - [ 94977 ]
[ 55734 72861 ] - [ 94978 ]
[ 55734 72861 ] - [ 95551 ]
[ 55766 84753 85678 ] - [ 95636 ]
[ 55767 58104 58793 ] - [ 121374 ]
[ 55771 76093 ] - [ 121375 ]
[ 55859 ] - [ 99043 ]
[ 56003 63828 85951 ] - [ 121489 ]
[ 56006 78619 81779 ] - [ 121491 ]
[ 56033 57153 80352 ] - [ 121509 ]
[ 56038 56156 ] - [ 121515 ]
[ 56040 78743 ] - [ 102852 ]
[ 56040 78743 ] - [ 121518 ]
[ 56061 59265 59450 ] - [ 121534 ]
[ 56081 72980 ] - [ 121541 ]
[ 56082 81655 ] - [ 105151 ]
[ 56082 81655 ] - [ 118681 ]
[ 56089 56093 56094 ] - [ 92122 ]
[ 56089 56093 56094 ] - [ 102780 ]
[ 56105 87656 ] - [ 95662 ]
[ 56105 87656 ] - [ 97837 ]
[ 56109 68857 ] - [ 121555 ]
[ 56114 81750 88947 ] - [ 121556 ]
[ 56119 56133 ] - [ 121561 ]
[ 56121 77767 ] - [ 98458 ]
[ 56145 69303 ] - [ 109886 ]
[ 56146 59816 ] - [ 100073 ]
[ 56147 56167 ] - [ 118652 ]
[ 56147 56167 ] - [ 118653 ]
[ 56147 56167 ] - [ 121577 ]
[ 56149 69020 ] - [ 93215 ]
[ 56149 69020 ] - [ 93216 ]
[ 56149 69020 ] - [ 107887 ]
[ 56173 56193 56201 ] - [ 95680 ]
[ 56184 75264 75395 ] - [ 121598 ]
[ 56188 56555 ] - [ 121600 ]
[ 56199 68783 69070 ] - [ 121608 ]
[ 56203 68977 ] - [ 121610 ]
[ 56234 83358 ] - [ 121623 ]
[ 56249 56256 56756 ] - [ 103888 ]
[ 56249 56256 56756 ] - [ 121629 ]
[ 56254 64744 ] - [ 121631 121632 ]
[ 56255 76596 87968 ] - [ 121633 ]
[ 56300 75844 ] - [ 121669 ]
[ 56307 71504 ] - [ 121673 ]
[ 56310 61993 ] - [ 121674 ]
[ 56322 86977 ] - [ 121687 ]
[ 56346 56360 ] - [ 121696 ]
[ 56363 64234 ] - [ 98952 ]
[ 56363 64234 ] - [ 103396 ]
[ 56450 56451 ] - [ 96668 ]
[ 56450 56451 ] - [ 98149 ]
[ 56456 57609 ] - [ 121739 ]
[ 56504 67318 ] - [ 109921 ]
[ 56506 ] - [ 111844 ]
[ 56519 70485 ] - [ 121777 ]
[ 56539 57763 ] - [ 98886 98887 ]
[ 56544 56546 ] - [ 116583 ]
[ 56554 56674 ] - [ 90535 ]
[ 56554 56674 ] - [ 95455 ]
[ 56554 56674 ] - [ 111668 ]
[ 56557 63752 72510 ] - [ 92493 ]
[ 56557 63752 72510 ] - [ 101906 ]
[ 56557 63752 72510 ] - [ 118205 ]
[ 56594 56608 ] - [ 121772 ]
[ 56624 62920 ] - [ 121817 ]
[ 56631 73923 ] - [ 121822 ]
[ 56670 77730 ] - [ 115227 ]
[ 56675 73998 ] - [ 121837 ]
[ 56701 56725 57219 ] - [ 121846 ]
[ 56712 83048 ] - [ 98238 ]
[ 56727 71959 ] - [ 121860 ]
[ 56730 74403 81548 ] - [ 109719 ]
[ 56734 71469 ] - [ 103066 ]
[ 56734 71469 ] - [ 104263 ]
[ 56742 68162 ] - [ 120345 ]
[ 56742 68162 ] - [ 120789 ]
[ 56785 63810 ] - [ 115944 ]
[ 56785 63810 ] - [ 120380 ]
[ 56806 56807 ] - [ 121889 ]
[ 56820 66893 ] - [ 95787 ]
[ 56820 66893 ] - [ 102185 ]
[ 56851 70117 ] - [ 94560 ]
[ 56851 70117 ] - [ 121913 ]
[ 56861 61719 ] - [ 121914 ]
[ 56900 58632 88845 ] - [ 110896 ]
[ 56900 58632 88845 ] - [ 116799 ]
[ 56917 70575 ] - [ 117916 ]
[ 56938 79554 ] - [ 96356 ]
[ 56962 64530 69830 ] - [ 121958 ]
[ 56976 58174 77539 ] - [ 108708 ]
[ 56976 58174 77539 ] - [ 113507 ]
[ 56992 57118 ] - [ 121965 121966 ]
[ 57015 71591 81871 ] - [ 112767 ]
[ 57019 69778 ] - [ 121985 ]
[ 57019 69778 ] - [ 121993 ]
[ 57020 84435 ] - [ 114513 ]
[ 57026 58838 61008 ] - [ 121998 121999 ]
[ 57030 57032 ] - [ 122003 122004 ]
[ 57036 59636 64302 ] - [ 113140 ]
[ 57036 59636 64302 ] - [ 113142 ]
[ 57051 81371 ] - [ 89929 ]
[ 57085 66898 ] - [ 122027 ]
[ 57088 62364 ] - [ 93334 ]
[ 57090 86942 ] - [ 122028 ]
[ 57091 72040 ] - [ 103693 ]
[ 57119 77037 84099 ] - [ 92971 ]
[ 57130 64094 ] - [ 122046 ]
[ 57148 68178 ] - [ 93350 ]
[ 57148 68178 ] - [ 122050 ]
[ 57152 69656 ] - [ 95925 ]
[ 57152 69656 ] - [ 110859 ]
[ 57165 60576 ] - [ 122056 ]
[ 57177 57205 ] - [ 105658 ]
[ 57197 59340 ] - [ 96238 ]
[ 57202 57235 ] - [ 122065 ]
[ 57206 80540 ] - [ 122067 ]
[ 57209 57210 ] - [ 98308 ]
[ 57209 57210 ] - [ 104667 ]
[ 57233 60535 60543 ] - [ 122080 122081 ]
[ 57241 64799 ] - [ 122085 ]
[ 57261 57262 58259 ] - [ 122100 ]
[ 57277 71248 89097 ] - [ 122105 ]
[ 57282 81912 ] - [ 122113 ]
[ 57286 72049 ] - [ 122114 ]
[ 57315 76980 ] - [ 122128 ]
[ 57332 74129 74136 ] - [ 99678 ]
[ 57339 72492 ] - [ 107453 ]
[ 57350 63113 75440 ] - [ 122144 ]
[ 57377 74368 ] - [ 98952 ]
[ 57377 74368 ] - [ 114301 ]
[ 57377 74368 ] - [ 122157 ]
[ 57379 58918 84475 ] - [ 99914 ]
[ 57388 69573 ] - [ 122160 ]
[ 57393 58136 ] - [ 122164 ]
[ 57412 58260 58262 ] - [ 122179 ]
[ 57445 62877 63542 ] - [ 122191 ]
[ 57455 57486 ] - [ 122194 122195 ]
[ 57467 57596 ] - [ 122204 ]
[ 57469 81155 ] - [ 122205 ]
[ 57472 59623 82708 ] - [ 105495 ]
[ 57477 65557 ] - [ 103294 ]
[ 57477 65557 ] - [ 105493 ]
[ 57477 65557 ] - [ 119864 ]
[ 57482 59848 ] - [ 106886 ]
[ 57490 58232 58906 ] - [ 122220 ]
[ 57491 77558 ] - [ 105160 ]
[ 57494 57520 57526 ] - [ 97967 ]
[ 57514 81385 ] - [ 119901 ]
[ 57523 79820 ] - [ 108163 ]
[ 57547 60874 81220 ] - [ 103548 ]
[ 57550 75135 ] - [ 114574 ]
[ 57551 57647 58525 ] - [ 113143 ]
[ 57551 57647 58525 ] - [ 122192 ]
[ 57608 68018 ] - [ 122267 ]
[ 57614 75782 ] - [ 122270 ]
[ 57614 75782 ] - [ 122271 ]
[ 57617 87990 ] - [ 122274 122275 ]
[ 57637 81443 ] - [ 110008 ]
[ 57642 57646 67931 ] - [ 122289 ]
[ 57642 57646 67931 ] - [ 122290 ]
[ 57653 68231 ] - [ 110095 ]
[ 57654 69028 ] - [ 117780 ]
[ 57654 69028 ] - [ 122296 ]
[ 57689 73451 ] - [ 112362 ]
[ 57697 62267 ] - [ 92869 ]
[ 57697 62267 ] - [ 98673 ]
[ 57699 64847 76159 ] - [ 122310 ]
[ 57701 57702 ] - [ 108959 ]
[ 57701 57702 ] - [ 114404 ]
[ 57727 59190 ] - [ 122324 ]
[ 57737 57738 ] - [ 110141 ]
[ 57737 57738 ] - [ 112652 ]
[ 57744 63372 89088 ] - [ 112907 ]
[ 57746 59619 ] - [ 122331 ]
[ 57770 57817 ] - [ 122341 ]
[ 57810 78910 ] - [ 122357 ]
[ 57815 73644 ] - [ 122374 ]
[ 57824 57834 57842 ] - [ 122377 ]
[ 57826 57830 57837 ] - [ 122384 ]
[ 57824 57834 57842 ] - [ 122384 ]
[ 57847 57865 ] - [ 122377 ]
[ 57855 57864 ] - [ 122410 122411 ]
[ 57873 57883 ] - [ 122395 ]
[ 57875 57881 57886 ] - [ 122427 ]
[ 57878 57895 ] - [ 119989 ]
[ 57907 59268 65992 ] - [ 95603 ]
[ 57939 58000 ] - [ 122492 ]
[ 57980 57996 ] - [ 108795 ]
[ 57980 57996 ] - [ 108943 ]
[ 58011 76553 ] - [ 122548 ]
[ 58026 58027 ] - [ 122552 ]
[ 58032 85637 87371 ] - [ 111173 ]
[ 58034 58128 ] - [ 90191 ]
[ 58034 58128 ] - [ 110124 110125 ]
[ 58034 58128 ] - [ 122558 ]
[ 58038 88556 ] - [ 94952 ]
[ 58101 70266 85505 ] - [ 122580 ]
[ 58107 81876 ] - [ 95817 ]
[ 58107 81876 ] - [ 97639 ]
[ 58130 66729 ] - [ 112830 ]
[ 58130 66729 ] - [ 122592 ]
[ 58142 73302 ] - [ 122595 ]
[ 58143 63466 85862 ] - [ 122596 ]
[ 58162 ] - [ 95697 ]
[ 58162 70631 ] - [ 97838 ]
[ 58162 70631 ] - [ 107802 ]
[ 58162 70631 ] - [ 120965 122605 ]
[ 58169 87842 ] - [ 107534 ]
[ 58172 60255 ] - [ 122612 122613 ]
[ 58178 59862 ] - [ 95780 ]
[ 58192 63576 ] - [ 122623 ]
[ 58193 79851 ] - [ 122624 ]
[ 58195 80678 ] - [ 96003 ]
[ 58198 65220 77118 ] - [ 104402 ]
[ 58198 65220 77118 ] - [ 113579 ]
[ 58202 84469 ] - [ 122629 ]
[ 58225 79154 ] - [ 108242 ]
[ 58225 79154 ] - [ 122639 ]
[ 58235 85992 ] - [ 119037 ]
[ 58245 58796 ] - [ 122649 ]
[ 58248 79652 ] - [ 122650 ]
[ 58301 58445 ] - [ 122674 ]
[ 58307 58824 ] - [ 122677 ]
[ 58345 64325 64567 ] - [ 122691 ]
[ 58351 70636 88959 ] - [ 121230 ]
[ 58380 69501 73485 ] - [ 112514 ]
[ 58380 69501 73485 ] - [ 122703 ]
[ 58392 77131 88111 ] - [ 90105 ]
[ 58396 58397 ] - [ 91493 ]
[ 58396 58397 ] - [ 106007 ]
[ 58429 59749 ] - [ 122716 ]
[ 58434 75142 ] - [ 122702 ]
[ 58452 74302 ] - [ 122722 ]
[ 58453 78630 ] - [ 122723 ]
[ 58466 63529 ] - [ 122732 ]
[ 58474 71346 ] - [ 122735 ]
[ 58474 71346 ] - [ 122736 ]
[ 58476 58477 64220 ] - [ 92743 ]
[ 58491 87996 ] - [ 122746 ]
[ 58495 58502 ] - [ 122747 ]
[ 58505 65116 71679 ] - [ 118187 ]
[ 58513 58519 ] - [ 95635 ]
[ 58513 58519 ] - [ 122747 ]
[ 58514 76824 ] - [ 122751 ]
[ 58557 69084 ] - [ 95681 ]
[ 58587 80143 ] - [ 96731 ]
[ 58588 65046 ] - [ 122774 ]
[ 58610 60719 ] - [ 118330 ]
[ 58610 60719 ] - [ 122707 ]
[ 58615 59250 59275 ] - [ 122785 ]
[ 58618 71212 71677 ] - [ 103294 ]
[ 58618 71212 71677 ] - [ 105495 ]
[ 58629 58732 58765 ] - [ 122795 ]
[ 58634 68404 ] - [ 117916 ]
[ 58634 68404 ] - [ 122797 ]
[ 58640 69590 ] - [ 122800 ]
[ 58662 58697 ] - [ 122808 ]
[ 58679 71028 72324 ] - [ 101467 ]
[ 58687 73850 83390 ] - [ 122826 ]
[ 58708 59401 ] - [ 122832 ]
[ 58715 85683 86713 ] - [ 104090 ]
[ 58736 58741 ] - [ 106855 106856 ]
[ 58754 65730 ] - [ 102514 ]
[ 58754 65730 ] - [ 122858 ]
[ 58799 69568 70068 ] - [ 122883 ]
[ 58813 60160 ] - [ 95005 ]
[ 58863 67764 67765 ] - [ 118405 ]
[ 58863 67764 67765 ] - [ 122913 ]
[ 58908 61095 ] - [ 122930 ]
[ 58982 85028 ] - [ 122969 ]
[ 59028 65496 85469 ] - [ 94902 ]
[ 59028 65496 85469 ] - [ 96152 ]
[ 59028 65496 85469 ] - [ 96153 ]
[ 59032 82090 ] - [ 123004 ]
[ 59042 84331 ] - [ 113019 ]
[ 59042 84331 ] - [ 123009 ]
[ 59054 59061 84629 ] - [ 123012 ]
[ 59070 59139 ] - [ 105267 ]
[ 59070 59139 ] - [ 123022 ]
[ 59070 59139 ] - [ 123023 ]
[ 59117 60945 ] - [ 118007 ]
[ 59117 60945 ] - [ 123055 123056 123057 ]
[ 59117 60945 ] - [ 123055 123056 123058 ]
[ 59117 60945 ] - [ 123055 123057 123058 ]
[ 59117 60945 ] - [ 123056 123057 123058 ]
[ 59133 83398 ] - [ 95250 ]
[ 59133 83398 ] - [ 107892 ]
[ 59152 63349 ] - [ 123076 ]
[ 59155 59156 ] - [ 94242 ]
[ 59155 59156 ] - [ 123078 ]
[ 59169 59390 ] - [ 123083 ]
[ 59172 62729 62838 ] - [ 107270 ]
[ 59172 62729 62838 ] - [ 123084 ]
[ 59178 63321 ] - [ 98756 ]
[ 59183 70332 ] - [ 123091 ]
[ 59183 70332 ] - [ 123092 ]
[ 59201 59392 ] - [ 123103 ]
[ 59219 76763 76810 ] - [ 117634 ]
[ 59258 88399 ] - [ 123133 ]
[ 59279 88567 ] - [ 90619 ]
[ 59279 88567 ] - [ 90621 ]
[ 59287 77801 ] - [ 93786 ]
[ 59300 73791 ] - [ 123161 ]
[ 59305 66743 ] - [ 106083 ]
[ 59320 82623 ] - [ 113855 ]
[ 59324 69289 ] - [ 122846 ]
[ 59328 71928 ] - [ 103100 ]
[ 59328 71928 ] - [ 123175 ]
[ 59347 75106 ] - [ 123189 ]
[ 59353 78368 ] - [ 123191 ]
[ 59366 68095 ] - [ 91174 ]
[ 59378 59777 ] - [ 96705 ]
[ 59380 83610 ] - [ 112422 ]
[ 59380 83610 ] - [ 113090 ]
[ 59412 59413 ] - [ 123226 ]
[ 59443 71819 ] - [ 113020 ]
[ 59443 71819 ] - [ 113612 ]
[ 59465 78945 ] - [ 118627 ]
[ 59471 62549 ] - [ 108338 ]
[ 59478 87883 ] - [ 89564 ]
[ 59484 69993 ] - [ 105367 ]
[ 59493 65123 ] - [ 123269 ]
[ 59516 59518 66887 ] - [ 123276 ]
[ 59540 74447 ] - [ 100718 ]
[ 59540 74447 ] - [ 105676 ]
[ 59540 74447 ] - [ 107727 ]
[ 59543 61995 75193 ] - [ 123283 ]
[ 59545 66302 ] - [ 123284 ]
[ 59552 60561 ] - [ 123288 ]
[ 59552 60561 ] - [ 123289 ]
[ 59554 67470 ] - [ 120866 ]
[ 59576 66129 ] - [ 123302 ]
[ 59593 81320 ] - [ 103452 ]
[ 59593 81320 ] - [ 123313 ]
[ 59628 82470 ] - [ 123332 ]
[ 59645 80465 ] - [ 114121 ]
[ 59645 80465 ] - [ 121327 ]
[ 59649 83932 ] - [ 123344 ]
[ 59657 80776 ] - [ 123349 ]
[ 59669 63106 ] - [ 123352 ]
[ 59670 82433 ] - [ 113097 ]
[ 59691 65778 82837 ] - [ 123365 ]
[ 59693 60164 ] - [ 115651 ]
[ 59697 68988 ] - [ 123368 ]
[ 59700 75332 ] - [ 117576 ]
[ 59710 59711 62020 ] - [ 123374 ]
[ 59723 81066 ] - [ 113140 ]
[ 59772 59817 ] - [ 100073 ]
[ 59772 59817 ] - [ 123384 ]
[ 59820 87829 ] - [ 95855 ]
[ 59820 87829 ] - [ 123399 123400 123401 ]
[ 59846 59847 ] - [ 101260 ]
[ 59846 59847 ] - [ 101335 ]
[ 59846 59847 ] - [ 123410 ]
[ 59858 60493 ] - [ 123414 ]
[ 59893 59902 ] - [ 102463 ]
[ 59893 59902 ] - [ 109843 ]
[ 59904 59910 60882 ] - [ 102463 ]
[ 59904 59910 60882 ] - [ 123437 ]
[ 59931 60011 ] - [ 98918 ]
[ 59935 80178 81761 ] - [ 116078 ]
[ 59939 60001 ] - [ 123460 ]
[ 60016 60020 ] - [ 90513 ]
[ 60016 60020 ] - [ 117258 ]
[ 60042 60063 ] - [ 102463 ]
[ 60045 60046 ] - [ 120595 ]
[ 60045 60046 ] - [ 123528 ]
[ 60079 60081 ] - [ 89527 ]
[ 60086 76128 ] - [ 119839 ]
[ 60101 80356 85588 ] - [ 98814 ]
[ 60105 73154 ] - [ 89527 ]
[ 60105 73154 ] - [ 99792 ]
[ 60105 73154 ] - [ 114974 ]
[ 60109 78736 ] - [ 103684 ]
[ 60109 78736 ] - [ 115961 ]
[ 60125 60152 61407 ] - [ 123564 ]
[ 60128 60138 60140 ] - [ 108268 ]
[ 60131 72614 ] - [ 98145 ]
[ 60131 72614 ] - [ 108055 ]
[ 60141 60144 ] - [ 98503 ]
[ 60141 60144 ] - [ 115883 ]
[ 60147 60148 ] - [ 99593 ]
[ 60147 60148 ] - [ 123565 ]
[ 60185 78529 ] - [ 111111 ]
[ 60185 78529 ] - [ 122620 ]
[ 60194 84628 ] - [ 97430 ]
[ 60223 65148 ] - [ 123606 ]
[ 60250 79836 ] - [ 102910 ]
[ 60251 88232 88338 ] - [ 122356 ]
[ 60253 78830 85780 ] - [ 97454 ]
[ 60253 78830 85780 ] - [ 123625 ]
[ 60267 60328 ] - [ 123636 ]
[ 60269 71434 ] - [ 96331 ]
[ 60269 71434 ] - [ 106077 ]
[ 60269 71434 ] - [ 123638 ]
[ 60281 77053 ] - [ 123642 123643 ]
[ 60295 87934 ] - [ 123651 ]
[ 60300 65956 ] - [ 111702 ]
[ 60300 65956 ] - [ 123654 ]
[ 60333 60362 ] - [ 123668 ]
[ 60334 61165 ] - [ 123361 ]
[ 60354 60684 ] - [ 114282 ]
[ 60354 60684 ] - [ 123678 ]
[ 60359 66857 ] - [ 123681 ]
[ 60359 66857 ] - [ 123682 ]
[ 60359 66857 ] - [ 123683 123684 123685 ]
[ 60397 88966 ] - [ 123701 ]
[ 60409 61315 61317 ] - [ 96946 ]
[ 60409 61315 61317 ] - [ 96947 ]
[ 60517 82135 ] - [ 123764 ]
[ 60528 66414 ] - [ 95525 ]
[ 60566 74374 ] - [ 123781 123782 ]
[ 60573 79145 89339 ] - [ 123785 ]
[ 60590 88401 ] - [ 102193 ]
[ 60590 88401 ] - [ 108878 ]
[ 60602 76016 76017 ] - [ 123801 ]
[ 60605 64464 65176 ] - [ 123802 ]
[ 60609 62104 ] - [ 90632 ]
[ 60609 62104 ] - [ 103434 ]
[ 60609 62104 ] - [ 123805 ]
[ 60611 60612 ] - [ 123806 ]
[ 60618 60910 ] - [ 108022 ]
[ 60638 75745 ] - [ 123829 123830 ]
[ 60642 88365 ] - [ 123832 ]
[ 60694 63154 63253 ] - [ 123865 ]
[ 60711 60990 61164 ] - [ 101529 ]
[ 60739 63720 ] - [ 89749 ]
[ 60739 63720 ] - [ 96797 ]
[ 60761 79874 ] - [ 123900 ]
[ 60765 63551 ] - [ 95815 ]
[ 60774 78577 ] - [ 97617 ]
[ 60774 78577 ] - [ 103684 ]
[ 60774 78577 ] - [ 115961 ]
[ 60779 69044 ] - [ 123903 ]
[ 60787 61640 ] - [ 108153 ]
[ 60787 61640 ] - [ 113281 ]
[ 60801 61506 ] - [ 123915 ]
[ 60803 72786 ] - [ 123917 ]
[ 60821 69932 ] - [ 123929 ]
[ 60823 64741 ] - [ 98201 ]
[ 60823 64741 ] - [ 99276 ]
[ 60842 79767 ] - [ 123940 ]
[ 60888 81851 ] - [ 104389 ]
[ 60889 63522 ] - [ 123982 ]
[ 60900 60901 ] - [ 123991 ]
[ 60920 67601 ] - [ 124001 ]
[ 60933 73067 ] - [ 95396 ]
[ 60933 73067 ] - [ 124009 ]
[ 60935 82050 ] - [ 116438 ]
[ 60939 61021 61217 ] - [ 124012 ]
[ 60956 62676 73308 ] - [ 124021 ]
[ 60962 67151 ] - [ 93396 ]
[ 60962 67151 ] - [ 94361 ]
[ 60991 69315 ] - [ 94778 ]
[ 60991 69315 ] - [ 112652 ]
[ 60995 61639 62544 ] - [ 114325 ]
[ 61010 88993 ] - [ 97786 ]
[ 61010 88993 ] - [ 124054 ]
[ 61012 61056 62688 ] - [ 124009 ]
[ 61031 61560 78424 ] - [ 90646 ]
[ 61035 61036 ] - [ 124062 ]
[ 61068 61795 62474 ] - [ 124085 ]
[ 61098 81459 ] - [ 124095 ]
[ 61142 78731 ] - [ 103520 ]
[ 61142 78731 ] - [ 115933 ]
[ 61142 78731 ] - [ 115934 115935 ]
[ 61147 70182 ] - [ 103265 ]
[ 61147 70182 ] - [ 107534 ]
[ 61159 62742 85995 ] - [ 124126 ]
[ 61163 76729 ] - [ 102096 ]
[ 61170 62732 ] - [ 94454 ]
[ 61170 62732 ] - [ 98135 ]
[ 61171 62171 ] - [ 103173 ]
[ 61175 79417 ] - [ 109879 ]
[ 61187 71187 82339 ] - [ 116474 ]
[ 61188 63039 ] - [ 104708 ]
[ 61191 75906 ] - [ 109547 ]
[ 61205 70055 ] - [ 98116 ]
[ 61225 89014 ] - [ 114460 ]
[ 61226 62915 ] - [ 121899 ]
[ 61235 84048 ] - [ 107447 ]
[ 61247 82092 82148 ] - [ 124177 ]
[ 61251 64312 75608 ] - [ 104448 ]
[ 61255 86428 ] - [ 102066 ]
[ 61260 81703 ] - [ 124182 ]
[ 61271 69047 ] - [ 124187 ]
[ 61283 70946 ] - [ 124194 ]
[ 61287 77736 ] - [ 124196 ]
[ 61289 78560 ] - [ 105650 ]
[ 61289 78560 ] - [ 124197 ]
[ 61295 61296 ] - [ 94885 ]
[ 61295 61296 ] - [ 112590 ]
[ 61324 82801 ] - [ 118236 ]
[ 61346 84343 ] - [ 124230 ]
[ 61364 75953 ] - [ 95805 ]
[ 61418 61420 ] - [ 124278 ]
[ 61430 86242 ] - [ 124286 ]
[ 61444 61445 84457 ] - [ 115848 ]
[ 61448 61455 61457 ] - [ 124291 ]
[ 61480 61518 ] - [ 97596 ]
[ 61524 65881 68690 ] - [ 124322 ]
[ 61540 71264 83946 ] - [ 124330 ]
[ 61545 79193 ] - [ 124332 ]
[ 61582 73479 ] - [ 124344 ]
[ 61602 73800 76759 ] - [ 89915 ]
[ 61602 73800 76759 ] - [ 124352 ]
[ 61642 61682 ] - [ 124258 ]
[ 61642 61682 ] - [ 124265 ]
[ 61656 68279 ] - [ 113635 ]
[ 61656 68279 ] - [ 115469 115470 ]
[ 61657 72491 ] - [ 92689 ]
[ 61669 75880 75905 ] - [ 123872 ]
[ 61676 65970 ] - [ 124390 ]
[ 61712 64758 72805 ] - [ 115872 ]
[ 61714 76977 ] - [ 124416 ]
[ 61739 61880 ] - [ 97382 ]
[ 61739 61880 ] - [ 124425 ]
[ 61739 61880 ] - [ 124426 ]
[ 61753 64652 ] - [ 124434 ]
[ 61791 61792 ] - [ 124457 ]
[ 61890 83875 84430 ] - [ 124511 ]
[ 61929 71692 ] - [ 102996 ]
[ 61929 71692 ] - [ 104334 ]
[ 61929 71692 ] - [ 104335 ]
[ 61999 63480 ] - [ 124574 ]
[ 62000 62863 ] - [ 104335 ]
[ 62000 62863 ] - [ 110639 ]
[ 62000 62863 ] - [ 124575 ]
[ 62005 62021 ] - [ 90362 ]
[ 62030 87834 ] - [ 124591 ]
[ 62038 67163 73258 ] - [ 124215 ]
[ 62049 79565 ] - [ 124600 ]
[ 62063 62123 ] - [ 89422 ]
[ 62063 62123 ] - [ 124602 ]
[ 62068 81101 ] - [ 99504 ]
[ 62068 81101 ] - [ 100273 ]
[ 62105 62106 ] - [ 119107 ]
[ 62105 62106 ] - [ 124614 ]
[ 62110 81304 ] - [ 94952 ]
[ 62110 81304 ] - [ 104168 ]
[ 62193 62234 ] - [ 124645 ]
[ 62218 81083 ] - [ 124045 ]
[ 62223 77708 ] - [ 109003 ]
[ 62277 79799 ] - [ 100704 ]
[ 62279 73065 73117 ] - [ 113182 ]
[ 62279 73065 73117 ] - [ 124009 ]
[ 62287 67387 ] - [ 95395 ]
[ 62287 67387 ] - [ 95396 ]
[ 62294 68904 73685 ] - [ 104054 ]
[ 62303 72778 75969 ] - [ 94444 ]
[ 62303 72778 75969 ] - [ 124696 124697 ]
[ 62312 85265 ] - [ 124706 ]
[ 62341 80652 ] - [ 93821 ]
[ 62344 62514 ] - [ 104721 ]
[ 62347 62668 63885 ] - [ 109064 ]
[ 62347 62668 63885 ] - [ 124716 ]
[ 62412 77687 ] - [ 124742 ]
[ 62434 63042 64411 ] - [ 117988 117989 ]
[ 62438 86860 ] - [ 124749 ]
[ 62464 72521 ] - [ 121179 ]
[ 62475 70974 ] - [ 124757 ]
[ 62477 63928 ] - [ 124760 ]
[ 62487 62488 62489 ] - [ 124764 ]
[ 62492 68417 ] - [ 90336 ]
[ 62530 72305 ] - [ 124778 ]
[ 62538 66057 ] - [ 124785 ]
[ 62555 66126 ] - [ 124801 ]
[ 62581 62631 ] - [ 106363 ]
[ 62616 75244 75252 ] - [ 124823 ]
[ 62637 66884 ] - [ 124039 ]
[ 62649 78017 ] - [ 95629 ]
[ 62653 63388 ] - [ 124844 ]
[ 62684 68399 ] - [ 124862 ]
[ 62704 63951 66981 ] - [ 112514 ]
[ 62733 73049 76381 ] - [ 110893 ]
[ 62740 75965 ] - [ 104642 ]
[ 62740 75965 ] - [ 108153 ]
[ 62763 87673 ] - [ 124899 ]
[ 62765 62960 ] - [ 107270 ]
[ 62765 62960 ] - [ 124901 ]
[ 62767 89055 ] - [ 105400 ]
[ 62814 80576 ] - [ 124919 ]
[ 62824 71151 ] - [ 124924 ]
[ 62854 88979 89106 ] - [ 124941 ]
[ 62858 74467 ] - [ 106826 ]
[ 62873 73753 ] - [ 94017 94018 ]
[ 62884 80825 ] - [ 124948 ]
[ 62888 70764 ] - [ 124951 ]
[ 62893 62894 ] - [ 124954 ]
[ 62899 70670 ] - [ 124957 ]
[ 62911 63015 ] - [ 124964 ]
[ 62933 67080 85747 ] - [ 93751 ]
[ 62952 72564 79604 ] - [ 101984 ]
[ 62959 86516 ] - [ 91041 ]
[ 62959 86516 ] - [ 93530 ]
[ 62959 86516 ] - [ 94761 ]
[ 62973 65895 66467 ] - [ 93285 ]
[ 62973 65895 66467 ] - [ 119449 ]
[ 62978 62979 ] - [ 106053 106115 ]
[ 62983 65619 ] - [ 124990 ]
[ 62994 63366 63912 ] - [ 125001 ]
[ 63008 63140 ] - [ 93513 ]
[ 63008 63140 ] - [ 98762 ]
[ 63008 63140 ] - [ 113319 ]
[ 63008 63140 ] - [ 113320 ]
[ 63028 81080 ] - [ 96967 ]
[ 63052 67664 ] - [ 91906 ]
[ 63054 70987 ] - [ 102717 ]
[ 63062 80382 80389 ] - [ 99892 ]
[ 63062 80382 80389 ] - [ 119467 ]
[ 63073 67708 80115 ] - [ 98397 ]
[ 63084 63498 ] - [ 89680 ]
[ 63084 63498 ] - [ 90820 ]
[ 63084 63498 ] - [ 95111 ]
[ 63097 80731 ] - [ 125041 125042 ]
[ 63098 63650 76987 ] - [ 125043 ]
[ 63112 63122 ] - [ 99598 ]
[ 63112 63122 ] - [ 125050 ]
[ 63131 79971 ] - [ 125059 ]
[ 63157 81260 ] - [ 109515 ]
[ 63160 67224 85071 ] - [ 125077 ]
[ 63178 66291 ] - [ 92205 ]
[ 63195 71396 72776 ] - [ 108546 ]
[ 63196 83036 ] - [ 103520 ]
[ 63202 75271 ] - [ 123143 ]
[ 63214 63226 63228 ] - [ 105408 ]
[ 63214 63226 63228 ] - [ 117318 ]
[ 63222 84784 ] - [ 125098 ]
[ 63231 68267 ] - [ 90316 ]
[ 63264 63274 63275 ] - [ 125120 ]
[ 63269 63271 63279 ] - [ 118922 ]
[ 63280 63526 63540 ] - [ 125069 ]
[ 63289 63290 ] - [ 97528 ]
[ 63289 63290 ] - [ 99266 ]
[ 63298 65915 ] - [ 125129 ]
[ 63356 63538 ] - [ 119131 ]
[ 63356 63538 ] - [ 119132 ]
[ 63356 63538 ] - [ 123288 ]
[ 63356 63538 ] - [ 123289 ]
[ 63357 63360 ] - [ 125157 ]
[ 63369 66660 83291 ] - [ 125161 ]
[ 63401 66158 ] - [ 95280 ]
[ 63401 66158 ] - [ 121743 ]
[ 63406 75531 88431 ] - [ 125173 ]
[ 63424 81835 ] - [ 91696 ]
[ 63427 70464 ] - [ 102809 ]
[ 63434 83325 ] - [ 91492 ]
[ 63447 68289 ] - [ 103258 ]
[ 63468 76780 ] - [ 90450 ]
[ 63468 76780 ] - [ 113874 ]
[ 63503 63504 ] - [ 125213 ]
[ 63508 84399 ] - [ 103163 ]
[ 63508 84399 ] - [ 125215 ]
[ 63545 63547 ] - [ 125228 ]
[ 63601 66127 ] - [ 90376 ]
[ 63601 66127 ] - [ 114057 ]
[ 63640 80670 ] - [ 98284 ]
[ 63655 64057 ] - [ 98886 98887 ]
[ 63655 64057 ] - [ 98888 ]
[ 63665 74664 ] - [ 124395 ]
[ 63666 65053 ] - [ 107923 ]
[ 63666 65053 ] - [ 125281 ]
[ 63673 81983 ] - [ 125283 ]
[ 63684 63705 ] - [ 95852 ]
[ 63684 63705 ] - [ 99765 ]
[ 63688 63689 ] - [ 125292 ]
[ 63718 67125 ] - [ 96797 ]
[ 63718 67125 ] - [ 97444 ]
[ 63718 67125 ] - [ 120246 ]
[ 63723 87946 ] - [ 125302 ]
[ 63731 63733 ] - [ 123612 ]
[ 63741 77822 ] - [ 113711 ]
[ 63788 84394 ] - [ 93350 ]
[ 63795 85895 ] - [ 112803 ]
[ 63802 63821 ] - [ 103233 ]
[ 63802 63821 ] - [ 125338 ]
[ 63815 63816 ] - [ 96668 ]
[ 63815 63816 ] - [ 98150 ]
[ 63826 72710 ] - [ 125349 ]
[ 63832 82114 ] - [ 125352 ]
[ 63846 84984 ] - [ 125361 ]
[ 63873 87513 ] - [ 115413 ]
[ 63880 73201 ] - [ 111986 ]
[ 63892 68725 ] - [ 106532 ]
[ 63892 68725 ] - [ 117945 ]
[ 63892 68725 ] - [ 123906 ]
[ 63905 80523 ] - [ 125387 ]
[ 63917 84074 ] - [ 125391 ]
[ 63924 64608 64725 ] - [ 125394 ]
[ 63959 65213 ] - [ 98564 ]
[ 63963 63965 ] - [ 100869 ]
[ 63963 63965 ] - [ 125416 ]
[ 63967 64038 ] - [ 125417 ]
[ 63979 73742 ] - [ 125426 ]
[ 63979 73742 ] - [ 125427 ]
[ 63989 65686 68154 ] - [ 125435 ]
[ 63995 88829 ] - [ 125439 ]
[ 63997 64063 ] - [ 95882 95883 ]
[ 64017 68277 ] - [ 108582 ]
[ 64025 70472 74556 ] - [ 125453 ]
[ 64033 65937 67725 ] - [ 90597 ]
[ 64044 85583 ] - [ 125244 ]
[ 64059 64857 75749 ] - [ 125465 ]
[ 64112 64150 ] - [ 125495 ]
[ 64149 66432 ] - [ 125500 ]
[ 64165 64166 64167 ] - [ 93163 ]
[ 64165 64166 64167 ] - [ 110091 ]
[ 64181 64406 ] - [ 125514 ]
[ 64221 64244 ] - [ 101187 ]
[ 64221 64244 ] - [ 101188 ]
[ 64221 64244 ] - [ 102680 ]
[ 64239 64252 64277 ] - [ 91491 ]
[ 64239 64252 64277 ] - [ 98823 ]
[ 64253 82509 ] - [ 101220 ]
[ 64253 82509 ] - [ 101221 ]
[ 64253 82509 ] - [ 113315 ]
[ 64261 66245 ] - [ 125542 ]
[ 64271 64844 ] - [ 91903 ]
[ 64271 64844 ] - [ 100396 ]
[ 64273 68270 ] - [ 125545 ]
[ 64303 64379 75379 ] - [ 125559 ]
[ 64314 64525 64526 ] - [ 94146 ]
[ 64317 79515 ] - [ 125564 ]
[ 64329 75404 75573 ] - [ 101187 ]
[ 64330 70151 75484 ] - [ 125566 ]
[ 64393 65229 ] - [ 117988 117989 ]
[ 64393 65229 ] - [ 125514 ]
[ 64394 85131 ] - [ 125588 125589 ]
[ 64434 82033 ] - [ 89529 ]
[ 64434 82033 ] - [ 93326 ]
[ 64479 87622 ] - [ 125611 ]
[ 64482 64587 ] - [ 125613 ]
[ 64489 73452 76618 ] - [ 89450 ]
[ 64489 73452 76618 ] - [ 125616 ]
[ 64491 68253 ] - [ 122842 ]
[ 64496 71294 75385 ] - [ 125619 ]
[ 64515 65119 ] - [ 125632 ]
[ 64541 64542 ] - [ 95280 ]
[ 64541 64542 ] - [ 120219 ]
[ 64548 89274 ] - [ 114356 ]
[ 64576 75359 75741 ] - [ 125654 ]
[ 64577 64812 ] - [ 98688 ]
[ 64577 64812 ] - [ 118701 ]
[ 64580 74255 ] - [ 121925 ]
[ 64580 74255 ] - [ 123258 ]
[ 64588 71364 74394 ] - [ 125658 ]
[ 64590 80783 87846 ] - [ 125659 125660 ]
[ 64614 73266 ] - [ 95463 ]
[ 64642 75419 ] - [ 112785 ]
[ 64642 75419 ] - [ 121925 ]
[ 64653 65547 ] - [ 125690 ]
[ 64681 81391 86878 ] - [ 111379 ]
[ 64682 65090 73424 ] - [ 96890 ]
[ 64682 65090 73424 ] - [ 115740 ]
[ 64684 80263 ] - [ 101359 ]
[ 64684 80263 ] - [ 120705 ]
[ 64711 70983 71605 ] - [ 106095 ]
[ 64711 70983 71605 ] - [ 121925 ]
[ 64719 69947 ] - [ 125718 ]
[ 64722 75320 ] - [ 106425 ]
[ 64722 75320 ] - [ 125719 ]
[ 64736 74261 ] - [ 123258 ]
[ 64782 64948 ] - [ 125741 ]
[ 64859 64860 ] - [ 119765 ]
[ 64863 82088 88479 ] - [ 109417 ]
[ 64868 72986 72987 ] - [ 104565 ]
[ 64868 72986 72987 ] - [ 120252 ]
[ 64883 65191 69019 ] - [ 120432 ]
[ 64885 72882 ] - [ 125782 ]
[ 64901 69777 73761 ] - [ 114981 ]
[ 64903 72914 80571 ] - [ 113311 ]
[ 64957 71958 83913 ] - [ 125811 ]
[ 64962 66484 ] - [ 125814 ]
[ 64987 64989 ] - [ 125825 ]
[ 64993 65013 ] - [ 125827 ]
[ 65009 65010 ] - [ 125831 ]
[ 65043 69309 ] - [ 100754 ]
[ 65060 67218 67219 ] - [ 125855 ]
[ 65070 65071 65072 ] - [ 90932 ]
[ 65070 65071 65072 ] - [ 125860 ]
[ 65083 86420 ] - [ 125864 ]
[ 65094 73629 89065 ] - [ 116761 ]
[ 65112 70443 ] - [ 125880 ]
[ 65115 73893 ] - [ 99620 ]
[ 65120 69545 ] - [ 92148 ]
[ 65122 85801 89169 ] - [ 120041 ]
[ 65128 74742 ] - [ 113843 ]
[ 65128 74742 ] - [ 115840 ]
[ 65135 65136 ] - [ 125884 ]
[ 65203 65212 ] - [ 98564 ]
[ 65203 65212 ] - [ 102332 ]
[ 65203 65212 ] - [ 107657 ]
[ 65203 65212 ] - [ 125906 125907 ]
[ 65242 65285 ] - [ 125919 ]
[ 65247 65502 65751 ] - [ 125923 ]
[ 65259 68599 ] - [ 114106 114107 ]
[ 65274 69571 80409 ] - [ 125928 ]
[ 65356 80152 ] - [ 125952 ]
[ 65384 80634 ] - [ 125957 ]
[ 65390 71129 ] - [ 96864 ]
[ 65390 71129 ] - [ 104402 ]
[ 65402 81119 ] - [ 103294 ]
[ 65402 81119 ] - [ 105493 ]
[ 65423 83578 ] - [ 106499 ]
[ 65423 83578 ] - [ 122178 ]
[ 65462 70098 ] - [ 97469 ]
[ 65462 70098 ] - [ 103251 ]
[ 65463 65535 ] - [ 102937 ]
[ 65463 65535 ] - [ 114315 ]
[ 65500 68232 ] - [ 100839 100840 ]
[ 65512 71446 ] - [ 92148 ]
[ 65512 71446 ] - [ 113586 ]
[ 65517 70845 ] - [ 101841 ]
[ 65517 70845 ] - [ 105262 ]
[ 65537 73169 ] - [ 94228 ]
[ 65537 73169 ] - [ 126017 ]
[ 65541 71851 ] - [ 93130 ]
[ 65541 71851 ] - [ 95857 ]
[ 65546 85541 86884 ] - [ 107950 ]
[ 65546 85541 86884 ] - [ 123365 ]
[ 65581 65621 ] - [ 96606 ]
[ 65591 85343 ] - [ 92517 ]
[ 65641 83511 ] - [ 107176 ]
[ 65641 83511 ] - [ 107615 ]
[ 65664 78465 ] - [ 89941 ]
[ 65664 78465 ] - [ 95396 ]
[ 65671 65699 ] - [ 126062 ]
[ 65681 87791 ] - [ 115075 ]
[ 65684 65737 ] - [ 126067 ]
[ 65700 67839 79710 ] - [ 124116 ]
[ 65700 67839 79710 ] - [ 126073 ]
[ 65742 80306 ] - [ 113281 ]
[ 65786 70342 70366 ] - [ 126099 ]
[ 65835 65867 67799 ] - [ 126122 ]
[ 65870 72585 ] - [ 126138 ]
[ 65885 87482 ] - [ 126097 ]
[ 65904 71466 ] - [ 116186 ]
[ 65906 65964 65965 ] - [ 126161 ]
[ 65924 74365 ] - [ 114688 ]
[ 65936 67221 ] - [ 113952 ]
[ 65955 70015 ] - [ 116242 ]
[ 65959 77766 ] - [ 126190 126191 ]
[ 65973 68575 ] - [ 126197 ]
[ 65982 79734 ] - [ 126202 126203 ]
[ 65984 66316 ] - [ 126205 ]
[ 65993 87713 ] - [ 105094 ]
[ 66037 83479 ] - [ 94887 ]
[ 66054 79103 ] - [ 126231 ]
[ 66064 77748 ] - [ 126237 ]
[ 66074 86091 ] - [ 102957 ]
[ 66107 71913 ] - [ 126258 ]
[ 66134 86791 ] - [ 126271 ]
[ 66140 66199 ] - [ 99142 ]
[ 66140 66199 ] - [ 104384 ]
[ 66184 68552 ] - [ 126292 ]
[ 66185 67758 81206 ] - [ 115250 ]
[ 66196 69956 85116 ] - [ 125925 ]
[ 66236 85038 ] - [ 126334 ]
[ 66237 66239 76487 ] - [ 95280 ]
[ 66295 66308 66385 ] - [ 99142 ]
[ 66295 66308 66385 ] - [ 104384 ]
[ 66295 66308 66385 ] - [ 109083 ]
[ 66362 73347 ] - [ 126392 ]
[ 66366 70767 ] - [ 126394 ]
[ 66368 80097 82529 ] - [ 126396 ]
[ 66393 87415 ] - [ 126405 ]
[ 66394 80082 ] - [ 126406 ]
[ 66410 69255 ] - [ 96560 ]
[ 66410 69255 ] - [ 126414 ]
[ 66411 88510 ] - [ 126166 ]
[ 66425 67064 ] - [ 126421 ]
[ 66434 72959 74587 ] - [ 120221 ]
[ 66451 68456 ] - [ 99999 ]
[ 66453 70334 ] - [ 101224 101225 ]
[ 66453 70334 ] - [ 126436 ]
[ 66454 67914 ] - [ 102214 ]
[ 66454 67914 ] - [ 121196 ]
[ 66463 66464 84296 ] - [ 92185 ]
[ 66463 66464 84296 ] - [ 96093 ]
[ 66475 88563 ] - [ 90539 ]
[ 66475 88563 ] - [ 126048 ]
[ 66509 75914 ] - [ 112906 ]
[ 66509 75914 ] - [ 113015 ]
[ 66531 67177 70201 ] - [ 94321 ]
[ 66531 67177 70201 ] - [ 99932 ]
[ 66547 66588 ] - [ 109083 ]
[ 66547 66588 ] - [ 126492 ]
[ 66560 68583 74977 ] - [ 93666 ]
[ 66560 68583 74977 ] - [ 100838 ]
[ 66572 68206 ] - [ 126507 ]
[ 66605 79914 ] - [ 126531 ]
[ 66649 82938 ] - [ 125603 ]
[ 66680 66694 ] - [ 126570 ]
[ 66690 66733 ] - [ 126492 ]
[ 66697 67134 ] - [ 105622 ]
[ 66702 68458 75069 ] - [ 116595 ]
[ 66710 75861 ] - [ 126593 ]
[ 66744 73279 ] - [ 102770 ]
[ 66744 73279 ] - [ 109789 ]
[ 66763 70994 88928 ] - [ 112860 ]
[ 66772 67481 ] - [ 103438 ]
[ 66772 67481 ] - [ 126630 ]
[ 66775 86408 ] - [ 108395 ]
[ 66776 68446 ] - [ 126632 ]
[ 66783 66803 ] - [ 126636 126638 ]
[ 66783 66803 ] - [ 126637 ]
[ 66845 80167 ] - [ 113470 ]
[ 66854 66855 69483 ] - [ 117296 ]
[ 66856 69056 ] - [ 117551 ]
[ 66865 71703 ] - [ 126691 126692 ]
[ 66874 86653 ] - [ 126695 ]
[ 66938 77604 82213 ] - [ 126721 ]
[ 66955 81299 ] - [ 96314 ]
[ 66989 73284 ] - [ 126741 ]
[ 66996 86694 ] - [ 93513 ]
[ 66996 86694 ] - [ 113231 ]
[ 66996 86694 ] - [ 126744 ]
[ 67004 ] - [ 108204 ]
[ 67017 81534 ] - [ 95540 ]
[ 67017 81534 ] - [ 126749 ]
[ 67029 75124 ] - [ 121567 ]
[ 67029 75124 ] - [ 122828 ]
[ 67041 70173 ] - [ 126764 ]
[ 67118 67119 ] - [ 106501 ]
[ 67118 67119 ] - [ 118028 ]
[ 67172 77873 ] - [ 97159 ]
[ 67172 77873 ] - [ 126823 ]
[ 67196 86306 ] - [ 122965 ]
[ 67256 69768 ] - [ 126857 ]
[ 67285 77008 ] - [ 126872 ]
[ 67291 77011 ] - [ 126875 ]
[ 67320 70969 ] - [ 123135 ]
[ 67328 68108 ] - [ 126904 ]
[ 67331 67332 ] - [ 126905 126906 ]
[ 67345 89043 ] - [ 126913 ]
[ 67364 75251 ] - [ 126930 ]
[ 67392 67612 ] - [ 126948 126949 ]
[ 67396 80760 ] - [ 126950 ]
[ 67414 68619 83382 ] - [ 126956 ]
[ 67452 77869 ] - [ 126540 ]
[ 67466 68094 82265 ] - [ 126975 ]
[ 67509 82693 ] - [ 109432 ]
[ 67509 82693 ] - [ 118200 ]
[ 67522 68453 ] - [ 101208 ]
[ 67522 68453 ] - [ 126998 ]
[ 67526 83892 86838 ] - [ 107439 ]
[ 67526 83892 86838 ] - [ 126999 ]
[ 67526 83892 86838 ] - [ 127000 127001 ]
[ 67556 75199 ] - [ 127012 ]
[ 67587 82990 82992 ] - [ 113944 ]
[ 67596 87649 ] - [ 115472 ]
[ 67596 87649 ] - [ 119058 ]
[ 67607 80257 ] - [ 91846 ]
[ 67607 80257 ] - [ 91847 ]
[ 67607 80257 ] - [ 92186 ]
[ 67629 77789 ] - [ 127041 ]
[ 67649 73032 ] - [ 112007 ]
[ 67665 69806 ] - [ 127060 ]
[ 67670 86881 ] - [ 126023 ]
[ 67710 84668 85201 ] - [ 126157 ]
[ 67721 78363 ] - [ 94733 ]
[ 67722 79457 81883 ] - [ 114790 ]
[ 67729 67731 ] - [ 127077 ]
[ 67752 72489 ] - [ 102690 ]
[ 67752 72489 ] - [ 107654 ]
[ 67792 70701 73689 ] - [ 99576 ]
[ 67792 70701 73689 ] - [ 109144 ]
[ 67807 89078 ] - [ 127095 ]
[ 67823 69273 ] - [ 100587 ]
[ 67823 69273 ] - [ 119045 ]
[ 67825 68465 ] - [ 94720 ]
[ 67827 71159 ] - [ 127104 ]
[ 67842 69034 ] - [ 127111 ]
[ 67871 67880 67882 ] - [ 127114 ]
[ 67876 82099 83082 ] - [ 119496 ]
[ 67901 78066 ] - [ 100779 ]
[ 67901 78066 ] - [ 117815 ]
[ 67906 74058 82240 ] - [ 114085 ]
[ 67920 68098 ] - [ 127137 127138 ]
[ 67993 68834 ] - [ 105448 ]
[ 67993 68834 ] - [ 127175 127176 ]
[ 68002 72404 ] - [ 127178 ]
[ 68003 80732 ] - [ 125041 125042 ]
[ 68003 80732 ] - [ 127179 127180 ]
[ 68026 68138 ] - [ 127196 ]
[ 68054 76492 ] - [ 127214 ]
[ 68059 80166 82987 ] - [ 127217 ]
[ 68068 69707 ] - [ 95149 ]
[ 68068 69707 ] - [ 95150 ]
[ 68068 ] - [ 95559 ]
[ 68068 69707 ] - [ 117367 ]
[ 68068 69707 ] - [ 127220 ]
[ 68096 78060 87753 ] - [ 127229 ]
[ 68099 85311 88633 ] - [ 117929 ]
[ 68113 76677 83510 ] - [ 127234 ]
[ 68142 77380 ] - [ 102661 ]
[ 68148 78120 ] - [ 127244 ]
[ 68153 68351 ] - [ 106465 ]
[ 68153 68351 ] - [ 127246 ]
[ 68203 68244 68246 ] - [ 127262 ]
[ 68229 71800 ] - [ 118950 ]
[ 68311 86729 ] - [ 106170 ]
[ 68311 86729 ] - [ 113507 ]
[ 68312 80613 ] - [ 97810 ]
[ 68312 80613 ] - [ 114314 ]
[ 68368 69837 72553 ] - [ 127338 ]
[ 68372 74144 ] - [ 117909 ]
[ 68411 81478 ] - [ 127354 ]
[ 68428 83674 ] - [ 127362 ]
[ 68448 73018 ] - [ 127371 ]
[ 68512 69536 ] - [ 127396 ]
[ 68522 75944 75958 ] - [ 110866 ]
[ 68532 77010 ] - [ 127408 ]
[ 68533 68534 ] - [ 127400 ]
[ 68533 68534 ] - [ 127409 ]
[ 68589 68592 77021 ] - [ 117635 ]
[ 68607 68792 ] - [ 127438 ]
[ 68661 74279 ] - [ 126815 ]
[ 68661 74279 ] - [ 127467 ]
[ 68662 73878 ] - [ 103107 ]
[ 68668 83451 83952 ] - [ 127469 ]
[ 68671 70635 ] - [ 113547 ]
[ 68699 85858 ] - [ 122811 ]
[ 68709 68711 68837 ] - [ 127482 ]
[ 68722 73900 76176 ] - [ 107795 ]
[ 68722 73900 76176 ] - [ 127487 ]
[ 68727 85999 87222 ] - [ 93714 ]
[ 68727 85999 87222 ] - [ 97838 ]
[ 68730 68733 77338 ] - [ 127491 ]
[ 68771 80090 ] - [ 91053 ]
[ 68775 77402 ] - [ 127510 ]
[ 68793 71900 ] - [ 127519 ]
[ 68805 69246 ] - [ 127521 ]
[ 68830 81361 ] - [ 127529 ]
[ 68842 86093 ] - [ 108546 ]
[ 68842 86093 ] - [ 118458 ]
[ 68844 76456 82467 ] - [ 127532 ]
[ 68880 76389 ] - [ 127541 ]
[ 68895 84867 ] - [ 92232 ]
[ 68895 84867 ] - [ 112309 ]
[ 68925 68962 ] - [ 127558 ]
[ 68931 88537 ] - [ 127563 ]
[ 68959 73939 ] - [ 116717 ]
[ 69012 80209 ] - [ 95150 ]
[ 69012 80209 ] - [ 101221 ]
[ 69024 86180 ] - [ 127597 ]
[ 69049 75736 76794 ] - [ 92493 ]
[ 69049 75736 76794 ] - [ 92494 ]
[ 69049 75736 76794 ] - [ 127610 ]
[ 69087 87272 ] - [ 127617 ]
[ 69107 80723 ] - [ 127623 ]
[ 69118 69119 ] - [ 127628 ]
[ 69137 72901 ] - [ 106423 ]
[ 69137 72901 ] - [ 106424 ]
[ 69144 75561 ] - [ 127633 127634 ]
[ 69146 78853 ] - [ 127636 ]
[ 69155 69156 ] - [ 92186 ]
[ 69155 69156 ] - [ 102869 ]
[ 69170 72868 ] - [ 113398 ]
[ 69222 69495 70305 ] - [ 120611 ]
[ 69228 75875 ] - [ 124391 ]
[ 69235 88773 ] - [ 127698 ]
[ 69259 75051 ] - [ 127706 ]
[ 69266 75092 ] - [ 127710 ]
[ 69324 74397 77281 ] - [ 114098 ]
[ 69347 74513 ] - [ 103731 ]
[ 69347 74513 ] - [ 127767 ]
[ 69356 74082 ] - [ 127769 ]
[ 69363 88607 ] - [ 127772 ]
[ 69379 69390 ] - [ 127777 ]
[ 69402 79919 ] - [ 103368 ]
[ 69411 84200 ] - [ 127795 ]
[ 69414 78594 87206 ] - [ 101465 ]
[ 69431 81163 ] - [ 97933 ]
[ 69433 73847 ] - [ 96788 ]
[ 69433 73847 ] - [ 97614 ]
[ 69433 73847 ] - [ 97615 ]
[ 69433 73847 ] - [ 97616 ]
[ 69453 80416 ] - [ 127811 ]
[ 69456 69608 ] - [ 94186 ]
[ 69456 69608 ] - [ 107412 ]
[ 69509 69550 69572 ] - [ 127844 ]
[ 69517 77660 ] - [ 94041 ]
[ 69517 77660 ] - [ 109088 ]
[ 69527 77172 ] - [ 113142 ]
[ 69549 82681 ] - [ 122592 ]
[ 69556 74784 ] - [ 99632 ]
[ 69556 74784 ] - [ 107379 ]
[ 69578 69707 ] - [ 95149 ]
[ 69578 69707 ] - [ 95150 ]
[ 69578 69707 ] - [ 117367 ]
[ 69578 ] - [ 119876 ]
[ 69578 69707 ] - [ 127220 ]
[ 69604 71643 ] - [ 93653 ]
[ 69604 71643 ] - [ 127876 ]
[ 69628 84149 88532 ] - [ 127883 ]
[ 69640 89310 ] - [ 127894 ]
[ 69641 74354 ] - [ 127888 ]
[ 69641 74354 ] - [ 127895 ]
[ 69670 69671 69672 ] - [ 127930 127931 ]
[ 69680 69687 ] - [ 92600 ]
[ 69680 69687 ] - [ 127939 ]
[ 69698 81192 ] - [ 112116 ]
[ 69707 83848 ] - [ 95149 ]
[ 69707 83848 ] - [ 95150 ]
[ 69707 83848 ] - [ 117367 ]
[ 69707 83848 ] - [ 127220 ]
[ 69710 80534 ] - [ 127958 ]
[ 69731 77665 ] - [ 101413 ]
[ 69731 77665 ] - [ 107343 ]
[ 69740 80261 86307 ] - [ 95697 ]
[ 69740 80261 86307 ] - [ 108546 ]
[ 69740 80261 86307 ] - [ 115121 ]
[ 69747 76531 ] - [ 97378 ]
[ 69747 76531 ] - [ 110317 110318 ]
[ 69751 84730 84862 ] - [ 117445 117446 ]
[ 69764 74961 ] - [ 127982 ]
[ 69804 76523 77888 ] - [ 128005 128006 ]
[ 69815 69845 ] - [ 128012 ]
[ 69826 74537 ] - [ 116207 ]
[ 69854 88696 ] - [ 128029 ]
[ 69884 70814 ] - [ 89480 ]
[ 69884 70814 ] - [ 90364 ]
[ 69906 69908 69910 ] - [ 128046 ]
[ 69922 83513 ] - [ 118944 ]
[ 69922 83513 ] - [ 119083 ]
[ 69922 83513 ] - [ 128053 ]
[ 69924 85431 ] - [ 90855 ]
[ 69924 85431 ] - [ 90856 ]
[ 69924 85431 ] - [ 128054 ]
[ 69986 82552 ] - [ 106425 ]
[ 69986 82552 ] - [ 114025 ]
[ 69987 72674 ] - [ 128073 ]
[ 69994 85471 ] - [ 128074 ]
[ 70001 74470 ] - [ 128080 ]
[ 70024 85371 ] - [ 113875 ]
[ 70025 73999 ] - [ 104158 ]
[ 70025 73999 ] - [ 104159 ]
[ 70025 73999 ] - [ 128090 ]
[ 70025 73999 ] - [ 128091 ]
[ 70033 70035 80162 ] - [ 125319 ]
[ 70033 70035 80162 ] - [ 125320 ]
[ 70037 73774 ] - [ 107250 ]
[ 70037 73774 ] - [ 128098 ]
[ 70048 86290 ] - [ 128105 128106 ]
[ 70050 84307 ] - [ 95690 ]
[ 70050 84307 ] - [ 98588 ]
[ 70061 70894 ] - [ 102200 ]
[ 70061 70894 ] - [ 128112 ]
[ 70074 70080 79422 ] - [ 128120 ]
[ 70082 77946 ] - [ 128122 ]
[ 70089 70188 ] - [ 128124 ]
[ 70092 70096 ] - [ 128125 ]
[ 70092 70096 ] - [ 128126 ]
[ 70099 73319 ] - [ 128131 ]
[ 70131 84119 84130 ] - [ 95261 ]
[ 70131 84119 84130 ] - [ 104970 ]
[ 70131 84119 84130 ] - [ 120061 ]
[ 70177 81582 ] - [ 89755 ]
[ 70177 81582 ] - [ 91153 ]
[ 70197 75326 ] - [ 117128 ]
[ 70197 75326 ] - [ 126821 ]
[ 70211 70274 ] - [ 128174 ]
[ 70225 87704 88310 ] - [ 128187 ]
[ 70279 85800 ] - [ 123681 ]
[ 70344 76852 ] - [ 105471 ]
[ 70358 85272 ] - [ 128275 ]
[ 70374 71880 ] - [ 90018 ]
[ 70374 71880 ] - [ 94101 ]
[ 70374 71880 ] - [ 115816 ]
[ 70388 81795 83019 ] - [ 90348 ]
[ 70397 82261 86450 ] - [ 128293 ]
[ 70408 77936 ] - [ 101157 ]
[ 70408 77936 ] - [ 106499 ]
[ 70412 73158 ] - [ 106694 ]
[ 70437 70453 80695 ] - [ 95308 ]
[ 70450 78930 ] - [ 110628 ]
[ 70450 78930 ] - [ 115876 ]
[ 70488 72588 ] - [ 111228 ]
[ 70488 72588 ] - [ 125301 ]
[ 70540 75768 ] - [ 125716 ]
[ 70572 70574 ] - [ 97689 ]
[ 70572 70574 ] - [ 128377 ]
[ 70582 70603 ] - [ 128381 ]
[ 70609 71160 77995 ] - [ 128406 ]
[ 70619 88775 ] - [ 112742 ]
[ 70644 70645 ] - [ 128416 ]
[ 70658 70659 ] - [ 101906 ]
[ 70658 70659 ] - [ 105309 ]
[ 70660 73223 ] - [ 106468 ]
[ 70660 73223 ] - [ 128419 ]
[ 70665 72972 ] - [ 128423 ]
[ 70681 74583 86474 ] - [ 128433 ]
[ 70683 72966 ] - [ 99754 ]
[ 70697 72475 ] - [ 99753 ]
[ 70697 72475 ] - [ 128442 ]
[ 70704 70895 84064 ] - [ 128445 ]
[ 70718 79449 84671 ] - [ 128449 ]
[ 70746 74989 ] - [ 114013 ]
[ 70746 74989 ] - [ 115872 ]
[ 70762 78310 78311 ] - [ 128459 ]
[ 70786 79185 ] - [ 104970 ]
[ 70786 79185 ] - [ 120061 ]
[ 70795 72898 75088 ] - [ 93830 ]
[ 70813 70830 ] - [ 112832 ]
[ 70813 70830 ] - [ 127763 ]
[ 70832 70836 ] - [ 128493 ]
[ 70840 71468 ] - [ 128496 ]
[ 70841 77180 78144 ] - [ 101841 ]
[ 70898 82362 ] - [ 128522 ]
[ 70901 79284 ] - [ 113032 ]
[ 70904 77064 85160 ] - [ 124696 124697 ]
[ 70905 71035 ] - [ 128524 ]
[ 70911 71340 ] - [ 115548 ]
[ 70911 71340 ] - [ 121481 ]
[ 70932 70935 ] - [ 121345 ]
[ 70939 80325 ] - [ 123256 ]
[ 70984 73943 ] - [ 128553 ]
[ 70997 79192 ] - [ 128557 ]
[ 71008 77264 ] - [ 108422 ]
[ 71022 71023 72642 ] - [ 101467 ]
[ 71022 71023 72642 ] - [ 101468 ]
[ 71022 71023 72642 ] - [ 105413 ]
[ 71029 84903 ] - [ 115146 ]
[ 71055 71929 72592 ] - [ 119050 ]
[ 71074 72479 ] - [ 112665 ]
[ 71074 72479 ] - [ 113020 ]
[ 71083 82330 ] - [ 128593 ]
[ 71102 80868 ] - [ 106924 ]
[ 71115 75665 ] - [ 111065 ]
[ 71176 82640 83232 ] - [ 128640 ]
[ 71186 87618 ] - [ 110525 ]
[ 71192 77845 77910 ] - [ 99875 ]
[ 71196 71197 ] - [ 105324 ]
[ 71196 71197 ] - [ 128648 ]
[ 71214 71224 ] - [ 97442 ]
[ 71214 71224 ] - [ 125087 ]
[ 71236 71237 ] - [ 115131 ]
[ 71247 84262 ] - [ 128668 ]
[ 71279 71280 ] - [ 128680 ]
[ 71284 75304 81825 ] - [ 94946 ]
[ 71293 76124 ] - [ 101190 ]
[ 71312 71318 ] - [ 128689 ]
[ 71315 75911 ] - [ 128690 ]
[ 71327 82678 ] - [ 128692 ]
[ 71354 71356 76751 ] - [ 100608 ]
[ 71354 71356 76751 ] - [ 128700 ]
[ 71369 71957 76720 ] - [ 128704 128705 ]
[ 71381 75509 78622 ] - [ 121109 ]
[ 71420 76385 ] - [ 128721 ]
[ 71433 73006 87289 ] - [ 128706 ]
[ 71437 81843 ] - [ 126073 ]
[ 71443 78886 79621 ] - [ 128728 ]
[ 71464 71465 72709 ] - [ 128732 ]
[ 71474 77087 ] - [ 128735 ]
[ 71480 82314 ] - [ 128737 ]
[ 71505 88670 ] - [ 118871 ]
[ 71505 88670 ] - [ 128749 ]
[ 71581 71582 ] - [ 128795 ]
[ 71608 81694 ] - [ 106708 ]
[ 71632 82641 ] - [ 128811 ]
[ 71641 72234 ] - [ 128816 ]
[ 71680 86880 ] - [ 114804 ]
[ 71680 86880 ] - [ 118187 ]
[ 71681 77070 77072 ] - [ 105809 ]
[ 71704 73267 ] - [ 128841 ]
[ 71718 79010 ] - [ 91482 ]
[ 71718 79010 ] - [ 128847 ]
[ 71761 71765 88251 ] - [ 128862 ]
[ 71785 73023 ] - [ 128872 ]
[ 71835 85595 ] - [ 89771 ]
[ 71855 88700 ] - [ 128904 ]
[ 71860 81127 ] - [ 111602 ]
[ 71860 81127 ] - [ 128810 ]
[ 71875 82003 ] - [ 106463 ]
[ 71875 82003 ] - [ 128913 ]
[ 71883 72240 ] - [ 90018 ]
[ 71883 72240 ] - [ 115816 ]
[ 72000 79502 ] - [ 128969 ]
[ 72006 73744 ] - [ 97510 ]
[ 72006 73744 ] - [ 125490 ]
[ 72111 74892 ] - [ 100239 ]
[ 72111 74892 ] - [ 116940 ]
[ 72151 81915 ] - [ 103375 ]
[ 72151 81915 ] - [ 129010 ]
[ 72174 77893 ] - [ 129020 ]
[ 72174 77893 ] - [ 129021 ]
[ 72177 72183 ] - [ 129022 ]
[ 72186 73148 ] - [ 98189 ]
[ 72224 72225 ] - [ 92479 ]
[ 72224 72225 ] - [ 97215 ]
[ 72229 72612 ] - [ 96927 ]
[ 72245 79975 82365 ] - [ 112689 ]
[ 72260 81369 ] - [ 115198 ]
[ 72269 72381 ] - [ 90316 ]
[ 72269 72381 ] - [ 107930 ]
[ 72273 89037 ] - [ 129052 ]
[ 72292 72293 82704 ] - [ 115306 ]
[ 72292 72293 82704 ] - [ 122549 ]
[ 72296 73348 ] - [ 129058 ]
[ 72310 77226 ] - [ 113020 ]
[ 72310 77226 ] - [ 122178 ]
[ 72323 72345 ] - [ 129069 ]
[ 72337 87864 ] - [ 129071 ]
[ 72339 84740 ] - [ 102283 ]
[ 72339 84740 ] - [ 129073 129074 129075 ]
[ 72341 82998 87184 ] - [ 129076 ]
[ 72367 72887 ] - [ 125719 ]
[ 72367 72887 ] - [ 129083 ]
[ 72375 87214 ] - [ 129089 ]
[ 72377 72380 ] - [ 90316 ]
[ 72377 72380 ] - [ 93443 ]
[ 72407 72408 ] - [ 92627 ]
[ 72407 72408 ] - [ 129102 ]
[ 72410 80022 ] - [ 101565 ]
[ 72410 80022 ] - [ 112257 ]
[ 72410 80022 ] - [ 115226 ]
[ 72423 80800 ] - [ 98567 ]
[ 72423 80800 ] - [ 109737 ]
[ 72455 72711 72728 ] - [ 129120 ]
[ 72466 87739 ] - [ 129125 ]
[ 72473 75185 ] - [ 94532 ]
[ 72598 80529 ] - [ 129158 ]
[ 72717 72821 ] - [ 90819 ]
[ 72717 72821 ] - [ 129206 ]
[ 72727 86891 ] - [ 114752 ]
[ 72759 80302 ] - [ 124786 ]
[ 72769 72771 72773 ] - [ 129224 ]
[ 72797 77328 ] - [ 105521 ]
[ 72799 83591 ] - [ 129236 ]
[ 72810 87773 ] - [ 115084 ]
[ 72810 87773 ] - [ 115092 ]
[ 72861 ] - [ 129271 ]
[ 72924 74814 ] - [ 113315 ]
[ 72924 74814 ] - [ 127712 ]
[ 72945 72955 ] - [ 129305 ]
[ 72974 79745 83963 ] - [ 109530 ]
[ 72974 79745 83963 ] - [ 117313 ]
[ 72974 79745 83963 ] - [ 125882 ]
[ 72989 73014 ] - [ 93221 ]
[ 73022 84448 ] - [ 110695 ]
[ 73045 73048 ] - [ 104168 ]
[ 73045 73048 ] - [ 109921 ]
[ 73045 73048 ] - [ 123559 ]
[ 73144 73145 ] - [ 92833 ]
[ 73144 73145 ] - [ 127128 ]
[ 73181 75189 ] - [ 97713 ]
[ 73184 88420 ] - [ 129375 ]
[ 73240 73241 ] - [ 94228 ]
[ 73240 73241 ] - [ 113979 ]
[ 73242 73243 ] - [ 98279 ]
[ 73242 73243 ] - [ 121747 ]
[ 73277 76330 ] - [ 91188 ]
[ 73277 76330 ] - [ 117347 ]
[ 73277 76330 ] - [ 119106 ]
[ 73312 86858 ] - [ 90450 ]
[ 73312 86858 ] - [ 126815 ]
[ 73312 86858 ] - [ 127467 ]
[ 73333 80015 ] - [ 114362 ]
[ 73333 80015 ] - [ 129424 ]
[ 73401 89331 ] - [ 93768 ]
[ 73401 89331 ] - [ 99620 ]
[ 73401 89331 ] - [ 113319 ]
[ 73428 85733 ] - [ 129462 ]
[ 73431 79035 82158 ] - [ 129463 ]
[ 73443 82384 82403 ] - [ 100870 ]
[ 73464 82698 ] - [ 115261 ]
[ 73473 85054 ] - [ 129475 ]
[ 73481 73482 73483 ] - [ 129478 ]
[ 73533 85782 86449 ] - [ 112014 ]
[ 73595 78916 84193 ] - [ 98777 ]
[ 73595 78916 84193 ] - [ 129153 ]
[ 73599 86370 ] - [ 129518 ]
[ 73606 79982 80542 ] - [ 107060 ]
[ 73620 75235 76397 ] - [ 129525 ]
[ 73652 73732 ] - [ 109144 ]
[ 73652 73732 ] - [ 109954 ]
[ 73660 88078 ] - [ 102105 ]
[ 73676 73678 73680 ] - [ 121844 129547 ]
[ 73679 73821 ] - [ 129550 ]
[ 73721 87327 ] - [ 129566 ]
[ 73729 75094 ] - [ 129569 ]
[ 73743 73747 73748 ] - [ 129574 129575 ]
[ 73771 75284 82687 ] - [ 113818 ]
[ 73771 75284 82687 ] - [ 122260 ]
[ 73798 81216 ] - [ 129595 ]
[ 73808 85239 ] - [ 129603 ]
[ 73816 73831 ] - [ 129607 ]
[ 73847 ] - [ 129627 ]
[ 73848 73980 ] - [ 114026 ]
[ 73848 73980 ] - [ 123682 ]
[ 73856 79494 ] - [ 129632 ]
[ 73914 74269 ] - [ 129661 ]
[ 73927 76691 ] - [ 129258 ]
[ 73927 76691 ] - [ 129665 ]
[ 73932 77189 ] - [ 98590 ]
[ 73932 77189 ] - [ 103845 ]
[ 73974 85123 ] - [ 129691 ]
[ 73983 86641 ] - [ 129700 ]
[ 74018 74478 ] - [ 89945 ]
[ 74018 74478 ] - [ 102146 ]
[ 74019 84727 ] - [ 129708 129709 129710 ]
[ 74061 85911 ] - [ 100410 ]
[ 74061 85911 ] - [ 129726 ]
[ 74064 74110 75017 ] - [ 92187 ]
[ 74078 74080 ] - [ 129732 ]
[ 74107 74108 ] - [ 129747 ]
[ 74143 84712 ] - [ 129762 ]
[ 74158 74188 ] - [ 99222 ]
[ 74158 74188 ] - [ 121011 ]
[ 74176 74194 ] - [ 121771 ]
[ 74183 88880 ] - [ 129774 ]
[ 74196 75603 ] - [ 129780 ]
[ 74197 75191 ] - [ 102759 ]
[ 74197 75191 ] - [ 119449 ]
[ 74201 76446 ] - [ 129783 ]
[ 74275 74481 ] - [ 102759 ]
[ 74275 74481 ] - [ 111147 ]
[ 74285 75205 75232 ] - [ 129818 ]
[ 74342 80733 ] - [ 91233 ]
[ 74342 80733 ] - [ 114752 ]
[ 74345 75566 ] - [ 129840 ]
[ 74356 74359 ] - [ 129846 ]
[ 74379 88314 ] - [ 113639 ]
[ 74379 88314 ] - [ 129856 ]
[ 74423 74426 ] - [ 129021 ]
[ 74450 75903 ] - [ 89913 ]
[ 74450 75903 ] - [ 104543 ]
[ 74475 74479 ] - [ 126113 ]
[ 74484 74492 ] - [ 117987 ]
[ 74484 74492 ] - [ 123565 ]
[ 74490 74988 85369 ] - [ 129899 ]
[ 74514 84634 ] - [ 129908 ]
[ 74527 74528 ] - [ 129912 ]
[ 74566 80648 ] - [ 129922 ]
[ 74605 77517 ] - [ 129797 ]
[ 74620 83951 85881 ] - [ 129933 ]
[ 74647 79009 ] - [ 129940 ]
[ 74648 74649 75122 ] - [ 129941 ]
[ 74679 75121 80314 ] - [ 129949 ]
[ 74687 74750 74966 ] - [ 129953 ]
[ 74695 75308 ] - [ 129957 ]
[ 74701 76484 81096 ] - [ 129959 ]
[ 74709 81193 ] - [ 129966 ]
[ 74713 74714 ] - [ 129969 ]
[ 74724 74869 ] - [ 129973 ]
[ 74759 76458 ] - [ 95149 ]
[ 74759 76458 ] - [ 97813 ]
[ 74759 76458 ] - [ 101889 ]
[ 74759 76458 ] - [ 118165 ]
[ 74786 75946 ] - [ 123860 ]
[ 74796 81591 ] - [ 130003 ]
[ 74798 80820 85960 ] - [ 89699 ]
[ 74806 86085 ] - [ 90156 ]
[ 74806 86085 ] - [ 92491 ]
[ 74806 86085 ] - [ 130008 ]
[ 74812 74813 ] - [ 93053 ]
[ 74815 74846 ] - [ 130012 ]
[ 74820 74823 74824 ] - [ 115941 ]
[ 74820 74823 74824 ] - [ 121705 ]
[ 74834 77593 ] - [ 130019 ]
[ 74849 86634 ] - [ 113328 ]
[ 74856 74875 ] - [ 130025 ]
[ 74870 74871 74873 ] - [ 130033 ]
[ 74877 74878 ] - [ 110130 ]
[ 74960 74962 ] - [ 130065 ]
[ 74973 85334 ] - [ 130070 ]
[ 74996 77258 ] - [ 102514 ]
[ 74996 77258 ] - [ 130078 ]
[ 75042 87813 ] - [ 130099 ]
[ 75058 83820 ] - [ 129042 ]
[ 75107 75108 ] - [ 111769 ]
[ 75107 75108 ] - [ 130127 ]
[ 75159 80436 ] - [ 130146 ]
[ 75174 79493 ] - [ 128293 ]
[ 75174 79493 ] - [ 130157 ]
[ 75177 81245 ] - [ 97813 ]
[ 75177 81245 ] - [ 118165 ]
[ 75194 75195 ] - [ 130162 ]
[ 75204 75224 ] - [ 130165 130166 ]
[ 75207 75223 76442 ] - [ 130168 ]
[ 75212 76264 ] - [ 129975 ]
[ 75226 75233 75248 ] - [ 129510 ]
[ 75237 75254 76334 ] - [ 130180 ]
[ 75283 89199 89293 ] - [ 130192 ]
[ 75293 81165 ] - [ 130195 ]
[ 75322 76582 ] - [ 93020 ]
[ 75355 76290 ] - [ 130216 ]
[ 75367 79321 ] - [ 130218 ]
[ 75449 75473 ] - [ 97702 ]
[ 75449 75473 ] - [ 102312 ]
[ 75519 87346 ] - [ 123778 ]
[ 75519 87346 ] - [ 129698 ]
[ 75536 81864 ] - [ 125281 ]
[ 75605 76038 80138 ] - [ 130299 ]
[ 75624 81207 ] - [ 124114 ]
[ 75624 81207 ] - [ 124115 ]
[ 75634 75635 ] - [ 130317 ]
[ 75624 81207 ] - [ 130309 130310 ]
[ 75666 75679 ] - [ 130328 ]
[ 75675 75682 ] - [ 130335 130336 ]
[ 75803 76068 ] - [ 130402 ]
[ 75829 78790 81636 ] - [ 114437 ]
[ 75836 75871 76011 ] - [ 106293 ]
[ 75841 81885 85947 ] - [ 130417 ]
[ 75865 78079 ] - [ 119233 ]
[ 75865 78079 ] - [ 127375 ]
[ 75919 82374 82703 ] - [ 130446 ]
[ 75949 76548 80414 ] - [ 130454 ]
[ 75975 75993 ] - [ 130467 ]
[ 76040 87545 ] - [ 130497 ]
[ 76108 84879 ] - [ 130522 ]
[ 76130 79998 84604 ] - [ 93768 ]
[ 76130 79998 84604 ] - [ 127710 ]
[ 76140 76384 ] - [ 130534 ]
[ 76154 87091 87092 ] - [ 130538 ]
[ 76191 82516 ] - [ 130557 ]
[ 76197 ] - [ 94971 ]
[ 76197 76198 ] - [ 98900 ]
[ 76197 76198 ] - [ 114530 114531 114532 ]
[ 76197 76198 ] - [ 114530 114531 114533 ]
[ 76197 76198 ] - [ 114530 114532 114533 ]
[ 76197 76198 ] - [ 114531 114532 114533 ]
[ 76231 81852 ] - [ 130572 ]
[ 76248 77061 ] - [ 130576 ]
[ 76280 81475 ] - [ 130583 ]
[ 76316 85632 ] - [ 95726 ]
[ 76336 86499 ] - [ 130596 ]
[ 76390 76391 76395 ] - [ 118743 ]
[ 76406 76627 ] - [ 130625 130626 ]
[ 76458 ] - [ 130101 ]
[ 76467 88915 ] - [ 130641 ]
[ 76480 83174 ] - [ 130648 ]
[ 76486 79118 80933 ] - [ 96391 ]
[ 76517 83141 ] - [ 130660 ]
[ 76537 83713 ] - [ 130668 ]
[ 76539 76542 ] - [ 130669 ]
[ 76564 77925 ] - [ 114540 ]
[ 76564 77925 ] - [ 127487 ]
[ 76593 87103 87268 ] - [ 101454 ]
[ 76599 79413 79647 ] - [ 130686 ]
[ 76612 81145 82616 ] - [ 130694 ]
[ 76616 80204 83890 ] - [ 101221 ]
[ 76646 76648 ] - [ 108924 ]
[ 76646 76648 ] - [ 130702 ]
[ 76699 82913 ] - [ 107892 ]
[ 76699 82913 ] - [ 113231 ]
[ 76714 87828 ] - [ 130738 ]
[ 76734 76762 ] - [ 94800 94801 ]
[ 76764 81872 ] - [ 105493 ]
[ 76764 81872 ] - [ 113308 ]
[ 76774 76775 76776 ] - [ 130761 ]
[ 76844 79961 ] - [ 91153 ]
[ 76844 79961 ] - [ 111299 ]
[ 76849 78378 ] - [ 99622 ]
[ 76849 78378 ] - [ 101221 ]
[ 76851 80559 ] - [ 94092 ]
[ 76851 80559 ] - [ 96152 ]
[ 76851 80559 ] - [ 96153 ]
[ 76863 89070 ] - [ 108815 ]
[ 76863 89070 ] - [ 119591 ]
[ 76881 82795 ] - [ 130812 ]
[ 76894 89216 ] - [ 130817 ]
[ 76935 77880 ] - [ 130830 ]
[ 76939 86275 ] - [ 130832 ]
[ 76950 79289 84558 ] - [ 130833 ]
[ 76996 80677 ] - [ 91040 ]
[ 77079 77080 ] - [ 130881 130882 ]
[ 77103 83667 ] - [ 130894 ]
[ 77139 79416 84500 ] - [ 90760 ]
[ 77148 78653 80252 ] - [ 91846 ]
[ 77148 78653 80252 ] - [ 107735 ]
[ 77182 82343 ] - [ 130928 ]
[ 77184 77976 ] - [ 130929 ]
[ 77199 87896 88033 ] - [ 103791 ]
[ 77199 87896 88033 ] - [ 130940 ]
[ 77217 77225 83696 ] - [ 130948 ]
[ 77230 77231 77233 ] - [ 95635 ]
[ 77230 77231 77233 ] - [ 98087 ]
[ 77239 77248 ] - [ 94506 ]
[ 77242 89023 ] - [ 123682 ]
[ 77265 77267 ] - [ 98087 ]
[ 77265 77267 ] - [ 129728 ]
[ 77282 82975 88118 ] - [ 130968 ]
[ 77315 77373 ] - [ 130984 ]
[ 77326 77327 85186 ] - [ 130987 ]
[ 77350 79419 83719 ] - [ 130996 ]
[ 77357 83765 ] - [ 131000 ]
[ 77406 77407 ] - [ 110960 ]
[ 77406 77407 ] - [ 111059 ]
[ 77406 77407 ] - [ 129209 ]
[ 77422 82576 ] - [ 131025 ]
[ 77447 77483 77607 ] - [ 99372 ]
[ 77447 77483 77607 ] - [ 129620 ]
[ 77456 80247 ] - [ 131032 ]
[ 77472 77473 86313 ] - [ 131038 ]
[ 77480 79471 ] - [ 109492 ]
[ 77480 79471 ] - [ 109493 109494 109495 ]
[ 77480 79471 ] - [ 110910 ]
[ 77499 77503 ] - [ 95643 ]
[ 77499 77503 ] - [ 102099 ]
[ 77499 77503 ] - [ 131041 ]
[ 77531 85480 ] - [ 131061 ]
[ 77560 77574 79187 ] - [ 131068 ]
[ 77691 85087 ] - [ 107207 ]
[ 77691 85087 ] - [ 131125 ]
[ 77695 81085 87628 ] - [ 131126 ]
[ 77719 81414 ] - [ 99622 ]
[ 77719 81414 ] - [ 101221 ]
[ 77719 81414 ] - [ 116778 ]
[ 77785 86327 ] - [ 131163 ]
[ 77791 79300 ] - [ 104170 ]
[ 77805 77858 ] - [ 120380 ]
[ 77830 81317 ] - [ 129571 ]
[ 77830 81317 ] - [ 131181 ]
[ 77846 78222 80651 ] - [ 97123 ]
[ 77866 80849 ] - [ 115313 ]
[ 77866 80849 ] - [ 131199 ]
[ 77867 77984 ] - [ 100301 ]
[ 77867 77984 ] - [ 104068 ]
[ 77868 83346 ] - [ 131200 ]
[ 78011 80846 84052 ] - [ 109862 ]
[ 78032 85967 ] - [ 107892 ]
[ 78032 85967 ] - [ 115791 ]
[ 78058 82573 ] - [ 105268 ]
[ 78058 82573 ] - [ 121567 ]
[ 78080 81984 ] - [ 93286 ]
[ 78105 78109 ] - [ 131277 ]
[ 78138 88215 88320 ] - [ 105579 ]
[ 78138 88215 88320 ] - [ 131291 ]
[ 78151 83722 ] - [ 131295 ]
[ 78170 78866 ] - [ 120573 ]
[ 78170 78866 ] - [ 126247 ]
[ 78175 78177 78888 ] - [ 131308 131309 ]
[ 78178 78179 ] - [ 104384 ]
[ 78183 78184 ] - [ 99223 ]
[ 78183 78184 ] - [ 126413 ]
[ 78188 85905 86082 ] - [ 131312 ]
[ 78196 79501 ] - [ 119038 ]
[ 78196 79501 ] - [ 120992 ]
[ 78203 81068 ] - [ 131314 ]
[ 78221 80754 85621 ] - [ 96098 ]
[ 78221 80754 85621 ] - [ 97813 ]
[ 78221 80754 85621 ] - [ 107735 ]
[ 78235 78238 ] - [ 114493 ]
[ 78235 78238 ] - [ 128302 ]
[ 78240 78392 ] - [ 131324 ]
[ 78275 86991 ] - [ 131341 ]
[ 78282 86695 ] - [ 119110 ]
[ 78309 79258 ] - [ 106532 ]
[ 78309 79258 ] - [ 128459 ]
[ 78338 78340 ] - [ 131371 ]
[ 78348 83634 89224 ] - [ 108589 ]
[ 78348 83634 89224 ] - [ 114959 ]
[ 78355 81062 ] - [ 99708 ]
[ 78369 79741 ] - [ 97305 ]
[ 78376 82154 ] - [ 131386 ]
[ 78436 78440 ] - [ 131406 ]
[ 78467 78498 ] - [ 131423 ]
[ 78505 78586 ] - [ 123872 ]
[ 78505 78586 ] - [ 124691 ]
[ 78541 89005 ] - [ 124125 ]
[ 78567 78570 ] - [ 131458 ]
[ 78572 82065 ] - [ 131358 ]
[ 78598 78600 78601 ] - [ 131471 ]
[ 78625 81848 ] - [ 131479 ]
[ 78699 78703 ] - [ 99115 ]
[ 78704 78855 79235 ] - [ 131493 ]
[ 78716 78719 ] - [ 113047 ]
[ 78716 78719 ] - [ 131496 ]
[ 78720 79443 ] - [ 104494 ]
[ 78720 79443 ] - [ 131061 ]
[ 78757 78758 83097 ] - [ 131503 ]
[ 78760 82670 ] - [ 103521 ]
[ 78766 79163 ] - [ 93663 ]
[ 78768 78815 78817 ] - [ 92659 ]
[ 78768 78815 78817 ] - [ 115961 ]
[ 78785 78857 ] - [ 105479 ]
[ 78789 83309 ] - [ 113950 ]
[ 78792 87995 ] - [ 131513 ]
[ 78829 78847 ] - [ 107994 ]
[ 78829 78847 ] - [ 110551 ]
[ 78835 78901 78902 ] - [ 131522 ]
[ 78887 85764 ] - [ 131540 ]
[ 78894 79295 ] - [ 104886 ]
[ 78935 80819 86103 ] - [ 131558 ]
[ 78938 78940 ] - [ 131560 ]
[ 78968 78969 78970 ] - [ 131568 ]
[ 78975 79046 ] - [ 131572 ]
[ 78995 84716 ] - [ 98605 ]
[ 79011 79012 ] - [ 128144 ]
[ 79086 87691 ] - [ 131607 ]
[ 79093 79121 ] - [ 93905 ]
[ 79093 79121 ] - [ 131610 ]
[ 79130 81446 87054 ] - [ 130920 ]
[ 79130 81446 87054 ] - [ 131621 ]
[ 79141 85710 ] - [ 93282 ]
[ 79179 81960 ] - [ 104378 ]
[ 79179 81960 ] - [ 107892 ]
[ 79219 82191 ] - [ 105671 ]
[ 79219 82191 ] - [ 126425 ]
[ 79219 82191 ] - [ 130579 ]
[ 79250 79397 ] - [ 107566 ]
[ 79250 79397 ] - [ 117660 ]
[ 79250 79397 ] - [ 131665 ]
[ 79266 87683 ] - [ 114121 ]
[ 79266 87683 ] - [ 114122 ]
[ 79279 82349 ] - [ 98762 ]
[ 79279 82349 ] - [ 107532 ]
[ 79320 79701 ] - [ 95133 ]
[ 79326 88405 ] - [ 131686 ]
[ 79335 79339 88681 ] - [ 131687 ]
[ 79344 87621 ] - [ 97444 ]
[ 79344 87621 ] - [ 131695 ]
[ 79353 80150 83014 ] - [ 131699 ]
[ 79389 81698 ] - [ 131711 ]
[ 79420 85072 ] - [ 118376 ]
[ 79420 85072 ] - [ 131719 ]
[ 79428 79429 ] - [ 96894 ]
[ 79428 79429 ] - [ 131722 ]
[ 79462 82051 ] - [ 106719 ]
[ 79482 79717 ] - [ 122702 ]
[ 79482 79717 ] - [ 131743 ]
[ 79526 82106 ] - [ 131759 ]
[ 79546 84775 ] - [ 131767 ]
[ 79550 80425 ] - [ 131768 ]
[ 79625 79626 ] - [ 131803 ]
[ 79640 80340 ] - [ 113519 ]
[ 79640 80340 ] - [ 130698 ]
[ 79643 79711 ] - [ 97382 ]
[ 79643 79711 ] - [ 124425 ]
[ 79657 80165 ] - [ 107654 ]
[ 79657 80165 ] - [ 130579 ]
[ 79705 87274 ] - [ 129314 ]
[ 79709 80065 ] - [ 131830 ]
[ 79746 86875 ] - [ 114612 ]
[ 79774 79868 ] - [ 128619 ]
[ 79775 79908 ] - [ 131856 ]
[ 79780 85331 86587 ] - [ 107656 ]
[ 79780 85331 86587 ] - [ 115130 ]
[ 79803 79805 82344 ] - [ 104682 ]
[ 79803 79805 82344 ] - [ 113143 ]
[ 79842 79843 ] - [ 113164 ]
[ 79842 79843 ] - [ 131876 ]
[ 79855 82743 ] - [ 131878 ]
[ 79861 79862 79863 ] - [ 131884 ]
[ 79880 79881 ] - [ 131901 ]
[ 79894 85830 88297 ] - [ 131912 ]
[ 79902 81879 81893 ] - [ 131914 ]
[ 79925 79988 ] - [ 111055 ]
[ 79925 79988 ] - [ 131926 ]
[ 79926 79941 80916 ] - [ 131927 ]
[ 79978 88942 ] - [ 131950 ]
[ 79985 81747 85020 ] - [ 102055 ]
[ 79985 81747 85020 ] - [ 105296 105297 ]
[ 79993 81845 81846 ] - [ 131956 ]
[ 79999 80000 80001 ] - [ 128158 ]
[ 79999 80000 80001 ] - [ 131959 ]
[ 80023 80024 ] - [ 89625 ]
[ 80023 80024 ] - [ 126936 ]
[ 80023 80024 ] - [ 131969 131970 ]
[ 80031 88898 ] - [ 114121 ]
[ 80031 88898 ] - [ 124439 ]
[ 80032 80066 ] - [ 131973 ]
[ 80063 84082 ] - [ 109607 ]
[ 80100 81673 ] - [ 101974 ]
[ 80169 81592 ] - [ 119449 ]
[ 80169 81592 ] - [ 123565 ]
[ 80250 81837 ] - [ 106077 ]
[ 80250 81837 ] - [ 123718 ]
[ 80250 81837 ] - [ 132065 ]
[ 80274 80361 ] - [ 132069 ]
[ 80281 83931 ] - [ 132074 ]
[ 80300 86047 86302 ] - [ 132080 ]
[ 80316 85151 ] - [ 128634 ]
[ 80365 81286 87536 ] - [ 102485 ]
[ 80365 81286 87536 ] - [ 132101 ]
[ 80380 80391 ] - [ 99892 ]
[ 80380 80391 ] - [ 132109 ]
[ 80406 87985 ] - [ 110514 ]
[ 80415 80719 ] - [ 132118 ]
[ 80451 83356 ] - [ 132147 ]
[ 80558 87729 ] - [ 132088 ]
[ 80614 80616 ] - [ 132193 ]
[ 80625 81520 ] - [ 132202 ]
[ 80635 87155 ] - [ 112723 ]
[ 80696 80697 80698 ] - [ 132230 ]
[ 80710 83002 86442 ] - [ 132233 ]
[ 80711 81132 85931 ] - [ 109981 ]
[ 80734 80735 ] - [ 132241 ]
[ 80743 80779 ] - [ 131662 ]
[ 80752 ] - [ 132247 ]
[ 80839 88784 ] - [ 132277 ]
[ 80851 84022 ] - [ 132284 ]
[ 80857 80890 ] - [ 132285 ]
[ 80908 83119 ] - [ 132292 ]
[ 80911 80913 ] - [ 118552 ]
[ 80932 87062 ] - [ 107306 ]
[ 80937 84625 ] - [ 132299 ]
[ 80945 84472 ] - [ 95395 ]
[ 80945 84472 ] - [ 101125 ]
[ 81020 81040 81466 ] - [ 132325 ]
[ 81023 88133 ] - [ 106425 ]
[ 81023 88133 ] - [ 132326 ]
[ 81026 85719 ] - [ 132328 ]
[ 81032 82444 ] - [ 124644 ]
[ 81037 81042 ] - [ 119006 ]
[ 81037 81042 ] - [ 132332 ]
[ 81058 84147 ] - [ 123906 ]
[ 81058 84147 ] - [ 132334 ]
[ 81059 81156 85342 ] - [ 132335 ]
[ 81079 87029 ] - [ 132341 ]
[ 81176 87903 ] - [ 132369 ]
[ 81205 87612 87778 ] - [ 130548 ]
[ 81218 82899 ] - [ 90513 ]
[ 81218 82899 ] - [ 91651 ]
[ 81218 82899 ] - [ 111668 ]
[ 81247 88007 ] - [ 132389 ]
[ 81322 81323 ] - [ 132417 ]
[ 81355 84873 ] - [ 95257 95588 ]
[ 81355 84873 ] - [ 95590 ]
[ 81355 84873 ] - [ 132433 ]
[ 81382 85759 ] - [ 93878 ]
[ 81399 82095 ] - [ 132450 ]
[ 81453 84887 ] - [ 90602 ]
[ 81453 84887 ] - [ 90855 ]
[ 81453 84887 ] - [ 90856 ]
[ 81453 84887 ] - [ 99792 ]
[ 81491 83782 ] - [ 132498 ]
[ 81499 84140 ] - [ 95981 ]
[ 81499 84140 ] - [ 96797 ]
[ 81566 88105 ] - [ 132522 ]
[ 81569 81701 ] - [ 91153 ]
[ 81569 81701 ] - [ 96151 ]
[ 81640 84241 ] - [ 100273 ]
[ 81645 86706 87051 ] - [ 132552 ]
[ 81665 83363 ] - [ 103740 ]
[ 81665 83363 ] - [ 132065 ]
[ 81670 81730 ] - [ 132563 ]
[ 81683 82390 ] - [ 132568 ]
[ 81709 87489 ] - [ 132577 ]
[ 81719 84944 ] - [ 132585 ]
[ 81726 83695 ] - [ 89883 ]
[ 81815 81816 81818 ] - [ 97764 ]
[ 81815 81816 81818 ] - [ 118993 ]
[ 81815 81816 81818 ] - [ 129254 ]
[ 81902 88256 ] - [ 131765 ]
[ 81902 88256 ] - [ 131996 ]
[ 81909 86975 88885 ] - [ 111024 ]
[ 81909 86975 88885 ] - [ 130724 ]
[ 81981 86661 ] - [ 103522 ]
[ 81981 86661 ] - [ 110583 ]
[ 82030 85758 ] - [ 108125 ]
[ 82038 85292 85310 ] - [ 121313 ]
[ 82074 83292 83577 ] - [ 132695 ]
[ 82160 83793 ] - [ 132727 ]
[ 82262 88777 ] - [ 96219 ]
[ 82276 82955 ] - [ 91313 ]
[ 82276 82955 ] - [ 130013 ]
[ 82286 82615 ] - [ 89383 ]
[ 82286 82615 ] - [ 132771 ]
[ 82287 85149 ] - [ 132772 ]
[ 82289 82290 ] - [ 132774 ]
[ 82294 82950 ] - [ 132776 ]
[ 82318 83550 84521 ] - [ 132784 ]
[ 82338 89066 ] - [ 97731 ]
[ 82338 89066 ] - [ 105620 ]
[ 82389 82392 83191 ] - [ 132801 ]
[ 82399 82524 ] - [ 132803 ]
[ 82426 82429 ] - [ 119144 ]
[ 82426 82429 ] - [ 132815 ]
[ 82458 82536 82570 ] - [ 132823 ]
[ 82493 87110 ] - [ 100512 ]
[ 82523 82563 ] - [ 132848 ]
[ 82556 82588 ] - [ 132863 ]
[ 82568 82579 ] - [ 132876 ]
[ 82634 84133 ] - [ 132902 ]
[ 82646 88937 ] - [ 98777 ]
[ 82646 88937 ] - [ 106643 ]
[ 82647 82747 ] - [ 132907 ]
[ 82651 82652 ] - [ 91459 ]
[ 82764 87239 ] - [ 119122 ]
[ 82776 82836 ] - [ 132954 ]
[ 82791 82794 ] - [ 129403 ]
[ 82791 82794 ] - [ 132958 ]
[ 82840 84703 ] - [ 95270 ]
[ 82876 82878 ] - [ 132991 ]
[ 82908 84695 ] - [ 116273 ]
[ 82908 84695 ] - [ 132995 ]
[ 82944 82945 ] - [ 121131 ]
[ 82944 82945 ] - [ 121566 ]
[ 82964 84713 ] - [ 102200 ]
[ 82964 84713 ] - [ 128445 ]
[ 82967 82986 ] - [ 133021 ]
[ 82971 84907 85859 ] - [ 132459 ]
[ 82977 83595 ] - [ 107501 ]
[ 82982 86284 ] - [ 93514 ]
[ 82982 86284 ] - [ 99680 ]
[ 83060 85016 ] - [ 132065 ]
[ 83060 85016 ] - [ 133044 ]
[ 83064 84680 ] - [ 101604 101605 ]
[ 83096 84776 ] - [ 133074 ]
[ 83106 83140 ] - [ 104270 ]
[ 83106 83140 ] - [ 133080 ]
[ 83117 84236 ] - [ 133087 ]
[ 83252 83279 ] - [ 117230 117231 ]
[ 83273 83385 ] - [ 133182 ]
[ 83315 84618 ] - [ 133204 ]
[ 83340 88271 ] - [ 103521 ]
[ 83340 88271 ] - [ 110315 ]
[ 83361 85978 ] - [ 133211 ]
[ 83381 83436 ] - [ 133215 ]
[ 83435 84220 ] - [ 102200 ]
[ 83435 84220 ] - [ 118541 ]
[ 83437 83603 ] - [ 133237 ]
[ 83473 85024 ] - [ 91840 ]
[ 83484 88723 ] - [ 125008 ]
[ 83553 83555 ] - [ 133285 ]
[ 83570 86754 ] - [ 105673 ]
[ 83592 83701 84226 ] - [ 101055 ]
[ 83592 83701 84226 ] - [ 129004 ]
[ 83599 85418 ] - [ 133306 ]
[ 83700 83712 ] - [ 95579 ]
[ 83700 83712 ] - [ 133350 ]
[ 83807 83809 ] - [ 133410 133411 ]
[ 83833 84216 ] - [ 133431 ]
[ 83859 89260 ] - [ 133436 ]
[ 83848 ] - [ 130324 ]
[ 83887 84770 ] - [ 112513 ]
[ 83886 84323 ] - [ 91738 ]
[ 83887 84770 ] - [ 113077 ]
[ 83886 84323 ] - [ 120650 ]
[ 83886 84323 ] - [ 133453 ]
[ 83985 83986 ] - [ 120728 ]
[ 83985 83986 ] - [ 124291 ]
[ 84028 88833 ] - [ 133524 ]
[ 84031 84047 ] - [ 133523 ]
[ 84060 84817 84972 ] - [ 113055 ]
[ 84063 86810 ] - [ 133526 ]
[ 84070 88474 ] - [ 118294 ]
[ 84070 88474 ] - [ 124514 ]
[ 84094 86095 ] - [ 100718 ]
[ 84094 86095 ] - [ 112996 ]
[ 84109 84328 ] - [ 105833 ]
[ 84123 86816 ] - [ 120242 ]
[ 84123 86816 ] - [ 133559 ]
[ 84191 84196 ] - [ 119910 ]
[ 84191 84196 ] - [ 133583 ]
[ 84232 84233 ] - [ 107323 ]
[ 84235 87120 ] - [ 133600 ]
[ 84259 84260 ] - [ 133609 ]
[ 84266 84311 ] - [ 108597 ]
[ 84266 84311 ] - [ 119910 ]
[ 84273 85348 ] - [ 95901 ]
[ 84273 85348 ] - [ 115428 ]
[ 84344 84934 ] - [ 102551 ]
[ 84348 85824 ] - [ 133641 ]
[ 84365 84611 ] - [ 95793 ]
[ 84444 85301 ] - [ 130527 ]
[ 84454 84893 ] - [ 95492 ]
[ 84516 84523 ] - [ 105987 ]
[ 84542 85127 86590 ] - [ 101698 ]
[ 84542 85127 86590 ] - [ 133662 ]
[ 84564 87525 ] - [ 111435 ]
[ 84614 85064 ] - [ 133739 ]
[ 84637 84785 86215 ] - [ 96233 ]
[ 84637 84785 86215 ] - [ 131824 ]
[ 84681 87501 ] - [ 98365 ]
[ 84681 87501 ] - [ 123865 ]
[ 84681 87501 ] - [ 130442 ]
[ 84682 86039 ] - [ 126730 ]
[ 84682 86039 ] - [ 133760 ]
[ 84689 84708 ] - [ 133765 ]
[ 84700 87254 ] - [ 133767 133768 133769 ]
[ 84734 87088 ] - [ 89744 ]
[ 84735 84736 ] - [ 95184 ]
[ 84780 84782 ] - [ 90632 ]
[ 84780 84782 ] - [ 95928 ]
[ 84780 84782 ] - [ 110877 ]
[ 84780 84782 ] - [ 127758 ]
[ 84780 84782 ] - [ 127759 ]
[ 84780 84782 ] - [ 127760 ]
[ 84780 84782 ] - [ 133794 ]
[ 84799 89349 ] - [ 133798 ]
[ 84805 84806 ] - [ 121464 ]
[ 84805 84806 ] - [ 128048 ]
[ 84812 86823 ] - [ 133802 ]
[ 84823 84842 84913 ] - [ 133805 ]
[ 84896 86311 ] - [ 90536 ]
[ 84896 86311 ] - [ 95918 ]
[ 84896 86311 ] - [ 100209 ]
[ 84896 86311 ] - [ 112505 ]
[ 84896 ] - [ 118575 ]
[ 84901 89341 89354 ] - [ 133826 ]
[ 84915 87534 ] - [ 133829 ]
[ 84958 86129 ] - [ 123382 ]
[ 84958 86129 ] - [ 133843 133844 133845 ]
[ 85055 85076 86599 ] - [ 133889 ]
[ 85063 ] - [ 92835 ]
[ 85147 85148 ] - [ 96797 ]
[ 85147 85148 ] - [ 130185 ]
[ 85167 89031 ] - [ 133928 ]
[ 85182 85243 ] - [ 133933 ]
[ 85322 85924 ] - [ 90156 ]
[ 85322 85924 ] - [ 123100 ]
[ 85350 89124 ] - [ 133997 ]
[ 85390 86703 86760 ] - [ 99787 ]
[ 85390 86703 86760 ] - [ 108925 ]
[ 85390 86703 86760 ] - [ 122842 ]
[ 85401 87342 ] - [ 134019 ]
[ 85412 85898 86822 ] - [ 134026 ]
[ 85457 85459 ] - [ 134043 ]
[ 85467 88116 88941 ] - [ 134046 ]
[ 85472 88453 ] - [ 94927 ]
[ 85472 88453 ] - [ 108878 ]
[ 85485 86404 87267 ] - [ 95149 ]
[ 85485 86404 87267 ] - [ 108099 ]
[ 85485 86404 87267 ] - [ 118165 ]
[ 85535 85581 ] - [ 134063 ]
[ 85536 86889 ] - [ 134064 134065 ]
[ 85610 88243 ] - [ 91964 ]
[ 85610 ] - [ 91965 ]
[ 85610 88243 ] - [ 96277 ]
[ 85610 88243 ] - [ 98762 ]
[ 85613 85614 ] - [ 134094 134095 ]
[ 85610 88243 ] - [ 107560 ]
[ 85610 88243 ] - [ 107602 ]
[ 85641 85642 ] - [ 105475 ]
[ 85641 85642 ] - [ 134102 134103 ]
[ 85735 85906 ] - [ 134143 ]
[ 85808 85809 85812 ] - [ 96376 ]
[ 85808 85809 85812 ] - [ 104166 ]
[ 85872 85873 ] - [ 130696 ]
[ 85899 85900 ] - [ 134236 134237 ]
[ 85912 87045 ] - [ 107350 ]
[ 85979 85980 ] - [ 96641 ]
[ 85983 86031 86482 ] - [ 95485 ]
[ 85983 86031 86482 ] - [ 120958 ]
[ 86044 89113 ] - [ 134038 ]
[ 86044 89113 ] - [ 134273 ]
[ 86050 86239 88963 ] - [ 129885 ]
[ 86063 86064 ] - [ 129379 ]
[ 86068 86943 ] - [ 134283 ]
[ 86089 86100 ] - [ 134295 ]
[ 86096 86978 ] - [ 134298 ]
[ 86140 86141 86166 ] - [ 104239 ]
[ 86140 86141 86166 ] - [ 134308 ]
[ 86228 86299 86461 ] - [ 134330 ]
[ 86245 86622 ] - [ 134337 ]
[ 86278 87769 ] - [ 134350 ]
[ 86341 86468 ] - [ 134361 ]
[ 86448 88591 ] - [ 134395 ]
[ 86460 86511 ] - [ 134397 ]
[ 86577 88933 ] - [ 133676 ]
[ 86619 86648 ] - [ 91413 ]
[ 86619 86648 ] - [ 117060 ]
[ 86637 86766 ] - [ 134457 ]
[ 86654 86655 ] - [ 106484 ]
[ 86654 86655 ] - [ 108983 ]
[ 86687 87194 ] - [ 98201 ]
[ 86687 87194 ] - [ 107656 ]
[ 86707 87954 ] - [ 99593 ]
[ 86707 87954 ] - [ 129130 ]
[ 86720 88935 ] - [ 134478 ]
[ 86748 88882 ] - [ 134487 ]
[ 86758 87403 87984 ] - [ 114230 ]
[ 86764 86982 ] - [ 109420 ]
[ 86776 87488 88142 ] - [ 107019 ]
[ 86813 ] - [ 105480 ]
[ 86895 86899 ] - [ 134537 ]
[ 86900 87784 89222 ] - [ 134538 ]
[ 86934 87060 ] - [ 134547 ]
[ 86944 88031 88902 ] - [ 134550 ]
[ 86996 87016 ] - [ 123728 ]
[ 86999 87012 ] - [ 134568 ]
[ 87006 87008 ] - [ 134570 ]
[ 87023 87977 ] - [ 119978 ]
[ 87023 87977 ] - [ 134576 ]
[ 87084 87085 ] - [ 123248 ]
[ 87115 88726 ] - [ 134601 ]
[ 87128 88903 ] - [ 94444 ]
[ 87128 88903 ] - [ 100760 ]
[ 87128 88903 ] - [ 124696 124697 ]
[ 87218 87696 ] - [ 133772 ]
[ 87390 87393 ] - [ 91153 ]
[ 87390 87393 ] - [ 134703 ]
[ 87414 89337 ] - [ 134707 ]
[ 87458 88373 ] - [ 134728 ]
[ 87469 87470 ] - [ 118870 ]
[ 87469 87470 ] - [ 134734 ]
[ 87483 88325 ] - [ 92978 ]
[ 87535 89198 ] - [ 134761 ]
[ 87561 87728 ] - [ 134774 ]
[ 87602 87885 88727 ] - [ 101291 ]
[ 87660 87677 ] - [ 130227 ]
[ 87740 88766 ] - [ 133967 ]
[ 87815 88208 ] - [ 134712 ]
[ 87847 87848 ] - [ 134902 ]
[ 87867 87871 ] - [ 134915 ]
[ 87908 88060 ] - [ 134931 134932 ]
[ 88009 89174 ] - [ 134983 ]
[ 88168 88169 ] - [ 97444 ]
[ 88168 88169 ] - [ 132231 ]
[ 88199 88346 ] - [ 103791 ]
[ 88199 88346 ] - [ 106648 ]
[ 88231 88233 ] - [ 122356 ]
[ 88231 88233 ] - [ 135097 ]
[ 88280 89137 ] - [ 134760 134764 ]
[ 88280 89137 ] - [ 134781 ]
[ 88301 89314 ] - [ 135128 ]
[ 88330 88332 88344 ] - [ 135145 ]
[ 88413 88414 88456 ] - [ 124753 ]
[ 88419 88421 ] - [ 120785 ]
[ 88419 88421 ] - [ 135178 ]
[ 88495 88900 ] - [ 135212 ]
[ 88528 89250 ] - [ 97780 97781 ]
[ 88528 89250 ] - [ 104339 ]
[ 88528 89250 ] - [ 135232 135233 ]
[ 88536 88543 88547 ] - [ 135237 ]
[ 88549 88558 88750 ] - [ 135242 ]
[ 88599 88601 ] - [ 96637 ]
[ 88599 88601 ] - [ 135264 ]
[ 88724 88729 ] - [ 135299 ]
[ 88774 89098 ] - [ 128477 ]
[ 88774 89098 ] - [ 135319 ]
[ 88803 88869 ] - [ 135331 ]
[ 88854 89352 ] - [ 135355 ]
[ 88899 88916 ] - [ 98777 ]
[ 88899 88916 ] - [ 129152 ]
[ 88899 88916 ] - [ 129153 ]
[ 88899 ] - [ 135367 ]
[ 88899 88916 ] - [ 135374 ]
[ 88992 89332 ] - [ 135417 ]
[ 89190 89323 ] - [ 104121 ]
[ 89190 89323 ] - [ 135499 135500 ]
[ 89201 89202 89203 ] - [ 135508 ]
[ 89218 89225 ] - [ 135511 135512 ]
[ 89297 89304 89305 ] - [ 135544 ]
[ 89298 89300 ] - [ 114767 ]
